H,D,A,match_id
0.4342105263157895,0.23026315789473684,0.3355263157894737,E0_2022-23_CrystalPalace_Arsenal
0.4342105263157895,0.23026315789473684,0.3355263157894737,E0_2022-23_Bournemouth_AstonVilla
0.4342105263157895,0.23026315789473684,0.3355263157894737,E0_2022-23_Everton_Chelsea
0.4342105263157895,0.23026315789473684,0.3355263157894737,E0_2022-23_Fulham_Liverpool
0.4342105263157895,0.23026315789473684,0.3355263157894737,E0_2022-23_Leeds_Wolves
0.4342105263157895,0.23026315789473684,0.3355263157894737,E0_2022-23_Newcastle_Nott'mForest
0.4342105263157895,0.23026315789473684,0.3355263157894737,E0_2022-23_Tottenham_Southampton
0.4342105263157895,0.23026315789473684,0.3355263157894737,E0_2022-23_Leicester_Brentford
0.4342105263157895,0.23026315789473684,0.3355263157894737,E0_2022-23_ManUnited_Brighton
0.4342105263157895,0.23026315789473684,0.3355263157894737,E0_2022-23_WestHam_ManCity
0.4342105263157895,0.23026315789473684,0.3355263157894737,E0_2022-23_Arsenal_Leicester
0.4342105263157895,0.23026315789473684,0.3355263157894737,E0_2022-23_AstonVilla_Everton
0.4342105263157895,0.23026315789473684,0.3355263157894737,E0_2022-23_Brentford_ManUnited
0.4342105263157895,0.23026315789473684,0.3355263157894737,E0_2022-23_Brighton_Newcastle
0.4342105263157895,0.23026315789473684,0.3355263157894737,E0_2022-23_ManCity_Bournemouth
0.4342105263157895,0.23026315789473684,0.3355263157894737,E0_2022-23_Southampton_Leeds
0.4342105263157895,0.23026315789473684,0.3355263157894737,E0_2022-23_Wolves_Fulham
0.4342105263157895,0.23026315789473684,0.3355263157894737,E0_2022-23_Chelsea_Tottenham
0.4342105263157895,0.23026315789473684,0.3355263157894737,E0_2022-23_Nott'mForest_WestHam
0.4342105263157895,0.23026315789473684,0.3355263157894737,E0_2022-23_Liverpool_CrystalPalace
0.4342105263157895,0.23026315789473684,0.3355263157894737,E0_2022-23_Bournemouth_Arsenal
0.4342105263157895,0.23026315789473684,0.3355263157894737,E0_2022-23_CrystalPalace_AstonVilla
0.4342105263157895,0.23026315789473684,0.3355263157894737,E0_2022-23_Everton_Nott'mForest
0.4342105263157895,0.23026315789473684,0.3355263157894737,E0_2022-23_Fulham_Brentford
0.4342105263157895,0.23026315789473684,0.3355263157894737,E0_2022-23_Leicester_Southampton
0.4342105263157895,0.23026315789473684,0.3355263157894737,E0_2022-23_Tottenham_Wolves
0.4342105263157895,0.23026315789473684,0.3355263157894737,E0_2022-23_Leeds_Chelsea
0.4342105263157895,0.23026315789473684,0.3355263157894737,E0_2022-23_Newcastle_ManCity
0.4342105263157895,0.23026315789473684,0.3355263157894737,E0_2022-23_WestHam_Brighton
0.4342105263157895,0.23026315789473684,0.3355263157894737,E0_2022-23_ManUnited_Liverpool
0.4342105263157895,0.23026315789473684,0.3355263157894737,E0_2022-23_Arsenal_Fulham
0.4342105263157895,0.23026315789473684,0.3355263157894737,E0_2022-23_Brentford_Everton
0.4342105263157895,0.23026315789473684,0.3355263157894737,E0_2022-23_Brighton_Leeds
0.4342105263157895,0.23026315789473684,0.3355263157894737,E0_2022-23_Chelsea_Leicester
0.4342105263157895,0.23026315789473684,0.3355263157894737,E0_2022-23_Liverpool_Bournemouth
0.4342105263157895,0.23026315789473684,0.3355263157894737,E0_2022-23_ManCity_CrystalPalace
0.4342105263157895,0.23026315789473684,0.3355263157894737,E0_2022-23_Southampton_ManUnited
0.4342105263157895,0.23026315789473684,0.3355263157894737,E0_2022-23_AstonVilla_WestHam
0.4342105263157895,0.23026315789473684,0.3355263157894737,E0_2022-23_Nott'mForest_Tottenham
0.4342105263157895,0.23026315789473684,0.3355263157894737,E0_2022-23_Wolves_Newcastle
0.4342105263157895,0.23026315789473684,0.3355263157894737,E0_2022-23_CrystalPalace_Brentford
0.4342105263157895,0.23026315789473684,0.3355263157894737,E0_2022-23_Fulham_Brighton
0.4342105263157895,0.23026315789473684,0.3355263157894737,E0_2022-23_Leeds_Everton
0.4342105263157895,0.23026315789473684,0.3355263157894737,E0_2022-23_Southampton_Chelsea
0.4342105263157895,0.23026315789473684,0.3355263157894737,E0_2022-23_Arsenal_AstonVilla
0.4342105263157895,0.23026315789473684,0.3355263157894737,E0_2022-23_Bournemouth_Wolves
0.4342105263157895,0.23026315789473684,0.3355263157894737,E0_2022-23_Liverpool_Newcastle
0.4342105263157895,0.23026315789473684,0.3355263157894737,E0_2022-23_ManCity_Nott'mForest
0.4342105263157895,0.23026315789473684,0.3355263157894737,E0_2022-23_WestHam_Tottenham
0.4342105263157895,0.23026315789473684,0.3355263157894737,E0_2022-23_Leicester_ManUnited
0.4342105263157895,0.23026315789473684,0.3355263157894737,E0_2022-23_AstonVilla_ManCity
0.4342105263157895,0.23026315789473684,0.3355263157894737,E0_2022-23_Brentford_Leeds
0.4342105263157895,0.23026315789473684,0.3355263157894737,E0_2022-23_Chelsea_WestHam
0.4342105263157895,0.23026315789473684,0.3355263157894737,E0_2022-23_Everton_Liverpool
0.4342105263157895,0.23026315789473684,0.3355263157894737,E0_2022-23_Newcastle_CrystalPalace
0.4342105263157895,0.23026315789473684,0.3355263157894737,E0_2022-23_Nott'mForest_Bournemouth
0.4342105263157895,0.23026315789473684,0.3355263157894737,E0_2022-23_Tottenham_Fulham
0.4342105263157895,0.23026315789473684,0.3355263157894737,E0_2022-23_Wolves_Southampton
0.4342105263157895,0.23026315789473684,0.3355263157894737,E0_2022-23_Brighton_Leicester
0.4342105263157895,0.23026315789473684,0.3355263157894737,E0_2022-23_ManUnited_Arsenal
0.4342105263157895,0.23026315789473684,0.3355263157894737,E0_2022-23_AstonVilla_Southampton
0.4342105263157895,0.23026315789473684,0.3355263157894737,E0_2022-23_Nott'mForest_Fulham
0.4342105263157895,0.23026315789473684,0.3355263157894737,E0_2022-23_Newcastle_Bournemouth
0.4342105263157895,0.23026315789473684,0.3355263157894737,E0_2022-23_Tottenham_Leicester
0.4342105263157895,0.23026315789473684,0.3355263157894737,E0_2022-23_Wolves_ManCity
0.4342105263157895,0.23026315789473684,0.3355263157894737,E0_2022-23_Brentford_Arsenal
0.4342105263157895,0.23026315789473684,0.3355263157894737,E0_2022-23_Everton_WestHam
0.4342105263157895,0.23026315789473684,0.3355263157894737,E0_2022-23_Arsenal_Tottenham
0.4342105263157895,0.23026315789473684,0.3355263157894737,E0_2022-23_Bournemouth_Brentford
0.4342105263157895,0.23026315789473684,0.3355263157894737,E0_2022-23_CrystalPalace_Chelsea
0.4342105263157895,0.23026315789473684,0.3355263157894737,E0_2022-23_Fulham_Newcastle
0.4342105263157895,0.23026315789473684,0.3355263157894737,E0_2022-23_Liverpool_Brighton
0.4342105263157895,0.23026315789473684,0.3355263157894737,E0_2022-23_Southampton_Everton
0.4342105263157895,0.23026315789473684,0.3355263157894737,E0_2022-23_WestHam_Wolves
0.4342105263157895,0.23026315789473684,0.3355263157894737,E0_2022-23_Leeds_AstonVilla
0.4342105263157895,0.23026315789473684,0.3355263157894737,E0_2022-23_ManCity_ManUnited
0.4342105263157895,0.23026315789473684,0.3355263157894737,E0_2022-23_Leicester_Nott'mForest
0.4342105263157895,0.23026315789473684,0.3355263157894737,E0_2022-23_Bournemouth_Leicester
0.4342105263157895,0.23026315789473684,0.3355263157894737,E0_2022-23_Brighton_Tottenham
0.4342105263157895,0.23026315789473684,0.3355263157894737,E0_2022-23_Chelsea_Wolves
0.4342105263157895,0.23026315789473684,0.3355263157894737,E0_2022-23_ManCity_Southampton
0.4342105263157895,0.23026315789473684,0.3355263157894737,E0_2022-23_Newcastle_Brentford
0.4342105263157895,0.23026315789473684,0.3355263157894737,E0_2022-23_Arsenal_Liverpool
0.4342105263157895,0.23026315789473684,0.3355263157894737,E0_2022-23_CrystalPalace_Leeds
0.4342105263157895,0.23026315789473684,0.3355263157894737,E0_2022-23_Everton_ManUnited
0.4342105263157895,0.23026315789473684,0.3355263157894737,E0_2022-23_WestHam_Fulham
0.4342105263157895,0.23026315789473684,0.3355263157894737,E0_2022-23_Nott'mForest_AstonVilla
0.4342105263157895,0.23026315789473684,0.3355263157894737,E0_2022-23_Brentford_Brighton
0.4342105263157895,0.23026315789473684,0.3355263157894737,E0_2022-23_Fulham_Bournemouth
0.4342105263157895,0.23026315789473684,0.3355263157894737,E0_2022-23_Leicester_CrystalPalace
0.4342105263157895,0.23026315789473684,0.3355263157894737,E0_2022-23_Tottenham_Everton
0.4342105263157895,0.23026315789473684,0.3355263157894737,E0_2022-23_Wolves_Nott'mForest
0.4342105263157895,0.23026315789473684,0.3355263157894737,E0_2022-23_AstonVilla_Chelsea
0.4342105263157895,0.23026315789473684,0.3355263157894737,E0_2022-23_Leeds_Arsenal
0.4342105263157895,0.23026315789473684,0.3355263157894737,E0_2022-23_Liverpool_ManCity
0.4342105263157895,0.23026315789473684,0.3355263157894737,E0_2022-23_ManUnited_Newcastle
0.4342105263157895,0.23026315789473684,0.3355263157894737,E0_2022-23_Southampton_WestHam
0.4342105263157895,0.23026315789473684,0.3355263157894737,E0_2022-23_Brighton_Nott'mForest
0.4342105263157895,0.23026315789473684,0.3355263157894737,E0_2022-23_CrystalPalace_Wolves
0.4342105263157895,0.23026315789473684,0.3355263157894737,E0_2022-23_Bournemouth_Southampton
0.4342105263157895,0.23026315789473684,0.3355263157894737,E0_2022-23_Brentford_Chelsea
0.4342105263157895,0.23026315789473684,0.3355263157894737,E0_2022-23_Liverpool_WestHam
0.4342105263157895,0.23026315789473684,0.3355263157894737,E0_2022-23_ManUnited_Tottenham
0.4342105263157895,0.23026315789473684,0.3355263157894737,E0_2022-23_Newcastle_Everton
0.4342105263157895,0.23026315789473684,0.3355263157894737,E0_2022-23_Fulham_AstonVilla
0.4342105263157895,0.23026315789473684,0.3355263157894737,E0_2022-23_Leicester_Leeds
0.4342105263157895,0.23026315789473684,0.3355263157894737,E0_2022-23_Chelsea_ManUnited
0.4342105263157895,0.23026315789473684,0.3355263157894737,E0_2022-23_Everton_CrystalPalace
0.4342105263157895,0.23026315789473684,0.3355263157894737,E0_2022-23_ManCity_Brighton
0.4342105263157895,0.23026315789473684,0.3355263157894737,E0_2022-23_Nott'mForest_Liverpool
0.4342105263157895,0.23026315789473684,0.3355263157894737,E0_2022-23_AstonVilla_Brentford
0.4342105263157895,0.23026315789473684,0.3355263157894737,E0_2022-23_Leeds_Fulham
0.4342105263157895,0.23026315789473684,0.3355263157894737,E0_2022-23_Southampton_Arsenal
0.4342105263157895,0.23026315789473684,0.3355263157894737,E0_2022-23_Tottenham_Newcastle
0.4342105263157895,0.23026315789473684,0.3355263157894737,E0_2022-23_Wolves_Leicester
0.4342105263157895,0.23026315789473684,0.3355263157894737,E0_2022-23_WestHam_Bournemouth
0.4342105263157895,0.23026315789473684,0.3355263157894737,E0_2022-23_Bournemouth_Tottenham
0.4342105263157895,0.23026315789473684,0.3355263157894737,E0_2022-23_Brentford_Wolves
0.4342105263157895,0.23026315789473684,0.3355263157894737,E0_2022-23_Brighton_Chelsea
0.4342105263157895,0.23026315789473684,0.3355263157894737,E0_2022-23_CrystalPalace_Southampton
0.4342105263157895,0.23026315789473684,0.3355263157894737,E0_2022-23_Fulham_Everton
0.4342105263157895,0.23026315789473684,0.3355263157894737,E0_2022-23_Leicester_ManCity
0.4342105263157895,0.23026315789473684,0.3355263157894737,E0_2022-23_Liverpool_Leeds
0.4342105263157895,0.23026315789473684,0.3355263157894737,E0_2022-23_Newcastle_AstonVilla
0.4342105263157895,0.23026315789473684,0.3355263157894737,E0_2022-23_Arsenal_Nott'mForest
0.4342105263157895,0.23026315789473684,0.3355263157894737,E0_2022-23_ManUnited_WestHam
0.4342105263157895,0.23026315789473684,0.3355263157894737,E0_2022-23_Everton_Leicester
0.4342105263157895,0.23026315789473684,0.3355263157894737,E0_2022-23_Leeds_Bournemouth
0.4342105263157895,0.23026315789473684,0.3355263157894737,E0_2022-23_ManCity_Fulham
0.4342105263157895,0.23026315789473684,0.3355263157894737,E0_2022-23_Nott'mForest_Brentford
0.4342105263157895,0.23026315789473684,0.3355263157894737,E0_2022-23_Wolves_Brighton
0.4342105263157895,0.23026315789473684,0.3355263157894737,E0_2022-23_AstonVilla_ManUnited
0.4342105263157895,0.23026315789473684,0.3355263157894737,E0_2022-23_Chelsea_Arsenal
0.4342105263157895,0.23026315789473684,0.3355263157894737,E0_2022-23_Southampton_Newcastle
0.4342105263157895,0.23026315789473684,0.3355263157894737,E0_2022-23_Tottenham_Liverpool
0.4342105263157895,0.23026315789473684,0.3355263157894737,E0_2022-23_WestHam_CrystalPalace
0.4342105263157895,0.23026315789473684,0.3355263157894737,E0_2022-23_Bournemouth_Everton
0.4342105263157895,0.23026315789473684,0.3355263157894737,E0_2022-23_Liverpool_Southampton
0.4342105263157895,0.23026315789473684,0.3355263157894737,E0_2022-23_ManCity_Brentford
0.4342105263157895,0.23026315789473684,0.3355263157894737,E0_2022-23_Newcastle_Chelsea
0.4342105263157895,0.23026315789473684,0.3355263157894737,E0_2022-23_Nott'mForest_CrystalPalace
0.4342105263157895,0.23026315789473684,0.3355263157894737,E0_2022-23_Tottenham_Leeds
0.4342105263157895,0.23026315789473684,0.3355263157894737,E0_2022-23_WestHam_Leicester
0.4342105263157895,0.23026315789473684,0.3355263157894737,E0_2022-23_Wolves_Arsenal
0.4342105263157895,0.23026315789473684,0.3355263157894737,E0_2022-23_Brighton_AstonVilla
0.4342105263157895,0.23026315789473684,0.3355263157894737,E0_2022-23_Fulham_ManUnited
0.4342105263157895,0.23026315789473684,0.3355263157894737,E0_2022-23_Arsenal_WestHam
0.4342105263157895,0.23026315789473684,0.3355263157894737,E0_2022-23_AstonVilla_Liverpool
0.4342105263157895,0.23026315789473684,0.3355263157894737,E0_2022-23_Brentford_Tottenham
0.4342105263157895,0.23026315789473684,0.3355263157894737,E0_2022-23_CrystalPalace_Fulham
0.4342105263157895,0.23026315789473684,0.3355263157894737,E0_2022-23_Everton_Wolves
0.4342105263157895,0.23026315789473684,0.3355263157894737,E0_2022-23_Leicester_Newcastle
0.4342105263157895,0.23026315789473684,0.3355263157894737,E0_2022-23_Southampton_Brighton
0.4342105263157895,0.23026315789473684,0.3355263157894737,E0_2022-23_Chelsea_Bournemouth
0.4342105263157895,0.23026315789473684,0.3355263157894737,E0_2022-23_ManUnited_Nott'mForest
0.4342105263157895,0.23026315789473684,0.3355263157894737,E0_2022-23_Leeds_ManCity
0.4342105263157895,0.23026315789473684,0.3355263157894737,E0_2022-23_Liverpool_Leicester
0.4342105263157895,0.23026315789473684,0.3355263157894737,E0_2022-23_WestHam_Brentford
0.4342105263157895,0.23026315789473684,0.3355263157894737,E0_2022-23_Bournemouth_CrystalPalace
0.4342105263157895,0.23026315789473684,0.3355263157894737,E0_2022-23_Brighton_Arsenal
0.4342105263157895,0.23026315789473684,0.3355263157894737,E0_2022-23_Fulham_Southampton
0.4342105263157895,0.23026315789473684,0.3355263157894737,E0_2022-23_ManCity_Everton
0.4342105263157895,0.23026315789473684,0.3355263157894737,E0_2022-23_Newcastle_Leeds
0.4342105263157895,0.23026315789473684,0.3355263157894737,E0_2022-23_Wolves_ManUnited
0.4342105263157895,0.23026315789473684,0.3355263157894737,E0_2022-23_Nott'mForest_Chelsea
0.4342105263157895,0.23026315789473684,0.3355263157894737,E0_2022-23_Tottenham_AstonVilla
0.4342105263157895,0.23026315789473684,0.3355263157894737,E0_2022-23_Brentford_Liverpool
0.4342105263157895,0.23026315789473684,0.3355263157894737,E0_2022-23_Arsenal_Newcastle
0.4342105263157895,0.23026315789473684,0.3355263157894737,E0_2022-23_Everton_Brighton
0.4342105263157895,0.23026315789473684,0.3355263157894737,E0_2022-23_Leicester_Fulham
0.4342105263157895,0.23026315789473684,0.3355263157894737,E0_2022-23_ManUnited_Bournemouth
0.4342105263157895,0.23026315789473684,0.3355263157894737,E0_2022-23_AstonVilla_Wolves
0.4342105263157895,0.23026315789473684,0.3355263157894737,E0_2022-23_CrystalPalace_Tottenham
0.4342105263157895,0.23026315789473684,0.3355263157894737,E0_2022-23_Leeds_WestHam
0.4342105263157895,0.23026315789473684,0.3355263157894737,E0_2022-23_Southampton_Nott'mForest
0.4342105263157895,0.23026315789473684,0.3355263157894737,E0_2022-23_Chelsea_ManCity
0.4342105263157895,0.23026315789473684,0.3355263157894737,E0_2022-23_Fulham_Chelsea
0.4342105263157895,0.23026315789473684,0.3355263157894737,E0_2022-23_AstonVilla_Leeds
0.4342105263157895,0.23026315789473684,0.3355263157894737,E0_2022-23_Brentford_Bournemouth
0.4342105263157895,0.23026315789473684,0.3355263157894737,E0_2022-23_Brighton_Liverpool
0.4342105263157895,0.23026315789473684,0.3355263157894737,E0_2022-23_Everton_Southampton
0.4342105263157895,0.23026315789473684,0.3355263157894737,E0_2022-23_ManUnited_ManCity
0.4342105263157895,0.23026315789473684,0.3355263157894737,E0_2022-23_Nott'mForest_Leicester
0.4342105263157895,0.23026315789473684,0.3355263157894737,E0_2022-23_Wolves_WestHam
0.4342105263157895,0.23026315789473684,0.3355263157894737,E0_2022-23_Chelsea_CrystalPalace
0.4342105263157895,0.23026315789473684,0.3355263157894737,E0_2022-23_Newcastle_Fulham
0.4342105263157895,0.23026315789473684,0.3355263157894737,E0_2022-23_Tottenham_Arsenal
0.4342105263157895,0.23026315789473684,0.3355263157894737,E0_2022-23_CrystalPalace_ManUnited
0.4342105263157895,0.23026315789473684,0.3355263157894737,E0_2022-23_ManCity_Tottenham
0.4342105263157895,0.23026315789473684,0.3355263157894737,E0_2022-23_Bournemouth_Nott'mForest
0.4342105263157895,0.23026315789473684,0.3355263157894737,E0_2022-23_CrystalPalace_Newcastle
0.4342105263157895,0.23026315789473684,0.3355263157894737,E0_2022-23_Leicester_Brighton
0.4342105263157895,0.23026315789473684,0.3355263157894737,E0_2022-23_Liverpool_Chelsea
0.4342105263157895,0.23026315789473684,0.3355263157894737,E0_2022-23_Southampton_AstonVilla
0.4342105263157895,0.23026315789473684,0.3355263157894737,E0_2022-23_WestHam_Everton
0.4342105263157895,0.23026315789473684,0.3355263157894737,E0_2022-23_Arsenal_ManUnited
0.4342105263157895,0.23026315789473684,0.3355263157894737,E0_2022-23_Leeds_Brentford
0.4342105263157895,0.23026315789473684,0.3355263157894737,E0_2022-23_ManCity_Wolves
0.4342105263157895,0.23026315789473684,0.3355263157894737,E0_2022-23_Fulham_Tottenham
0.4342105263157895,0.23026315789473684,0.3355263157894737,E0_2022-23_Chelsea_Fulham
0.4342105263157895,0.23026315789473684,0.3355263157894737,E0_2022-23_AstonVilla_Leicester
0.4342105263157895,0.23026315789473684,0.3355263157894737,E0_2022-23_Brentford_Southampton
0.4342105263157895,0.23026315789473684,0.3355263157894737,E0_2022-23_Brighton_Bournemouth
0.4342105263157895,0.23026315789473684,0.3355263157894737,E0_2022-23_Everton_Arsenal
0.4342105263157895,0.23026315789473684,0.3355263157894737,E0_2022-23_ManUnited_CrystalPalace
0.4342105263157895,0.23026315789473684,0.3355263157894737,E0_2022-23_Newcastle_WestHam
0.4342105263157895,0.23026315789473684,0.3355263157894737,E0_2022-23_Wolves_Liverpool
0.4342105263157895,0.23026315789473684,0.3355263157894737,E0_2022-23_Nott'mForest_Leeds
0.4342105263157895,0.23026315789473684,0.3355263157894737,E0_2022-23_Tottenham_ManCity
0.4342105263157895,0.23026315789473684,0.3355263157894737,E0_2022-23_ManUnited_Leeds
0.4342105263157895,0.23026315789473684,0.3355263157894737,E0_2022-23_Arsenal_Brentford
0.4342105263157895,0.23026315789473684,0.3355263157894737,E0_2022-23_Bournemouth_Newcastle
0.4342105263157895,0.23026315789473684,0.3355263157894737,E0_2022-23_CrystalPalace_Brighton
0.4342105263157895,0.23026315789473684,0.3355263157894737,E0_2022-23_Fulham_Nott'mForest
0.4342105263157895,0.23026315789473684,0.3355263157894737,E0_2022-23_Leicester_Tottenham
0.4342105263157895,0.23026315789473684,0.3355263157894737,E0_2022-23_Southampton_Wolves
0.4342105263157895,0.23026315789473684,0.3355263157894737,E0_2022-23_WestHam_Chelsea
0.4342105263157895,0.23026315789473684,0.3355263157894737,E0_2022-23_Leeds_ManUnited
0.4342105263157895,0.23026315789473684,0.3355263157894737,E0_2022-23_ManCity_AstonVilla
0.4342105263157895,0.23026315789473684,0.3355263157894737,E0_2022-23_Liverpool_Everton
0.4342105263157895,0.23026315789473684,0.3355263157894737,E0_2022-23_Arsenal_ManCity
0.4342105263157895,0.23026315789473684,0.3355263157894737,E0_2022-23_AstonVilla_Arsenal
0.4342105263157895,0.23026315789473684,0.3355263157894737,E0_2022-23_Brentford_CrystalPalace
0.4342105263157895,0.23026315789473684,0.3355263157894737,E0_2022-23_Brighton_Fulham
0.4342105263157895,0.23026315789473684,0.3355263157894737,E0_2022-23_Chelsea_Southampton
0.4342105263157895,0.23026315789473684,0.3355263157894737,E0_2022-23_Everton_Leeds
0.4342105263157895,0.23026315789473684,0.3355263157894737,E0_2022-23_Newcastle_Liverpool
0.4342105263157895,0.23026315789473684,0.3355263157894737,E0_2022-23_Nott'mForest_ManCity
0.4342105263157895,0.23026315789473684,0.3355263157894737,E0_2022-23_Wolves_Bournemouth
0.4342105263157895,0.23026315789473684,0.3355263157894737,E0_2022-23_ManUnited_Leicester
0.4342105263157895,0.23026315789473684,0.3355263157894737,E0_2022-23_Tottenham_WestHam
0.4342105263157895,0.23026315789473684,0.3355263157894737,E0_2022-23_Fulham_Wolves
0.4342105263157895,0.23026315789473684,0.3355263157894737,E0_2022-23_Bournemouth_ManCity
0.4342105263157895,0.23026315789473684,0.3355263157894737,E0_2022-23_CrystalPalace_Liverpool
0.4342105263157895,0.23026315789473684,0.3355263157894737,E0_2022-23_Everton_AstonVilla
0.4342105263157895,0.23026315789473684,0.3355263157894737,E0_2022-23_Leeds_Southampton
0.4342105263157895,0.23026315789473684,0.3355263157894737,E0_2022-23_Leicester_Arsenal
0.4342105263157895,0.23026315789473684,0.3355263157894737,E0_2022-23_WestHam_Nott'mForest
0.4342105263157895,0.23026315789473684,0.3355263157894737,E0_2022-23_Tottenham_Chelsea
0.4342105263157895,0.23026315789473684,0.3355263157894737,E0_2022-23_Arsenal_Everton
0.4342105263157895,0.23026315789473684,0.3355263157894737,E0_2022-23_Liverpool_Wolves
0.4342105263157895,0.23026315789473684,0.3355263157894737,E0_2022-23_Arsenal_Bournemouth
0.4342105263157895,0.23026315789473684,0.3355263157894737,E0_2022-23_AstonVilla_CrystalPalace
0.4342105263157895,0.23026315789473684,0.3355263157894737,E0_2022-23_Brighton_WestHam
0.4342105263157895,0.23026315789473684,0.3355263157894737,E0_2022-23_Chelsea_Leeds
0.4342105263157895,0.23026315789473684,0.3355263157894737,E0_2022-23_ManCity_Newcastle
0.4342105263157895,0.23026315789473684,0.3355263157894737,E0_2022-23_Southampton_Leicester
0.4342105263157895,0.23026315789473684,0.3355263157894737,E0_2022-23_Wolves_Tottenham
0.4342105263157895,0.23026315789473684,0.3355263157894737,E0_2022-23_Liverpool_ManUnited
0.4342105263157895,0.23026315789473684,0.3355263157894737,E0_2022-23_Nott'mForest_Everton
0.4342105263157895,0.23026315789473684,0.3355263157894737,E0_2022-23_Brentford_Fulham
0.4342105263157895,0.23026315789473684,0.3355263157894737,E0_2022-23_Bournemouth_Liverpool
0.4342105263157895,0.23026315789473684,0.3355263157894737,E0_2022-23_CrystalPalace_ManCity
0.4342105263157895,0.23026315789473684,0.3355263157894737,E0_2022-23_Everton_Brentford
0.4342105263157895,0.23026315789473684,0.3355263157894737,E0_2022-23_Leeds_Brighton
0.4342105263157895,0.23026315789473684,0.3355263157894737,E0_2022-23_Leicester_Chelsea
0.4342105263157895,0.23026315789473684,0.3355263157894737,E0_2022-23_Tottenham_Nott'mForest
0.4342105263157895,0.23026315789473684,0.3355263157894737,E0_2022-23_Fulham_Arsenal
0.4342105263157895,0.23026315789473684,0.3355263157894737,E0_2022-23_ManUnited_Southampton
0.4342105263157895,0.23026315789473684,0.3355263157894737,E0_2022-23_Newcastle_Wolves
0.4342105263157895,0.23026315789473684,0.3355263157894737,E0_2022-23_WestHam_AstonVilla
0.4342105263157895,0.23026315789473684,0.3355263157894737,E0_2022-23_Brighton_CrystalPalace
0.4342105263157895,0.23026315789473684,0.3355263157894737,E0_2022-23_Southampton_Brentford
0.4342105263157895,0.23026315789473684,0.3355263157894737,E0_2022-23_Nott'mForest_Newcastle
0.4342105263157895,0.23026315789473684,0.3355263157894737,E0_2022-23_AstonVilla_Bournemouth
0.4342105263157895,0.23026315789473684,0.3355263157894737,E0_2022-23_Brentford_Leicester
0.4342105263157895,0.23026315789473684,0.3355263157894737,E0_2022-23_Chelsea_Everton
0.4342105263157895,0.23026315789473684,0.3355263157894737,E0_2022-23_Southampton_Tottenham
0.4342105263157895,0.23026315789473684,0.3355263157894737,E0_2022-23_Wolves_Leeds
0.4342105263157895,0.23026315789473684,0.3355263157894737,E0_2022-23_Arsenal_CrystalPalace
0.4342105263157895,0.23026315789473684,0.3355263157894737,E0_2022-23_Arsenal_Leeds
0.4342105263157895,0.23026315789473684,0.3355263157894737,E0_2022-23_Bournemouth_Fulham
0.4342105263157895,0.23026315789473684,0.3355263157894737,E0_2022-23_Brighton_Brentford
0.4342105263157895,0.23026315789473684,0.3355263157894737,E0_2022-23_Chelsea_AstonVilla
0.4342105263157895,0.23026315789473684,0.3355263157894737,E0_2022-23_CrystalPalace_Leicester
0.4342105263157895,0.23026315789473684,0.3355263157894737,E0_2022-23_ManCity_Liverpool
0.4342105263157895,0.23026315789473684,0.3355263157894737,E0_2022-23_Nott'mForest_Wolves
0.4342105263157895,0.23026315789473684,0.3355263157894737,E0_2022-23_Newcastle_ManUnited
0.4342105263157895,0.23026315789473684,0.3355263157894737,E0_2022-23_WestHam_Southampton
0.4342105263157895,0.23026315789473684,0.3355263157894737,E0_2022-23_Everton_Tottenham
0.4342105263157895,0.23026315789473684,0.3355263157894737,E0_2022-23_Bournemouth_Brighton
0.4342105263157895,0.23026315789473684,0.3355263157894737,E0_2022-23_Chelsea_Liverpool
0.4342105263157895,0.23026315789473684,0.3355263157894737,E0_2022-23_Leeds_Nott'mForest
0.4342105263157895,0.23026315789473684,0.3355263157894737,E0_2022-23_Leicester_AstonVilla
0.4342105263157895,0.23026315789473684,0.3355263157894737,E0_2022-23_ManUnited_Brentford
0.4342105263157895,0.23026315789473684,0.3355263157894737,E0_2022-23_WestHam_Newcastle
0.4342105263157895,0.23026315789473684,0.3355263157894737,E0_2022-23_AstonVilla_Nott'mForest
0.4342105263157895,0.23026315789473684,0.3355263157894737,E0_2022-23_Brentford_Newcastle
0.4342105263157895,0.23026315789473684,0.3355263157894737,E0_2022-23_Fulham_WestHam
0.4342105263157895,0.23026315789473684,0.3355263157894737,E0_2022-23_Leicester_Bournemouth
0.4342105263157895,0.23026315789473684,0.3355263157894737,E0_2022-23_ManUnited_Everton
0.4342105263157895,0.23026315789473684,0.3355263157894737,E0_2022-23_Southampton_ManCity
0.4342105263157895,0.23026315789473684,0.3355263157894737,E0_2022-23_Tottenham_Brighton
0.4342105263157895,0.23026315789473684,0.3355263157894737,E0_2022-23_Wolves_Chelsea
0.4342105263157895,0.23026315789473684,0.3355263157894737,E0_2022-23_Leeds_CrystalPalace
0.4342105263157895,0.23026315789473684,0.3355263157894737,E0_2022-23_Liverpool_Arsenal
0.4342105263157895,0.23026315789473684,0.3355263157894737,E0_2022-23_AstonVilla_Newcastle
0.4342105263157895,0.23026315789473684,0.3355263157894737,E0_2022-23_Chelsea_Brighton
0.4342105263157895,0.23026315789473684,0.3355263157894737,E0_2022-23_Everton_Fulham
0.4342105263157895,0.23026315789473684,0.3355263157894737,E0_2022-23_ManCity_Leicester
0.4342105263157895,0.23026315789473684,0.3355263157894737,E0_2022-23_Southampton_CrystalPalace
0.4342105263157895,0.23026315789473684,0.3355263157894737,E0_2022-23_Tottenham_Bournemouth
0.4342105263157895,0.23026315789473684,0.3355263157894737,E0_2022-23_Wolves_Brentford
0.4342105263157895,0.23026315789473684,0.3355263157894737,E0_2022-23_Nott'mForest_ManUnited
0.4342105263157895,0.23026315789473684,0.3355263157894737,E0_2022-23_WestHam_Arsenal
0.4342105263157895,0.23026315789473684,0.3355263157894737,E0_2022-23_Leeds_Liverpool
0.4342105263157895,0.23026315789473684,0.3355263157894737,E0_2022-23_Arsenal_Southampton
0.4342105263157895,0.23026315789473684,0.3355263157894737,E0_2022-23_Brentford_AstonVilla
0.4342105263157895,0.23026315789473684,0.3355263157894737,E0_2022-23_CrystalPalace_Everton
0.4342105263157895,0.23026315789473684,0.3355263157894737,E0_2022-23_Fulham_Leeds
0.4342105263157895,0.23026315789473684,0.3355263157894737,E0_2022-23_Leicester_Wolves
0.4342105263157895,0.23026315789473684,0.3355263157894737,E0_2022-23_Liverpool_Nott'mForest
0.4342105263157895,0.23026315789473684,0.3355263157894737,E0_2022-23_Bournemouth_WestHam
0.4342105263157895,0.23026315789473684,0.3355263157894737,E0_2022-23_Newcastle_Tottenham
0.4342105263157895,0.23026315789473684,0.3355263157894737,E0_2022-23_AstonVilla_Fulham
0.4342105263157895,0.23026315789473684,0.3355263157894737,E0_2022-23_Leeds_Leicester
0.4342105263157895,0.23026315789473684,0.3355263157894737,E0_2022-23_Wolves_CrystalPalace
0.4342105263157895,0.23026315789473684,0.3355263157894737,E0_2022-23_Chelsea_Brentford
0.4342105263157895,0.23026315789473684,0.3355263157894737,E0_2022-23_ManCity_Arsenal
0.4342105263157895,0.23026315789473684,0.3355263157894737,E0_2022-23_Nott'mForest_Brighton
0.4342105263157895,0.23026315789473684,0.3355263157894737,E0_2022-23_WestHam_Liverpool
0.4342105263157895,0.23026315789473684,0.3355263157894737,E0_2022-23_Everton_Newcastle
0.4342105263157895,0.23026315789473684,0.3355263157894737,E0_2022-23_Southampton_Bournemouth
0.4342105263157895,0.23026315789473684,0.3355263157894737,E0_2022-23_Tottenham_ManUnited
0.4342105263157895,0.23026315789473684,0.3355263157894737,E0_2022-23_Brentford_Nott'mForest
0.4342105263157895,0.23026315789473684,0.3355263157894737,E0_2022-23_Brighton_Wolves
0.4342105263157895,0.23026315789473684,0.3355263157894737,E0_2022-23_CrystalPalace_WestHam
0.4342105263157895,0.23026315789473684,0.3355263157894737,E0_2022-23_Bournemouth_Leeds
0.4342105263157895,0.23026315789473684,0.3355263157894737,E0_2022-23_Fulham_ManCity
0.4342105263157895,0.23026315789473684,0.3355263157894737,E0_2022-23_Liverpool_Tottenham
0.4342105263157895,0.23026315789473684,0.3355263157894737,E0_2022-23_ManUnited_AstonVilla
0.4342105263157895,0.23026315789473684,0.3355263157894737,E0_2022-23_Newcastle_Southampton
0.4342105263157895,0.23026315789473684,0.3355263157894737,E0_2022-23_Leicester_Everton
0.4342105263157895,0.23026315789473684,0.3355263157894737,E0_2022-23_Arsenal_Chelsea
0.4342105263157895,0.23026315789473684,0.3355263157894737,E0_2022-23_Liverpool_Fulham
0.4342105263157895,0.23026315789473684,0.3355263157894737,E0_2022-23_ManCity_WestHam
0.4342105263157895,0.23026315789473684,0.3355263157894737,E0_2022-23_Brighton_ManUnited
0.4342105263157895,0.23026315789473684,0.3355263157894737,E0_2022-23_Bournemouth_Chelsea
0.4342105263157895,0.23026315789473684,0.3355263157894737,E0_2022-23_Liverpool_Brentford
0.4342105263157895,0.23026315789473684,0.3355263157894737,E0_2022-23_ManCity_Leeds
0.4342105263157895,0.23026315789473684,0.3355263157894737,E0_2022-23_Tottenham_CrystalPalace
0.4342105263157895,0.23026315789473684,0.3355263157894737,E0_2022-23_Wolves_AstonVilla
0.4342105263157895,0.23026315789473684,0.3355263157894737,E0_2022-23_Newcastle_Arsenal
0.4342105263157895,0.23026315789473684,0.3355263157894737,E0_2022-23_WestHam_ManUnited
0.4342105263157895,0.23026315789473684,0.3355263157894737,E0_2022-23_Brighton_Everton
0.4342105263157895,0.23026315789473684,0.3355263157894737,E0_2022-23_Fulham_Leicester
0.4342105263157895,0.23026315789473684,0.3355263157894737,E0_2022-23_Nott'mForest_Southampton
0.4342105263157895,0.23026315789473684,0.3355263157894737,E0_2022-23_AstonVilla_Tottenham
0.4342105263157895,0.23026315789473684,0.3355263157894737,E0_2022-23_Chelsea_Nott'mForest
0.4342105263157895,0.23026315789473684,0.3355263157894737,E0_2022-23_CrystalPalace_Bournemouth
0.4342105263157895,0.23026315789473684,0.3355263157894737,E0_2022-23_Leeds_Newcastle
0.4342105263157895,0.23026315789473684,0.3355263157894737,E0_2022-23_ManUnited_Wolves
0.4342105263157895,0.23026315789473684,0.3355263157894737,E0_2022-23_Southampton_Fulham
0.4342105263157895,0.23026315789473684,0.3355263157894737,E0_2022-23_Arsenal_Brighton
0.4342105263157895,0.23026315789473684,0.3355263157894737,E0_2022-23_Brentford_WestHam
0.4342105263157895,0.23026315789473684,0.3355263157894737,E0_2022-23_Everton_ManCity
0.4342105263157895,0.23026315789473684,0.3355263157894737,E0_2022-23_Leicester_Liverpool
0.4342105263157895,0.23026315789473684,0.3355263157894737,E0_2022-23_Newcastle_Brighton
0.4342105263157895,0.23026315789473684,0.3355263157894737,E0_2022-23_Bournemouth_ManUnited
0.4342105263157895,0.23026315789473684,0.3355263157894737,E0_2022-23_Fulham_CrystalPalace
0.4342105263157895,0.23026315789473684,0.3355263157894737,E0_2022-23_Liverpool_AstonVilla
0.4342105263157895,0.23026315789473684,0.3355263157894737,E0_2022-23_Nott'mForest_Arsenal
0.4342105263157895,0.23026315789473684,0.3355263157894737,E0_2022-23_Tottenham_Brentford
0.4342105263157895,0.23026315789473684,0.3355263157894737,E0_2022-23_Wolves_Everton
0.4342105263157895,0.23026315789473684,0.3355263157894737,E0_2022-23_Brighton_Southampton
0.4342105263157895,0.23026315789473684,0.3355263157894737,E0_2022-23_ManCity_Chelsea
0.4342105263157895,0.23026315789473684,0.3355263157894737,E0_2022-23_WestHam_Leeds
0.4342105263157895,0.23026315789473684,0.3355263157894737,E0_2022-23_Newcastle_Leicester
0.4342105263157895,0.23026315789473684,0.3355263157894737,E0_2022-23_Brighton_ManCity
0.4342105263157895,0.23026315789473684,0.3355263157894737,E0_2022-23_ManUnited_Chelsea
0.4342105263157895,0.23026315789473684,0.3355263157894737,E0_2022-23_Arsenal_Wolves
0.4342105263157895,0.23026315789473684,0.3355263157894737,E0_2022-23_AstonVilla_Brighton
0.4342105263157895,0.23026315789473684,0.3355263157894737,E0_2022-23_Brentford_ManCity
0.4342105263157895,0.23026315789473684,0.3355263157894737,E0_2022-23_Chelsea_Newcastle
0.4342105263157895,0.23026315789473684,0.3355263157894737,E0_2022-23_CrystalPalace_Nott'mForest
0.4342105263157895,0.23026315789473684,0.3355263157894737,E0_2022-23_Everton_Bournemouth
0.4342105263157895,0.23026315789473684,0.3355263157894737,E0_2022-23_Leeds_Tottenham
0.4342105263157895,0.23026315789473684,0.3355263157894737,E0_2022-23_Leicester_WestHam
0.4342105263157895,0.23026315789473684,0.3355263157894737,E0_2022-23_ManUnited_Fulham
0.4342105263157895,0.23026315789473684,0.3355263157894737,E0_2022-23_Southampton_Liverpool
0.44605263157894737,0.23684210526315788,0.3171052631578947,E0_2023-24_Burnley_ManCity
0.44605263157894737,0.23684210526315788,0.3171052631578947,E0_2023-24_Arsenal_Nott'mForest
0.44605263157894737,0.23684210526315788,0.3171052631578947,E0_2023-24_Bournemouth_WestHam
0.44605263157894737,0.23684210526315788,0.3171052631578947,E0_2023-24_Brighton_Luton
0.44605263157894737,0.23684210526315788,0.3171052631578947,E0_2023-24_Everton_Fulham
0.44605263157894737,0.23684210526315788,0.3171052631578947,E0_2023-24_Newcastle_AstonVilla
0.44605263157894737,0.23684210526315788,0.3171052631578947,E0_2023-24_SheffieldUnited_CrystalPalace
0.44605263157894737,0.23684210526315788,0.3171052631578947,E0_2023-24_Brentford_Tottenham
0.44605263157894737,0.23684210526315788,0.3171052631578947,E0_2023-24_Chelsea_Liverpool
0.44605263157894737,0.23684210526315788,0.3171052631578947,E0_2023-24_ManUnited_Wolves
0.44605263157894737,0.23684210526315788,0.3171052631578947,E0_2023-24_Nott'mForest_SheffieldUnited
0.44605263157894737,0.23684210526315788,0.3171052631578947,E0_2023-24_Fulham_Brentford
0.44605263157894737,0.23684210526315788,0.3171052631578947,E0_2023-24_Liverpool_Bournemouth
0.44605263157894737,0.23684210526315788,0.3171052631578947,E0_2023-24_ManCity_Newcastle
0.44605263157894737,0.23684210526315788,0.3171052631578947,E0_2023-24_Tottenham_ManUnited
0.44605263157894737,0.23684210526315788,0.3171052631578947,E0_2023-24_Wolves_Brighton
0.44605263157894737,0.23684210526315788,0.3171052631578947,E0_2023-24_AstonVilla_Everton
0.44605263157894737,0.23684210526315788,0.3171052631578947,E0_2023-24_WestHam_Chelsea
0.44605263157894737,0.23684210526315788,0.3171052631578947,E0_2023-24_CrystalPalace_Arsenal
0.44605263157894737,0.23684210526315788,0.3171052631578947,E0_2023-24_Chelsea_Luton
0.44605263157894737,0.23684210526315788,0.3171052631578947,E0_2023-24_Arsenal_Fulham
0.44605263157894737,0.23684210526315788,0.3171052631578947,E0_2023-24_Bournemouth_Tottenham
0.44605263157894737,0.23684210526315788,0.3171052631578947,E0_2023-24_Brentford_CrystalPalace
0.44605263157894737,0.23684210526315788,0.3171052631578947,E0_2023-24_Brighton_WestHam
0.44605263157894737,0.23684210526315788,0.3171052631578947,E0_2023-24_Everton_Wolves
0.44605263157894737,0.23684210526315788,0.3171052631578947,E0_2023-24_ManUnited_Nott'mForest
0.44605263157894737,0.23684210526315788,0.3171052631578947,E0_2023-24_Burnley_AstonVilla
0.44605263157894737,0.23684210526315788,0.3171052631578947,E0_2023-24_Newcastle_Liverpool
0.44605263157894737,0.23684210526315788,0.3171052631578947,E0_2023-24_SheffieldUnited_ManCity
0.44605263157894737,0.23684210526315788,0.3171052631578947,E0_2023-24_Luton_WestHam
0.44605263157894737,0.23684210526315788,0.3171052631578947,E0_2023-24_Brentford_Bournemouth
0.44605263157894737,0.23684210526315788,0.3171052631578947,E0_2023-24_Brighton_Newcastle
0.44605263157894737,0.23684210526315788,0.3171052631578947,E0_2023-24_Burnley_Tottenham
0.44605263157894737,0.23684210526315788,0.3171052631578947,E0_2023-24_Chelsea_Nott'mForest
0.44605263157894737,0.23684210526315788,0.3171052631578947,E0_2023-24_ManCity_Fulham
0.44605263157894737,0.23684210526315788,0.3171052631578947,E0_2023-24_SheffieldUnited_Everton
0.44605263157894737,0.23684210526315788,0.3171052631578947,E0_2023-24_Arsenal_ManUnited
0.44605263157894737,0.23684210526315788,0.3171052631578947,E0_2023-24_CrystalPalace_Wolves
0.44605263157894737,0.23684210526315788,0.3171052631578947,E0_2023-24_Liverpool_AstonVilla
0.44605263157894737,0.23684210526315788,0.3171052631578947,E0_2023-24_AstonVilla_CrystalPalace
0.44605263157894737,0.23684210526315788,0.3171052631578947,E0_2023-24_Fulham_Luton
0.44605263157894737,0.23684210526315788,0.3171052631578947,E0_2023-24_ManUnited_Brighton
0.44605263157894737,0.23684210526315788,0.3171052631578947,E0_2023-24_Newcastle_Brentford
0.44605263157894737,0.23684210526315788,0.3171052631578947,E0_2023-24_Tottenham_SheffieldUnited
0.44605263157894737,0.23684210526315788,0.3171052631578947,E0_2023-24_WestHam_ManCity
0.44605263157894737,0.23684210526315788,0.3171052631578947,E0_2023-24_Wolves_Liverpool
0.44605263157894737,0.23684210526315788,0.3171052631578947,E0_2023-24_Bournemouth_Chelsea
0.44605263157894737,0.23684210526315788,0.3171052631578947,E0_2023-24_Everton_Arsenal
0.44605263157894737,0.23684210526315788,0.3171052631578947,E0_2023-24_Nott'mForest_Burnley
0.44605263157894737,0.23684210526315788,0.3171052631578947,E0_2023-24_Brentford_Everton
0.44605263157894737,0.23684210526315788,0.3171052631578947,E0_2023-24_Burnley_ManUnited
0.44605263157894737,0.23684210526315788,0.3171052631578947,E0_2023-24_CrystalPalace_Fulham
0.44605263157894737,0.23684210526315788,0.3171052631578947,E0_2023-24_Luton_Wolves
0.44605263157894737,0.23684210526315788,0.3171052631578947,E0_2023-24_ManCity_Nott'mForest
0.44605263157894737,0.23684210526315788,0.3171052631578947,E0_2023-24_Arsenal_Tottenham
0.44605263157894737,0.23684210526315788,0.3171052631578947,E0_2023-24_Brighton_Bournemouth
0.44605263157894737,0.23684210526315788,0.3171052631578947,E0_2023-24_Chelsea_AstonVilla
0.44605263157894737,0.23684210526315788,0.3171052631578947,E0_2023-24_Liverpool_WestHam
0.44605263157894737,0.23684210526315788,0.3171052631578947,E0_2023-24_SheffieldUnited_Newcastle
0.44605263157894737,0.23684210526315788,0.3171052631578947,E0_2023-24_AstonVilla_Brighton
0.44605263157894737,0.23684210526315788,0.3171052631578947,E0_2023-24_Bournemouth_Arsenal
0.44605263157894737,0.23684210526315788,0.3171052631578947,E0_2023-24_Everton_Luton
0.44605263157894737,0.23684210526315788,0.3171052631578947,E0_2023-24_ManUnited_CrystalPalace
0.44605263157894737,0.23684210526315788,0.3171052631578947,E0_2023-24_Newcastle_Burnley
0.44605263157894737,0.23684210526315788,0.3171052631578947,E0_2023-24_Tottenham_Liverpool
0.44605263157894737,0.23684210526315788,0.3171052631578947,E0_2023-24_WestHam_SheffieldUnited
0.44605263157894737,0.23684210526315788,0.3171052631578947,E0_2023-24_Wolves_ManCity
0.44605263157894737,0.23684210526315788,0.3171052631578947,E0_2023-24_Nott'mForest_Brentford
0.44605263157894737,0.23684210526315788,0.3171052631578947,E0_2023-24_Fulham_Chelsea
0.44605263157894737,0.23684210526315788,0.3171052631578947,E0_2023-24_Luton_Burnley
0.44605263157894737,0.23684210526315788,0.3171052631578947,E0_2023-24_Burnley_Chelsea
0.44605263157894737,0.23684210526315788,0.3171052631578947,E0_2023-24_CrystalPalace_Nott'mForest
0.44605263157894737,0.23684210526315788,0.3171052631578947,E0_2023-24_Everton_Bournemouth
0.44605263157894737,0.23684210526315788,0.3171052631578947,E0_2023-24_Fulham_SheffieldUnited
0.44605263157894737,0.23684210526315788,0.3171052631578947,E0_2023-24_Luton_Tottenham
0.44605263157894737,0.23684210526315788,0.3171052631578947,E0_2023-24_ManUnited_Brentford
0.44605263157894737,0.23684210526315788,0.3171052631578947,E0_2023-24_Arsenal_ManCity
0.44605263157894737,0.23684210526315788,0.3171052631578947,E0_2023-24_Brighton_Liverpool
0.44605263157894737,0.23684210526315788,0.3171052631578947,E0_2023-24_WestHam_Newcastle
0.44605263157894737,0.23684210526315788,0.3171052631578947,E0_2023-24_Wolves_AstonVilla
0.44605263157894737,0.23684210526315788,0.3171052631578947,E0_2023-24_Bournemouth_Wolves
0.44605263157894737,0.23684210526315788,0.3171052631578947,E0_2023-24_Brentford_Burnley
0.44605263157894737,0.23684210526315788,0.3171052631578947,E0_2023-24_Chelsea_Arsenal
0.44605263157894737,0.23684210526315788,0.3171052631578947,E0_2023-24_Liverpool_Everton
0.44605263157894737,0.23684210526315788,0.3171052631578947,E0_2023-24_ManCity_Brighton
0.44605263157894737,0.23684210526315788,0.3171052631578947,E0_2023-24_Newcastle_CrystalPalace
0.44605263157894737,0.23684210526315788,0.3171052631578947,E0_2023-24_Nott'mForest_Luton
0.44605263157894737,0.23684210526315788,0.3171052631578947,E0_2023-24_SheffieldUnited_ManUnited
0.44605263157894737,0.23684210526315788,0.3171052631578947,E0_2023-24_AstonVilla_WestHam
0.44605263157894737,0.23684210526315788,0.3171052631578947,E0_2023-24_Tottenham_Fulham
0.44605263157894737,0.23684210526315788,0.3171052631578947,E0_2023-24_CrystalPalace_Tottenham
0.44605263157894737,0.23684210526315788,0.3171052631578947,E0_2023-24_Arsenal_SheffieldUnited
0.44605263157894737,0.23684210526315788,0.3171052631578947,E0_2023-24_Bournemouth_Burnley
0.44605263157894737,0.23684210526315788,0.3171052631578947,E0_2023-24_Chelsea_Brentford
0.44605263157894737,0.23684210526315788,0.3171052631578947,E0_2023-24_Wolves_Newcastle
0.44605263157894737,0.23684210526315788,0.3171052631578947,E0_2023-24_AstonVilla_Luton
0.44605263157894737,0.23684210526315788,0.3171052631578947,E0_2023-24_Brighton_Fulham
0.44605263157894737,0.23684210526315788,0.3171052631578947,E0_2023-24_Liverpool_Nott'mForest
0.44605263157894737,0.23684210526315788,0.3171052631578947,E0_2023-24_ManUnited_ManCity
0.44605263157894737,0.23684210526315788,0.3171052631578947,E0_2023-24_WestHam_Everton
0.44605263157894737,0.23684210526315788,0.3171052631578947,E0_2023-24_Brentford_WestHam
0.44605263157894737,0.23684210526315788,0.3171052631578947,E0_2023-24_Burnley_CrystalPalace
0.44605263157894737,0.23684210526315788,0.3171052631578947,E0_2023-24_Everton_Brighton
0.44605263157894737,0.23684210526315788,0.3171052631578947,E0_2023-24_Fulham_ManUnited
0.44605263157894737,0.23684210526315788,0.3171052631578947,E0_2023-24_ManCity_Bournemouth
0.44605263157894737,0.23684210526315788,0.3171052631578947,E0_2023-24_Newcastle_Arsenal
0.44605263157894737,0.23684210526315788,0.3171052631578947,E0_2023-24_SheffieldUnited_Wolves
0.44605263157894737,0.23684210526315788,0.3171052631578947,E0_2023-24_Luton_Liverpool
0.44605263157894737,0.23684210526315788,0.3171052631578947,E0_2023-24_Nott'mForest_AstonVilla
0.44605263157894737,0.23684210526315788,0.3171052631578947,E0_2023-24_Tottenham_Chelsea
0.44605263157894737,0.23684210526315788,0.3171052631578947,E0_2023-24_Arsenal_Burnley
0.44605263157894737,0.23684210526315788,0.3171052631578947,E0_2023-24_Bournemouth_Newcastle
0.44605263157894737,0.23684210526315788,0.3171052631578947,E0_2023-24_CrystalPalace_Everton
0.44605263157894737,0.23684210526315788,0.3171052631578947,E0_2023-24_ManUnited_Luton
0.44605263157894737,0.23684210526315788,0.3171052631578947,E0_2023-24_Wolves_Tottenham
0.44605263157894737,0.23684210526315788,0.3171052631578947,E0_2023-24_AstonVilla_Fulham
0.44605263157894737,0.23684210526315788,0.3171052631578947,E0_2023-24_Brighton_SheffieldUnited
0.44605263157894737,0.23684210526315788,0.3171052631578947,E0_2023-24_Chelsea_ManCity
0.44605263157894737,0.23684210526315788,0.3171052631578947,E0_2023-24_Liverpool_Brentford
0.44605263157894737,0.23684210526315788,0.3171052631578947,E0_2023-24_WestHam_Nott'mForest
0.44605263157894737,0.23684210526315788,0.3171052631578947,E0_2023-24_Brentford_Arsenal
0.44605263157894737,0.23684210526315788,0.3171052631578947,E0_2023-24_Burnley_WestHam
0.44605263157894737,0.23684210526315788,0.3171052631578947,E0_2023-24_Luton_CrystalPalace
0.44605263157894737,0.23684210526315788,0.3171052631578947,E0_2023-24_ManCity_Liverpool
0.44605263157894737,0.23684210526315788,0.3171052631578947,E0_2023-24_Newcastle_Chelsea
0.44605263157894737,0.23684210526315788,0.3171052631578947,E0_2023-24_Nott'mForest_Brighton
0.44605263157894737,0.23684210526315788,0.3171052631578947,E0_2023-24_SheffieldUnited_Bournemouth
0.44605263157894737,0.23684210526315788,0.3171052631578947,E0_2023-24_Everton_ManUnited
0.44605263157894737,0.23684210526315788,0.3171052631578947,E0_2023-24_Tottenham_AstonVilla
0.44605263157894737,0.23684210526315788,0.3171052631578947,E0_2023-24_Fulham_Wolves
0.44605263157894737,0.23684210526315788,0.3171052631578947,E0_2023-24_Arsenal_Wolves
0.44605263157894737,0.23684210526315788,0.3171052631578947,E0_2023-24_Brentford_Luton
0.44605263157894737,0.23684210526315788,0.3171052631578947,E0_2023-24_Burnley_SheffieldUnited
0.44605263157894737,0.23684210526315788,0.3171052631578947,E0_2023-24_Newcastle_ManUnited
0.44605263157894737,0.23684210526315788,0.3171052631578947,E0_2023-24_Nott'mForest_Everton
0.44605263157894737,0.23684210526315788,0.3171052631578947,E0_2023-24_Bournemouth_AstonVilla
0.44605263157894737,0.23684210526315788,0.3171052631578947,E0_2023-24_Chelsea_Brighton
0.44605263157894737,0.23684210526315788,0.3171052631578947,E0_2023-24_Liverpool_Fulham
0.44605263157894737,0.23684210526315788,0.3171052631578947,E0_2023-24_ManCity_Tottenham
0.44605263157894737,0.23684210526315788,0.3171052631578947,E0_2023-24_WestHam_CrystalPalace
0.44605263157894737,0.23684210526315788,0.3171052631578947,E0_2023-24_Luton_Arsenal
0.44605263157894737,0.23684210526315788,0.3171052631578947,E0_2023-24_Wolves_Burnley
0.44605263157894737,0.23684210526315788,0.3171052631578947,E0_2023-24_AstonVilla_ManCity
0.44605263157894737,0.23684210526315788,0.3171052631578947,E0_2023-24_Brighton_Brentford
0.44605263157894737,0.23684210526315788,0.3171052631578947,E0_2023-24_CrystalPalace_Bournemouth
0.44605263157894737,0.23684210526315788,0.3171052631578947,E0_2023-24_Fulham_Nott'mForest
0.44605263157894737,0.23684210526315788,0.3171052631578947,E0_2023-24_ManUnited_Chelsea
0.44605263157894737,0.23684210526315788,0.3171052631578947,E0_2023-24_SheffieldUnited_Liverpool
0.44605263157894737,0.23684210526315788,0.3171052631578947,E0_2023-24_Everton_Newcastle
0.44605263157894737,0.23684210526315788,0.3171052631578947,E0_2023-24_Tottenham_WestHam
0.44605263157894737,0.23684210526315788,0.3171052631578947,E0_2023-24_AstonVilla_Arsenal
0.44605263157894737,0.23684210526315788,0.3171052631578947,E0_2023-24_Brighton_Burnley
0.44605263157894737,0.23684210526315788,0.3171052631578947,E0_2023-24_CrystalPalace_Liverpool
0.44605263157894737,0.23684210526315788,0.3171052631578947,E0_2023-24_ManUnited_Bournemouth
0.44605263157894737,0.23684210526315788,0.3171052631578947,E0_2023-24_SheffieldUnited_Brentford
0.44605263157894737,0.23684210526315788,0.3171052631578947,E0_2023-24_Wolves_Nott'mForest
0.44605263157894737,0.23684210526315788,0.3171052631578947,E0_2023-24_Everton_Chelsea
0.44605263157894737,0.23684210526315788,0.3171052631578947,E0_2023-24_Fulham_WestHam
0.44605263157894737,0.23684210526315788,0.3171052631578947,E0_2023-24_Luton_ManCity
0.44605263157894737,0.23684210526315788,0.3171052631578947,E0_2023-24_Tottenham_Newcastle
0.44605263157894737,0.23684210526315788,0.3171052631578947,E0_2023-24_Nott'mForest_Tottenham
0.44605263157894737,0.23684210526315788,0.3171052631578947,E0_2023-24_Burnley_Everton
0.44605263157894737,0.23684210526315788,0.3171052631578947,E0_2023-24_Chelsea_SheffieldUnited
0.44605263157894737,0.23684210526315788,0.3171052631578947,E0_2023-24_ManCity_CrystalPalace
0.44605263157894737,0.23684210526315788,0.3171052631578947,E0_2023-24_Newcastle_Fulham
0.44605263157894737,0.23684210526315788,0.3171052631578947,E0_2023-24_Arsenal_Brighton
0.44605263157894737,0.23684210526315788,0.3171052631578947,E0_2023-24_Brentford_AstonVilla
0.44605263157894737,0.23684210526315788,0.3171052631578947,E0_2023-24_Liverpool_ManUnited
0.44605263157894737,0.23684210526315788,0.3171052631578947,E0_2023-24_WestHam_Wolves
0.44605263157894737,0.23684210526315788,0.3171052631578947,E0_2023-24_CrystalPalace_Brighton
0.44605263157894737,0.23684210526315788,0.3171052631578947,E0_2023-24_AstonVilla_SheffieldUnited
0.44605263157894737,0.23684210526315788,0.3171052631578947,E0_2023-24_Fulham_Burnley
0.44605263157894737,0.23684210526315788,0.3171052631578947,E0_2023-24_Liverpool_Arsenal
0.44605263157894737,0.23684210526315788,0.3171052631578947,E0_2023-24_Luton_Newcastle
0.44605263157894737,0.23684210526315788,0.3171052631578947,E0_2023-24_Nott'mForest_Bournemouth
0.44605263157894737,0.23684210526315788,0.3171052631578947,E0_2023-24_Tottenham_Everton
0.44605263157894737,0.23684210526315788,0.3171052631578947,E0_2023-24_WestHam_ManUnited
0.44605263157894737,0.23684210526315788,0.3171052631578947,E0_2023-24_Wolves_Chelsea
0.44605263157894737,0.23684210526315788,0.3171052631578947,E0_2023-24_Bournemouth_Fulham
0.44605263157894737,0.23684210526315788,0.3171052631578947,E0_2023-24_Burnley_Liverpool
0.44605263157894737,0.23684210526315788,0.3171052631578947,E0_2023-24_ManUnited_AstonVilla
0.44605263157894737,0.23684210526315788,0.3171052631578947,E0_2023-24_Newcastle_Nott'mForest
0.44605263157894737,0.23684210526315788,0.3171052631578947,E0_2023-24_SheffieldUnited_Luton
0.44605263157894737,0.23684210526315788,0.3171052631578947,E0_2023-24_Brentford_Wolves
0.44605263157894737,0.23684210526315788,0.3171052631578947,E0_2023-24_Chelsea_CrystalPalace
0.44605263157894737,0.23684210526315788,0.3171052631578947,E0_2023-24_Everton_ManCity
0.44605263157894737,0.23684210526315788,0.3171052631578947,E0_2023-24_Arsenal_WestHam
0.44605263157894737,0.23684210526315788,0.3171052631578947,E0_2023-24_Brighton_Tottenham
0.44605263157894737,0.23684210526315788,0.3171052631578947,E0_2023-24_AstonVilla_Burnley
0.44605263157894737,0.23684210526315788,0.3171052631578947,E0_2023-24_CrystalPalace_Brentford
0.44605263157894737,0.23684210526315788,0.3171052631578947,E0_2023-24_Luton_Chelsea
0.44605263157894737,0.23684210526315788,0.3171052631578947,E0_2023-24_ManCity_SheffieldUnited
0.44605263157894737,0.23684210526315788,0.3171052631578947,E0_2023-24_Nott'mForest_ManUnited
0.44605263157894737,0.23684210526315788,0.3171052631578947,E0_2023-24_Wolves_Everton
0.44605263157894737,0.23684210526315788,0.3171052631578947,E0_2023-24_Fulham_Arsenal
0.44605263157894737,0.23684210526315788,0.3171052631578947,E0_2023-24_Tottenham_Bournemouth
0.44605263157894737,0.23684210526315788,0.3171052631578947,E0_2023-24_Liverpool_Newcastle
0.44605263157894737,0.23684210526315788,0.3171052631578947,E0_2023-24_WestHam_Brighton
0.44605263157894737,0.23684210526315788,0.3171052631578947,E0_2023-24_Burnley_Luton
0.44605263157894737,0.23684210526315788,0.3171052631578947,E0_2023-24_Chelsea_Fulham
0.44605263157894737,0.23684210526315788,0.3171052631578947,E0_2023-24_Newcastle_ManCity
0.44605263157894737,0.23684210526315788,0.3171052631578947,E0_2023-24_Everton_AstonVilla
0.44605263157894737,0.23684210526315788,0.3171052631578947,E0_2023-24_ManUnited_Tottenham
0.44605263157894737,0.23684210526315788,0.3171052631578947,E0_2023-24_Arsenal_CrystalPalace
0.44605263157894737,0.23684210526315788,0.3171052631578947,E0_2023-24_Brentford_Nott'mForest
0.44605263157894737,0.23684210526315788,0.3171052631578947,E0_2023-24_Bournemouth_Liverpool
0.44605263157894737,0.23684210526315788,0.3171052631578947,E0_2023-24_SheffieldUnited_WestHam
0.44605263157894737,0.23684210526315788,0.3171052631578947,E0_2023-24_Brighton_Wolves
0.44605263157894737,0.23684210526315788,0.3171052631578947,E0_2023-24_AstonVilla_Newcastle
0.44605263157894737,0.23684210526315788,0.3171052631578947,E0_2023-24_CrystalPalace_SheffieldUnited
0.44605263157894737,0.23684210526315788,0.3171052631578947,E0_2023-24_Fulham_Everton
0.44605263157894737,0.23684210526315788,0.3171052631578947,E0_2023-24_Luton_Brighton
0.44605263157894737,0.23684210526315788,0.3171052631578947,E0_2023-24_Nott'mForest_Arsenal
0.44605263157894737,0.23684210526315788,0.3171052631578947,E0_2023-24_Liverpool_Chelsea
0.44605263157894737,0.23684210526315788,0.3171052631578947,E0_2023-24_ManCity_Burnley
0.44605263157894737,0.23684210526315788,0.3171052631578947,E0_2023-24_Tottenham_Brentford
0.44605263157894737,0.23684210526315788,0.3171052631578947,E0_2023-24_WestHam_Bournemouth
0.44605263157894737,0.23684210526315788,0.3171052631578947,E0_2023-24_Wolves_ManUnited
0.44605263157894737,0.23684210526315788,0.3171052631578947,E0_2023-24_Brighton_CrystalPalace
0.44605263157894737,0.23684210526315788,0.3171052631578947,E0_2023-24_Burnley_Fulham
0.44605263157894737,0.23684210526315788,0.3171052631578947,E0_2023-24_Everton_Tottenham
0.44605263157894737,0.23684210526315788,0.3171052631578947,E0_2023-24_Newcastle_Luton
0.44605263157894737,0.23684210526315788,0.3171052631578947,E0_2023-24_SheffieldUnited_AstonVilla
0.44605263157894737,0.23684210526315788,0.3171052631578947,E0_2023-24_Arsenal_Liverpool
0.44605263157894737,0.23684210526315788,0.3171052631578947,E0_2023-24_Bournemouth_Nott'mForest
0.44605263157894737,0.23684210526315788,0.3171052631578947,E0_2023-24_Chelsea_Wolves
0.44605263157894737,0.23684210526315788,0.3171052631578947,E0_2023-24_ManUnited_WestHam
0.44605263157894737,0.23684210526315788,0.3171052631578947,E0_2023-24_Brentford_ManCity
0.44605263157894737,0.23684210526315788,0.3171052631578947,E0_2023-24_Fulham_Bournemouth
0.44605263157894737,0.23684210526315788,0.3171052631578947,E0_2023-24_Liverpool_Burnley
0.44605263157894737,0.23684210526315788,0.3171052631578947,E0_2023-24_Luton_SheffieldUnited
0.44605263157894737,0.23684210526315788,0.3171052631578947,E0_2023-24_ManCity_Everton
0.44605263157894737,0.23684210526315788,0.3171052631578947,E0_2023-24_Nott'mForest_Newcastle
0.44605263157894737,0.23684210526315788,0.3171052631578947,E0_2023-24_Tottenham_Brighton
0.44605263157894737,0.23684210526315788,0.3171052631578947,E0_2023-24_Wolves_Brentford
0.44605263157894737,0.23684210526315788,0.3171052631578947,E0_2023-24_AstonVilla_ManUnited
0.44605263157894737,0.23684210526315788,0.3171052631578947,E0_2023-24_WestHam_Arsenal
0.44605263157894737,0.23684210526315788,0.3171052631578947,E0_2023-24_CrystalPalace_Chelsea
0.44605263157894737,0.23684210526315788,0.3171052631578947,E0_2023-24_Brentford_Liverpool
0.44605263157894737,0.23684210526315788,0.3171052631578947,E0_2023-24_Burnley_Arsenal
0.44605263157894737,0.23684210526315788,0.3171052631578947,E0_2023-24_Fulham_AstonVilla
0.44605263157894737,0.23684210526315788,0.3171052631578947,E0_2023-24_ManCity_Chelsea
0.44605263157894737,0.23684210526315788,0.3171052631578947,E0_2023-24_Newcastle_Bournemouth
0.44605263157894737,0.23684210526315788,0.3171052631578947,E0_2023-24_Nott'mForest_WestHam
0.44605263157894737,0.23684210526315788,0.3171052631578947,E0_2023-24_Tottenham_Wolves
0.44605263157894737,0.23684210526315788,0.3171052631578947,E0_2023-24_Luton_ManUnited
0.44605263157894737,0.23684210526315788,0.3171052631578947,E0_2023-24_SheffieldUnited_Brighton
0.44605263157894737,0.23684210526315788,0.3171052631578947,E0_2023-24_Everton_CrystalPalace
0.44605263157894737,0.23684210526315788,0.3171052631578947,E0_2023-24_ManCity_Brentford
0.44605263157894737,0.23684210526315788,0.3171052631578947,E0_2023-24_Liverpool_Luton
0.44605263157894737,0.23684210526315788,0.3171052631578947,E0_2023-24_Arsenal_Newcastle
0.44605263157894737,0.23684210526315788,0.3171052631578947,E0_2023-24_AstonVilla_Nott'mForest
0.44605263157894737,0.23684210526315788,0.3171052631578947,E0_2023-24_Bournemouth_ManCity
0.44605263157894737,0.23684210526315788,0.3171052631578947,E0_2023-24_Brighton_Everton
0.44605263157894737,0.23684210526315788,0.3171052631578947,E0_2023-24_CrystalPalace_Burnley
0.44605263157894737,0.23684210526315788,0.3171052631578947,E0_2023-24_ManUnited_Fulham
0.44605263157894737,0.23684210526315788,0.3171052631578947,E0_2023-24_Wolves_SheffieldUnited
0.44605263157894737,0.23684210526315788,0.3171052631578947,E0_2023-24_WestHam_Brentford
0.44605263157894737,0.23684210526315788,0.3171052631578947,E0_2023-24_Brentford_Chelsea
0.44605263157894737,0.23684210526315788,0.3171052631578947,E0_2023-24_Everton_WestHam
0.44605263157894737,0.23684210526315788,0.3171052631578947,E0_2023-24_Fulham_Brighton
0.44605263157894737,0.23684210526315788,0.3171052631578947,E0_2023-24_Luton_AstonVilla
0.44605263157894737,0.23684210526315788,0.3171052631578947,E0_2023-24_Newcastle_Wolves
0.44605263157894737,0.23684210526315788,0.3171052631578947,E0_2023-24_Nott'mForest_Liverpool
0.44605263157894737,0.23684210526315788,0.3171052631578947,E0_2023-24_Tottenham_CrystalPalace
0.44605263157894737,0.23684210526315788,0.3171052631578947,E0_2023-24_Burnley_Bournemouth
0.44605263157894737,0.23684210526315788,0.3171052631578947,E0_2023-24_ManCity_ManUnited
0.44605263157894737,0.23684210526315788,0.3171052631578947,E0_2023-24_SheffieldUnited_Arsenal
0.44605263157894737,0.23684210526315788,0.3171052631578947,E0_2023-24_Arsenal_Brentford
0.44605263157894737,0.23684210526315788,0.3171052631578947,E0_2023-24_Bournemouth_SheffieldUnited
0.44605263157894737,0.23684210526315788,0.3171052631578947,E0_2023-24_CrystalPalace_Luton
0.44605263157894737,0.23684210526315788,0.3171052631578947,E0_2023-24_ManUnited_Everton
0.44605263157894737,0.23684210526315788,0.3171052631578947,E0_2023-24_Wolves_Fulham
0.44605263157894737,0.23684210526315788,0.3171052631578947,E0_2023-24_AstonVilla_Tottenham
0.44605263157894737,0.23684210526315788,0.3171052631578947,E0_2023-24_Brighton_Nott'mForest
0.44605263157894737,0.23684210526315788,0.3171052631578947,E0_2023-24_Liverpool_ManCity
0.44605263157894737,0.23684210526315788,0.3171052631578947,E0_2023-24_WestHam_Burnley
0.44605263157894737,0.23684210526315788,0.3171052631578947,E0_2023-24_Chelsea_Newcastle
0.44605263157894737,0.23684210526315788,0.3171052631578947,E0_2023-24_Bournemouth_Luton
0.44605263157894737,0.23684210526315788,0.3171052631578947,E0_2023-24_Burnley_Brentford
0.44605263157894737,0.23684210526315788,0.3171052631578947,E0_2023-24_Fulham_Tottenham
0.44605263157894737,0.23684210526315788,0.3171052631578947,E0_2023-24_Luton_Nott'mForest
0.44605263157894737,0.23684210526315788,0.3171052631578947,E0_2023-24_WestHam_AstonVilla
0.44605263157894737,0.23684210526315788,0.3171052631578947,E0_2023-24_AstonVilla_Wolves
0.44605263157894737,0.23684210526315788,0.3171052631578947,E0_2023-24_Bournemouth_Everton
0.44605263157894737,0.23684210526315788,0.3171052631578947,E0_2023-24_Brentford_ManUnited
0.44605263157894737,0.23684210526315788,0.3171052631578947,E0_2023-24_Chelsea_Burnley
0.44605263157894737,0.23684210526315788,0.3171052631578947,E0_2023-24_Newcastle_WestHam
0.44605263157894737,0.23684210526315788,0.3171052631578947,E0_2023-24_Nott'mForest_CrystalPalace
0.44605263157894737,0.23684210526315788,0.3171052631578947,E0_2023-24_SheffieldUnited_Fulham
0.44605263157894737,0.23684210526315788,0.3171052631578947,E0_2023-24_Tottenham_Luton
0.44605263157894737,0.23684210526315788,0.3171052631578947,E0_2023-24_Liverpool_Brighton
0.44605263157894737,0.23684210526315788,0.3171052631578947,E0_2023-24_ManCity_Arsenal
0.44605263157894737,0.23684210526315788,0.3171052631578947,E0_2023-24_Bournemouth_CrystalPalace
0.44605263157894737,0.23684210526315788,0.3171052631578947,E0_2023-24_Burnley_Wolves
0.44605263157894737,0.23684210526315788,0.3171052631578947,E0_2023-24_Newcastle_Everton
0.44605263157894737,0.23684210526315788,0.3171052631578947,E0_2023-24_Nott'mForest_Fulham
0.44605263157894737,0.23684210526315788,0.3171052631578947,E0_2023-24_WestHam_Tottenham
0.44605263157894737,0.23684210526315788,0.3171052631578947,E0_2023-24_Arsenal_Luton
0.44605263157894737,0.23684210526315788,0.3171052631578947,E0_2023-24_Brentford_Brighton
0.44605263157894737,0.23684210526315788,0.3171052631578947,E0_2023-24_ManCity_AstonVilla
0.44605263157894737,0.23684210526315788,0.3171052631578947,E0_2023-24_Chelsea_ManUnited
0.44605263157894737,0.23684210526315788,0.3171052631578947,E0_2023-24_Liverpool_SheffieldUnited
0.44605263157894737,0.23684210526315788,0.3171052631578947,E0_2023-24_AstonVilla_Brentford
0.44605263157894737,0.23684210526315788,0.3171052631578947,E0_2023-24_Brighton_Arsenal
0.44605263157894737,0.23684210526315788,0.3171052631578947,E0_2023-24_CrystalPalace_ManCity
0.44605263157894737,0.23684210526315788,0.3171052631578947,E0_2023-24_Everton_Burnley
0.44605263157894737,0.23684210526315788,0.3171052631578947,E0_2023-24_Fulham_Newcastle
0.44605263157894737,0.23684210526315788,0.3171052631578947,E0_2023-24_Luton_Bournemouth
0.44605263157894737,0.23684210526315788,0.3171052631578947,E0_2023-24_Wolves_WestHam
0.44605263157894737,0.23684210526315788,0.3171052631578947,E0_2023-24_ManUnited_Liverpool
0.44605263157894737,0.23684210526315788,0.3171052631578947,E0_2023-24_SheffieldUnited_Chelsea
0.44605263157894737,0.23684210526315788,0.3171052631578947,E0_2023-24_Tottenham_Nott'mForest
0.44605263157894737,0.23684210526315788,0.3171052631578947,E0_2023-24_Bournemouth_ManUnited
0.44605263157894737,0.23684210526315788,0.3171052631578947,E0_2023-24_Brentford_SheffieldUnited
0.44605263157894737,0.23684210526315788,0.3171052631578947,E0_2023-24_Burnley_Brighton
0.44605263157894737,0.23684210526315788,0.3171052631578947,E0_2023-24_ManCity_Luton
0.44605263157894737,0.23684210526315788,0.3171052631578947,E0_2023-24_Newcastle_Tottenham
0.44605263157894737,0.23684210526315788,0.3171052631578947,E0_2023-24_Nott'mForest_Wolves
0.44605263157894737,0.23684210526315788,0.3171052631578947,E0_2023-24_Arsenal_AstonVilla
0.44605263157894737,0.23684210526315788,0.3171052631578947,E0_2023-24_Liverpool_CrystalPalace
0.44605263157894737,0.23684210526315788,0.3171052631578947,E0_2023-24_WestHam_Fulham
0.44605263157894737,0.23684210526315788,0.3171052631578947,E0_2023-24_Chelsea_Everton
0.44605263157894737,0.23684210526315788,0.3171052631578947,E0_2023-24_Luton_Brentford
0.44605263157894737,0.23684210526315788,0.3171052631578947,E0_2023-24_SheffieldUnited_Burnley
0.44605263157894737,0.23684210526315788,0.3171052631578947,E0_2023-24_Wolves_Arsenal
0.44605263157894737,0.23684210526315788,0.3171052631578947,E0_2023-24_AstonVilla_Bournemouth
0.44605263157894737,0.23684210526315788,0.3171052631578947,E0_2023-24_CrystalPalace_WestHam
0.44605263157894737,0.23684210526315788,0.3171052631578947,E0_2023-24_Everton_Nott'mForest
0.44605263157894737,0.23684210526315788,0.3171052631578947,E0_2023-24_Fulham_Liverpool
0.44605263157894737,0.23684210526315788,0.3171052631578947,E0_2023-24_Arsenal_Chelsea
0.44605263157894737,0.23684210526315788,0.3171052631578947,E0_2023-24_CrystalPalace_Newcastle
0.44605263157894737,0.23684210526315788,0.3171052631578947,E0_2023-24_Everton_Liverpool
0.44605263157894737,0.23684210526315788,0.3171052631578947,E0_2023-24_ManUnited_SheffieldUnited
0.44605263157894737,0.23684210526315788,0.3171052631578947,E0_2023-24_Wolves_Bournemouth
0.44605263157894737,0.23684210526315788,0.3171052631578947,E0_2023-24_Brighton_ManCity
0.44605263157894737,0.23684210526315788,0.3171052631578947,E0_2023-24_AstonVilla_Chelsea
0.44605263157894737,0.23684210526315788,0.3171052631578947,E0_2023-24_Everton_Brentford
0.44605263157894737,0.23684210526315788,0.3171052631578947,E0_2023-24_Fulham_CrystalPalace
0.44605263157894737,0.23684210526315788,0.3171052631578947,E0_2023-24_ManUnited_Burnley
0.44605263157894737,0.23684210526315788,0.3171052631578947,E0_2023-24_Newcastle_SheffieldUnited
0.44605263157894737,0.23684210526315788,0.3171052631578947,E0_2023-24_WestHam_Liverpool
0.44605263157894737,0.23684210526315788,0.3171052631578947,E0_2023-24_Wolves_Luton
0.44605263157894737,0.23684210526315788,0.3171052631578947,E0_2023-24_Bournemouth_Brighton
0.44605263157894737,0.23684210526315788,0.3171052631578947,E0_2023-24_Nott'mForest_ManCity
0.44605263157894737,0.23684210526315788,0.3171052631578947,E0_2023-24_Tottenham_Arsenal
0.44605263157894737,0.23684210526315788,0.3171052631578947,E0_2023-24_Chelsea_Tottenham
0.44605263157894737,0.23684210526315788,0.3171052631578947,E0_2023-24_Luton_Everton
0.44605263157894737,0.23684210526315788,0.3171052631578947,E0_2023-24_Arsenal_Bournemouth
0.44605263157894737,0.23684210526315788,0.3171052631578947,E0_2023-24_Brentford_Fulham
0.44605263157894737,0.23684210526315788,0.3171052631578947,E0_2023-24_Burnley_Newcastle
0.44605263157894737,0.23684210526315788,0.3171052631578947,E0_2023-24_ManCity_Wolves
0.44605263157894737,0.23684210526315788,0.3171052631578947,E0_2023-24_SheffieldUnited_Nott'mForest
0.44605263157894737,0.23684210526315788,0.3171052631578947,E0_2023-24_Brighton_AstonVilla
0.44605263157894737,0.23684210526315788,0.3171052631578947,E0_2023-24_Chelsea_WestHam
0.44605263157894737,0.23684210526315788,0.3171052631578947,E0_2023-24_Liverpool_Tottenham
0.44605263157894737,0.23684210526315788,0.3171052631578947,E0_2023-24_CrystalPalace_ManUnited
0.44605263157894737,0.23684210526315788,0.3171052631578947,E0_2023-24_Bournemouth_Brentford
0.44605263157894737,0.23684210526315788,0.3171052631578947,E0_2023-24_Everton_SheffieldUnited
0.44605263157894737,0.23684210526315788,0.3171052631578947,E0_2023-24_Fulham_ManCity
0.44605263157894737,0.23684210526315788,0.3171052631578947,E0_2023-24_Newcastle_Brighton
0.44605263157894737,0.23684210526315788,0.3171052631578947,E0_2023-24_Nott'mForest_Chelsea
0.44605263157894737,0.23684210526315788,0.3171052631578947,E0_2023-24_Tottenham_Burnley
0.44605263157894737,0.23684210526315788,0.3171052631578947,E0_2023-24_WestHam_Luton
0.44605263157894737,0.23684210526315788,0.3171052631578947,E0_2023-24_Wolves_CrystalPalace
0.44605263157894737,0.23684210526315788,0.3171052631578947,E0_2023-24_ManUnited_Arsenal
0.44605263157894737,0.23684210526315788,0.3171052631578947,E0_2023-24_AstonVilla_Liverpool
0.44605263157894737,0.23684210526315788,0.3171052631578947,E0_2023-24_Tottenham_ManCity
0.44605263157894737,0.23684210526315788,0.3171052631578947,E0_2023-24_Brighton_Chelsea
0.44605263157894737,0.23684210526315788,0.3171052631578947,E0_2023-24_ManUnited_Newcastle
0.44605263157894737,0.23684210526315788,0.3171052631578947,E0_2023-24_Arsenal_Everton
0.44605263157894737,0.23684210526315788,0.3171052631578947,E0_2023-24_Brentford_Newcastle
0.44605263157894737,0.23684210526315788,0.3171052631578947,E0_2023-24_Brighton_ManUnited
0.44605263157894737,0.23684210526315788,0.3171052631578947,E0_2023-24_Burnley_Nott'mForest
0.44605263157894737,0.23684210526315788,0.3171052631578947,E0_2023-24_Chelsea_Bournemouth
0.44605263157894737,0.23684210526315788,0.3171052631578947,E0_2023-24_CrystalPalace_AstonVilla
0.44605263157894737,0.23684210526315788,0.3171052631578947,E0_2023-24_Liverpool_Wolves
0.44605263157894737,0.23684210526315788,0.3171052631578947,E0_2023-24_Luton_Fulham
0.44605263157894737,0.23684210526315788,0.3171052631578947,E0_2023-24_ManCity_WestHam
0.44605263157894737,0.23684210526315788,0.3171052631578947,E0_2023-24_SheffieldUnited_Tottenham
0.4723684210526316,0.22236842105263158,0.30526315789473685,E0_2024-25_ManUnited_Fulham
0.4723684210526316,0.22236842105263158,0.30526315789473685,E0_2024-25_Arsenal_Wolves
0.4723684210526316,0.22236842105263158,0.30526315789473685,E0_2024-25_Everton_Brighton
0.4723684210526316,0.22236842105263158,0.30526315789473685,E0_2024-25_Ipswich_Liverpool
0.4723684210526316,0.22236842105263158,0.30526315789473685,E0_2024-25_Newcastle_Southampton
0.4723684210526316,0.22236842105263158,0.30526315789473685,E0_2024-25_Nott'mForest_Bournemouth
0.4723684210526316,0.22236842105263158,0.30526315789473685,E0_2024-25_WestHam_AstonVilla
0.4723684210526316,0.22236842105263158,0.30526315789473685,E0_2024-25_Brentford_CrystalPalace
0.4723684210526316,0.22236842105263158,0.30526315789473685,E0_2024-25_Chelsea_ManCity
0.4723684210526316,0.22236842105263158,0.30526315789473685,E0_2024-25_Leicester_Tottenham
0.4723684210526316,0.22236842105263158,0.30526315789473685,E0_2024-25_AstonVilla_Arsenal
0.4723684210526316,0.22236842105263158,0.30526315789473685,E0_2024-25_Brighton_ManUnited
0.4723684210526316,0.22236842105263158,0.30526315789473685,E0_2024-25_CrystalPalace_WestHam
0.4723684210526316,0.22236842105263158,0.30526315789473685,E0_2024-25_Fulham_Leicester
0.4723684210526316,0.22236842105263158,0.30526315789473685,E0_2024-25_ManCity_Ipswich
0.4723684210526316,0.22236842105263158,0.30526315789473685,E0_2024-25_Southampton_Nott'mForest
0.4723684210526316,0.22236842105263158,0.30526315789473685,E0_2024-25_Tottenham_Everton
0.4723684210526316,0.22236842105263158,0.30526315789473685,E0_2024-25_Bournemouth_Newcastle
0.4723684210526316,0.22236842105263158,0.30526315789473685,E0_2024-25_Liverpool_Brentford
0.4723684210526316,0.22236842105263158,0.30526315789473685,E0_2024-25_Wolves_Chelsea
0.4723684210526316,0.22236842105263158,0.30526315789473685,E0_2024-25_Arsenal_Brighton
0.4723684210526316,0.22236842105263158,0.30526315789473685,E0_2024-25_Brentford_Southampton
0.4723684210526316,0.22236842105263158,0.30526315789473685,E0_2024-25_Everton_Bournemouth
0.4723684210526316,0.22236842105263158,0.30526315789473685,E0_2024-25_Ipswich_Fulham
0.4723684210526316,0.22236842105263158,0.30526315789473685,E0_2024-25_Leicester_AstonVilla
0.4723684210526316,0.22236842105263158,0.30526315789473685,E0_2024-25_Nott'mForest_Wolves
0.4723684210526316,0.22236842105263158,0.30526315789473685,E0_2024-25_WestHam_ManCity
0.4723684210526316,0.22236842105263158,0.30526315789473685,E0_2024-25_Chelsea_CrystalPalace
0.4723684210526316,0.22236842105263158,0.30526315789473685,E0_2024-25_ManUnited_Liverpool
0.4723684210526316,0.22236842105263158,0.30526315789473685,E0_2024-25_Newcastle_Tottenham
0.4723684210526316,0.22236842105263158,0.30526315789473685,E0_2024-25_AstonVilla_Everton
0.4723684210526316,0.22236842105263158,0.30526315789473685,E0_2024-25_Bournemouth_Chelsea
0.4723684210526316,0.22236842105263158,0.30526315789473685,E0_2024-25_Brighton_Ipswich
0.4723684210526316,0.22236842105263158,0.30526315789473685,E0_2024-25_CrystalPalace_Leicester
0.4723684210526316,0.22236842105263158,0.30526315789473685,E0_2024-25_Fulham_WestHam
0.4723684210526316,0.22236842105263158,0.30526315789473685,E0_2024-25_Liverpool_Nott'mForest
0.4723684210526316,0.22236842105263158,0.30526315789473685,E0_2024-25_ManCity_Brentford
0.4723684210526316,0.22236842105263158,0.30526315789473685,E0_2024-25_Southampton_ManUnited
0.4723684210526316,0.22236842105263158,0.30526315789473685,E0_2024-25_Tottenham_Arsenal
0.4723684210526316,0.22236842105263158,0.30526315789473685,E0_2024-25_Wolves_Newcastle
0.4723684210526316,0.22236842105263158,0.30526315789473685,E0_2024-25_AstonVilla_Wolves
0.4723684210526316,0.22236842105263158,0.30526315789473685,E0_2024-25_CrystalPalace_ManUnited
0.4723684210526316,0.22236842105263158,0.30526315789473685,E0_2024-25_Fulham_Newcastle
0.4723684210526316,0.22236842105263158,0.30526315789473685,E0_2024-25_Leicester_Everton
0.4723684210526316,0.22236842105263158,0.30526315789473685,E0_2024-25_Liverpool_Bournemouth
0.4723684210526316,0.22236842105263158,0.30526315789473685,E0_2024-25_Southampton_Ipswich
0.4723684210526316,0.22236842105263158,0.30526315789473685,E0_2024-25_Tottenham_Brentford
0.4723684210526316,0.22236842105263158,0.30526315789473685,E0_2024-25_WestHam_Chelsea
0.4723684210526316,0.22236842105263158,0.30526315789473685,E0_2024-25_Brighton_Nott'mForest
0.4723684210526316,0.22236842105263158,0.30526315789473685,E0_2024-25_ManCity_Arsenal
0.4723684210526316,0.22236842105263158,0.30526315789473685,E0_2024-25_Arsenal_Leicester
0.4723684210526316,0.22236842105263158,0.30526315789473685,E0_2024-25_Brentford_WestHam
0.4723684210526316,0.22236842105263158,0.30526315789473685,E0_2024-25_Chelsea_Brighton
0.4723684210526316,0.22236842105263158,0.30526315789473685,E0_2024-25_Everton_CrystalPalace
0.4723684210526316,0.22236842105263158,0.30526315789473685,E0_2024-25_Newcastle_ManCity
0.4723684210526316,0.22236842105263158,0.30526315789473685,E0_2024-25_Nott'mForest_Fulham
0.4723684210526316,0.22236842105263158,0.30526315789473685,E0_2024-25_Wolves_Liverpool
0.4723684210526316,0.22236842105263158,0.30526315789473685,E0_2024-25_Ipswich_AstonVilla
0.4723684210526316,0.22236842105263158,0.30526315789473685,E0_2024-25_ManUnited_Tottenham
0.4723684210526316,0.22236842105263158,0.30526315789473685,E0_2024-25_Bournemouth_Southampton
0.4723684210526316,0.22236842105263158,0.30526315789473685,E0_2024-25_Arsenal_Southampton
0.4723684210526316,0.22236842105263158,0.30526315789473685,E0_2024-25_Brentford_Wolves
0.4723684210526316,0.22236842105263158,0.30526315789473685,E0_2024-25_CrystalPalace_Liverpool
0.4723684210526316,0.22236842105263158,0.30526315789473685,E0_2024-25_Everton_Newcastle
0.4723684210526316,0.22236842105263158,0.30526315789473685,E0_2024-25_Leicester_Bournemouth
0.4723684210526316,0.22236842105263158,0.30526315789473685,E0_2024-25_ManCity_Fulham
0.4723684210526316,0.22236842105263158,0.30526315789473685,E0_2024-25_WestHam_Ipswich
0.4723684210526316,0.22236842105263158,0.30526315789473685,E0_2024-25_AstonVilla_ManUnited
0.4723684210526316,0.22236842105263158,0.30526315789473685,E0_2024-25_Brighton_Tottenham
0.4723684210526316,0.22236842105263158,0.30526315789473685,E0_2024-25_Chelsea_Nott'mForest
0.4723684210526316,0.22236842105263158,0.30526315789473685,E0_2024-25_Bournemouth_Arsenal
0.4723684210526316,0.22236842105263158,0.30526315789473685,E0_2024-25_Fulham_AstonVilla
0.4723684210526316,0.22236842105263158,0.30526315789473685,E0_2024-25_Ipswich_Everton
0.4723684210526316,0.22236842105263158,0.30526315789473685,E0_2024-25_ManUnited_Brentford
0.4723684210526316,0.22236842105263158,0.30526315789473685,E0_2024-25_Newcastle_Brighton
0.4723684210526316,0.22236842105263158,0.30526315789473685,E0_2024-25_Southampton_Leicester
0.4723684210526316,0.22236842105263158,0.30526315789473685,E0_2024-25_Tottenham_WestHam
0.4723684210526316,0.22236842105263158,0.30526315789473685,E0_2024-25_Liverpool_Chelsea
0.4723684210526316,0.22236842105263158,0.30526315789473685,E0_2024-25_Wolves_ManCity
0.4723684210526316,0.22236842105263158,0.30526315789473685,E0_2024-25_Nott'mForest_CrystalPalace
0.4723684210526316,0.22236842105263158,0.30526315789473685,E0_2024-25_Leicester_Nott'mForest
0.4723684210526316,0.22236842105263158,0.30526315789473685,E0_2024-25_AstonVilla_Bournemouth
0.4723684210526316,0.22236842105263158,0.30526315789473685,E0_2024-25_Brentford_Ipswich
0.4723684210526316,0.22236842105263158,0.30526315789473685,E0_2024-25_Brighton_Wolves
0.4723684210526316,0.22236842105263158,0.30526315789473685,E0_2024-25_Everton_Fulham
0.4723684210526316,0.22236842105263158,0.30526315789473685,E0_2024-25_ManCity_Southampton
0.4723684210526316,0.22236842105263158,0.30526315789473685,E0_2024-25_Arsenal_Liverpool
0.4723684210526316,0.22236842105263158,0.30526315789473685,E0_2024-25_Chelsea_Newcastle
0.4723684210526316,0.22236842105263158,0.30526315789473685,E0_2024-25_CrystalPalace_Tottenham
0.4723684210526316,0.22236842105263158,0.30526315789473685,E0_2024-25_WestHam_ManUnited
0.4723684210526316,0.22236842105263158,0.30526315789473685,E0_2024-25_Bournemouth_ManCity
0.4723684210526316,0.22236842105263158,0.30526315789473685,E0_2024-25_Ipswich_Leicester
0.4723684210526316,0.22236842105263158,0.30526315789473685,E0_2024-25_Liverpool_Brighton
0.4723684210526316,0.22236842105263158,0.30526315789473685,E0_2024-25_Newcastle_Arsenal
0.4723684210526316,0.22236842105263158,0.30526315789473685,E0_2024-25_Nott'mForest_WestHam
0.4723684210526316,0.22236842105263158,0.30526315789473685,E0_2024-25_Southampton_Everton
0.4723684210526316,0.22236842105263158,0.30526315789473685,E0_2024-25_Wolves_CrystalPalace
0.4723684210526316,0.22236842105263158,0.30526315789473685,E0_2024-25_ManUnited_Chelsea
0.4723684210526316,0.22236842105263158,0.30526315789473685,E0_2024-25_Tottenham_AstonVilla
0.4723684210526316,0.22236842105263158,0.30526315789473685,E0_2024-25_Fulham_Brentford
0.4723684210526316,0.22236842105263158,0.30526315789473685,E0_2024-25_Brentford_Bournemouth
0.4723684210526316,0.22236842105263158,0.30526315789473685,E0_2024-25_Brighton_ManCity
0.4723684210526316,0.22236842105263158,0.30526315789473685,E0_2024-25_CrystalPalace_Fulham
0.4723684210526316,0.22236842105263158,0.30526315789473685,E0_2024-25_Liverpool_AstonVilla
0.4723684210526316,0.22236842105263158,0.30526315789473685,E0_2024-25_WestHam_Everton
0.4723684210526316,0.22236842105263158,0.30526315789473685,E0_2024-25_Wolves_Southampton
0.4723684210526316,0.22236842105263158,0.30526315789473685,E0_2024-25_Chelsea_Arsenal
0.4723684210526316,0.22236842105263158,0.30526315789473685,E0_2024-25_ManUnited_Leicester
0.4723684210526316,0.22236842105263158,0.30526315789473685,E0_2024-25_Nott'mForest_Newcastle
0.4723684210526316,0.22236842105263158,0.30526315789473685,E0_2024-25_Tottenham_Ipswich
0.4723684210526316,0.22236842105263158,0.30526315789473685,E0_2024-25_Arsenal_Nott'mForest
0.4723684210526316,0.22236842105263158,0.30526315789473685,E0_2024-25_AstonVilla_CrystalPalace
0.4723684210526316,0.22236842105263158,0.30526315789473685,E0_2024-25_Bournemouth_Brighton
0.4723684210526316,0.22236842105263158,0.30526315789473685,E0_2024-25_Everton_Brentford
0.4723684210526316,0.22236842105263158,0.30526315789473685,E0_2024-25_Fulham_Wolves
0.4723684210526316,0.22236842105263158,0.30526315789473685,E0_2024-25_Leicester_Chelsea
0.4723684210526316,0.22236842105263158,0.30526315789473685,E0_2024-25_ManCity_Tottenham
0.4723684210526316,0.22236842105263158,0.30526315789473685,E0_2024-25_Ipswich_ManUnited
0.4723684210526316,0.22236842105263158,0.30526315789473685,E0_2024-25_Southampton_Liverpool
0.4723684210526316,0.22236842105263158,0.30526315789473685,E0_2024-25_Newcastle_WestHam
0.4723684210526316,0.22236842105263158,0.30526315789473685,E0_2024-25_Brighton_Southampton
0.4723684210526316,0.22236842105263158,0.30526315789473685,E0_2024-25_Brentford_Leicester
0.4723684210526316,0.22236842105263158,0.30526315789473685,E0_2024-25_CrystalPalace_Newcastle
0.4723684210526316,0.22236842105263158,0.30526315789473685,E0_2024-25_Nott'mForest_Ipswich
0.4723684210526316,0.22236842105263158,0.30526315789473685,E0_2024-25_WestHam_Arsenal
0.4723684210526316,0.22236842105263158,0.30526315789473685,E0_2024-25_Wolves_Bournemouth
0.4723684210526316,0.22236842105263158,0.30526315789473685,E0_2024-25_Chelsea_AstonVilla
0.4723684210526316,0.22236842105263158,0.30526315789473685,E0_2024-25_Liverpool_ManCity
0.4723684210526316,0.22236842105263158,0.30526315789473685,E0_2024-25_ManUnited_Everton
0.4723684210526316,0.22236842105263158,0.30526315789473685,E0_2024-25_Tottenham_Fulham
0.4723684210526316,0.22236842105263158,0.30526315789473685,E0_2024-25_Ipswich_CrystalPalace
0.4723684210526316,0.22236842105263158,0.30526315789473685,E0_2024-25_Leicester_WestHam
0.4723684210526316,0.22236842105263158,0.30526315789473685,E0_2024-25_Arsenal_ManUnited
0.4723684210526316,0.22236842105263158,0.30526315789473685,E0_2024-25_AstonVilla_Brentford
0.4723684210526316,0.22236842105263158,0.30526315789473685,E0_2024-25_Everton_Wolves
0.4723684210526316,0.22236842105263158,0.30526315789473685,E0_2024-25_ManCity_Nott'mForest
0.4723684210526316,0.22236842105263158,0.30526315789473685,E0_2024-25_Newcastle_Liverpool
0.4723684210526316,0.22236842105263158,0.30526315789473685,E0_2024-25_Southampton_Chelsea
0.4723684210526316,0.22236842105263158,0.30526315789473685,E0_2024-25_Bournemouth_Tottenham
0.4723684210526316,0.22236842105263158,0.30526315789473685,E0_2024-25_Fulham_Brighton
0.4723684210526316,0.22236842105263158,0.30526315789473685,E0_2024-25_AstonVilla_Southampton
0.4723684210526316,0.22236842105263158,0.30526315789473685,E0_2024-25_Brentford_Newcastle
0.4723684210526316,0.22236842105263158,0.30526315789473685,E0_2024-25_CrystalPalace_ManCity
0.4723684210526316,0.22236842105263158,0.30526315789473685,E0_2024-25_ManUnited_Nott'mForest
0.4723684210526316,0.22236842105263158,0.30526315789473685,E0_2024-25_Fulham_Arsenal
0.4723684210526316,0.22236842105263158,0.30526315789473685,E0_2024-25_Ipswich_Bournemouth
0.4723684210526316,0.22236842105263158,0.30526315789473685,E0_2024-25_Leicester_Brighton
0.4723684210526316,0.22236842105263158,0.30526315789473685,E0_2024-25_Tottenham_Chelsea
0.4723684210526316,0.22236842105263158,0.30526315789473685,E0_2024-25_WestHam_Wolves
0.4723684210526316,0.22236842105263158,0.30526315789473685,E0_2024-25_Arsenal_Everton
0.4723684210526316,0.22236842105263158,0.30526315789473685,E0_2024-25_Liverpool_Fulham
0.4723684210526316,0.22236842105263158,0.30526315789473685,E0_2024-25_Newcastle_Leicester
0.4723684210526316,0.22236842105263158,0.30526315789473685,E0_2024-25_Nott'mForest_AstonVilla
0.4723684210526316,0.22236842105263158,0.30526315789473685,E0_2024-25_Wolves_Ipswich
0.4723684210526316,0.22236842105263158,0.30526315789473685,E0_2024-25_Brighton_CrystalPalace
0.4723684210526316,0.22236842105263158,0.30526315789473685,E0_2024-25_Chelsea_Brentford
0.4723684210526316,0.22236842105263158,0.30526315789473685,E0_2024-25_ManCity_ManUnited
0.4723684210526316,0.22236842105263158,0.30526315789473685,E0_2024-25_Southampton_Tottenham
0.4723684210526316,0.22236842105263158,0.30526315789473685,E0_2024-25_Bournemouth_WestHam
0.4723684210526316,0.22236842105263158,0.30526315789473685,E0_2024-25_AstonVilla_ManCity
0.4723684210526316,0.22236842105263158,0.30526315789473685,E0_2024-25_Brentford_Nott'mForest
0.4723684210526316,0.22236842105263158,0.30526315789473685,E0_2024-25_CrystalPalace_Arsenal
0.4723684210526316,0.22236842105263158,0.30526315789473685,E0_2024-25_Ipswich_Newcastle
0.4723684210526316,0.22236842105263158,0.30526315789473685,E0_2024-25_WestHam_Brighton
0.4723684210526316,0.22236842105263158,0.30526315789473685,E0_2024-25_Everton_Chelsea
0.4723684210526316,0.22236842105263158,0.30526315789473685,E0_2024-25_Fulham_Southampton
0.4723684210526316,0.22236842105263158,0.30526315789473685,E0_2024-25_Leicester_Wolves
0.4723684210526316,0.22236842105263158,0.30526315789473685,E0_2024-25_ManUnited_Bournemouth
0.4723684210526316,0.22236842105263158,0.30526315789473685,E0_2024-25_Tottenham_Liverpool
0.4723684210526316,0.22236842105263158,0.30526315789473685,E0_2024-25_Bournemouth_CrystalPalace
0.4723684210526316,0.22236842105263158,0.30526315789473685,E0_2024-25_Chelsea_Fulham
0.4723684210526316,0.22236842105263158,0.30526315789473685,E0_2024-25_Liverpool_Leicester
0.4723684210526316,0.22236842105263158,0.30526315789473685,E0_2024-25_ManCity_Everton
0.4723684210526316,0.22236842105263158,0.30526315789473685,E0_2024-25_Newcastle_AstonVilla
0.4723684210526316,0.22236842105263158,0.30526315789473685,E0_2024-25_Nott'mForest_Tottenham
0.4723684210526316,0.22236842105263158,0.30526315789473685,E0_2024-25_Southampton_WestHam
0.4723684210526316,0.22236842105263158,0.30526315789473685,E0_2024-25_Wolves_ManUnited
0.4723684210526316,0.22236842105263158,0.30526315789473685,E0_2024-25_Arsenal_Ipswich
0.4723684210526316,0.22236842105263158,0.30526315789473685,E0_2024-25_Brighton_Brentford
0.4723684210526316,0.22236842105263158,0.30526315789473685,E0_2024-25_CrystalPalace_Southampton
0.4723684210526316,0.22236842105263158,0.30526315789473685,E0_2024-25_Everton_Nott'mForest
0.4723684210526316,0.22236842105263158,0.30526315789473685,E0_2024-25_Fulham_Bournemouth
0.4723684210526316,0.22236842105263158,0.30526315789473685,E0_2024-25_Leicester_ManCity
0.4723684210526316,0.22236842105263158,0.30526315789473685,E0_2024-25_Tottenham_Wolves
0.4723684210526316,0.22236842105263158,0.30526315789473685,E0_2024-25_WestHam_Liverpool
0.4723684210526316,0.22236842105263158,0.30526315789473685,E0_2024-25_AstonVilla_Brighton
0.4723684210526316,0.22236842105263158,0.30526315789473685,E0_2024-25_Ipswich_Chelsea
0.4723684210526316,0.22236842105263158,0.30526315789473685,E0_2024-25_ManUnited_Newcastle
0.4723684210526316,0.22236842105263158,0.30526315789473685,E0_2024-25_Brentford_Arsenal
0.4723684210526316,0.22236842105263158,0.30526315789473685,E0_2024-25_AstonVilla_Leicester
0.4723684210526316,0.22236842105263158,0.30526315789473685,E0_2024-25_Bournemouth_Everton
0.4723684210526316,0.22236842105263158,0.30526315789473685,E0_2024-25_Brighton_Arsenal
0.4723684210526316,0.22236842105263158,0.30526315789473685,E0_2024-25_CrystalPalace_Chelsea
0.4723684210526316,0.22236842105263158,0.30526315789473685,E0_2024-25_ManCity_WestHam
0.4723684210526316,0.22236842105263158,0.30526315789473685,E0_2024-25_Southampton_Brentford
0.4723684210526316,0.22236842105263158,0.30526315789473685,E0_2024-25_Tottenham_Newcastle
0.4723684210526316,0.22236842105263158,0.30526315789473685,E0_2024-25_Fulham_Ipswich
0.4723684210526316,0.22236842105263158,0.30526315789473685,E0_2024-25_Liverpool_ManUnited
0.4723684210526316,0.22236842105263158,0.30526315789473685,E0_2024-25_Wolves_Nott'mForest
0.4723684210526316,0.22236842105263158,0.30526315789473685,E0_2024-25_Brentford_ManCity
0.4723684210526316,0.22236842105263158,0.30526315789473685,E0_2024-25_Chelsea_Bournemouth
0.4723684210526316,0.22236842105263158,0.30526315789473685,E0_2024-25_Nott'mForest_Liverpool
0.4723684210526316,0.22236842105263158,0.30526315789473685,E0_2024-25_WestHam_Fulham
0.4723684210526316,0.22236842105263158,0.30526315789473685,E0_2024-25_Arsenal_Tottenham
0.4723684210526316,0.22236842105263158,0.30526315789473685,E0_2024-25_Everton_AstonVilla
0.4723684210526316,0.22236842105263158,0.30526315789473685,E0_2024-25_Leicester_CrystalPalace
0.4723684210526316,0.22236842105263158,0.30526315789473685,E0_2024-25_Newcastle_Wolves
0.4723684210526316,0.22236842105263158,0.30526315789473685,E0_2024-25_Ipswich_Brighton
0.4723684210526316,0.22236842105263158,0.30526315789473685,E0_2024-25_ManUnited_Southampton
0.4723684210526316,0.22236842105263158,0.30526315789473685,E0_2024-25_Arsenal_AstonVilla
0.4723684210526316,0.22236842105263158,0.30526315789473685,E0_2024-25_Brentford_Liverpool
0.4723684210526316,0.22236842105263158,0.30526315789473685,E0_2024-25_Leicester_Fulham
0.4723684210526316,0.22236842105263158,0.30526315789473685,E0_2024-25_Newcastle_Bournemouth
0.4723684210526316,0.22236842105263158,0.30526315789473685,E0_2024-25_WestHam_CrystalPalace
0.4723684210526316,0.22236842105263158,0.30526315789473685,E0_2024-25_Everton_Tottenham
0.4723684210526316,0.22236842105263158,0.30526315789473685,E0_2024-25_Ipswich_ManCity
0.4723684210526316,0.22236842105263158,0.30526315789473685,E0_2024-25_ManUnited_Brighton
0.4723684210526316,0.22236842105263158,0.30526315789473685,E0_2024-25_Nott'mForest_Southampton
0.4723684210526316,0.22236842105263158,0.30526315789473685,E0_2024-25_Chelsea_Wolves
0.4723684210526316,0.22236842105263158,0.30526315789473685,E0_2024-25_Bournemouth_Nott'mForest
0.4723684210526316,0.22236842105263158,0.30526315789473685,E0_2024-25_Brighton_Everton
0.4723684210526316,0.22236842105263158,0.30526315789473685,E0_2024-25_Liverpool_Ipswich
0.4723684210526316,0.22236842105263158,0.30526315789473685,E0_2024-25_ManCity_Chelsea
0.4723684210526316,0.22236842105263158,0.30526315789473685,E0_2024-25_Southampton_Newcastle
0.4723684210526316,0.22236842105263158,0.30526315789473685,E0_2024-25_Wolves_Arsenal
0.4723684210526316,0.22236842105263158,0.30526315789473685,E0_2024-25_AstonVilla_WestHam
0.4723684210526316,0.22236842105263158,0.30526315789473685,E0_2024-25_CrystalPalace_Brentford
0.4723684210526316,0.22236842105263158,0.30526315789473685,E0_2024-25_Fulham_ManUnited
0.4723684210526316,0.22236842105263158,0.30526315789473685,E0_2024-25_Tottenham_Leicester
0.4723684210526316,0.22236842105263158,0.30526315789473685,E0_2024-25_Bournemouth_Liverpool
0.4723684210526316,0.22236842105263158,0.30526315789473685,E0_2024-25_Everton_Leicester
0.4723684210526316,0.22236842105263158,0.30526315789473685,E0_2024-25_Ipswich_Southampton
0.4723684210526316,0.22236842105263158,0.30526315789473685,E0_2024-25_Newcastle_Fulham
0.4723684210526316,0.22236842105263158,0.30526315789473685,E0_2024-25_Nott'mForest_Brighton
0.4723684210526316,0.22236842105263158,0.30526315789473685,E0_2024-25_Wolves_AstonVilla
0.4723684210526316,0.22236842105263158,0.30526315789473685,E0_2024-25_Arsenal_ManCity
0.4723684210526316,0.22236842105263158,0.30526315789473685,E0_2024-25_Brentford_Tottenham
0.4723684210526316,0.22236842105263158,0.30526315789473685,E0_2024-25_ManUnited_CrystalPalace
0.4723684210526316,0.22236842105263158,0.30526315789473685,E0_2024-25_Chelsea_WestHam
0.4723684210526316,0.22236842105263158,0.30526315789473685,E0_2024-25_Everton_Liverpool
0.4723684210526316,0.22236842105263158,0.30526315789473685,E0_2024-25_Brighton_Chelsea
0.4723684210526316,0.22236842105263158,0.30526315789473685,E0_2024-25_AstonVilla_Ipswich
0.4723684210526316,0.22236842105263158,0.30526315789473685,E0_2024-25_CrystalPalace_Everton
0.4723684210526316,0.22236842105263158,0.30526315789473685,E0_2024-25_Fulham_Nott'mForest
0.4723684210526316,0.22236842105263158,0.30526315789473685,E0_2024-25_Leicester_Arsenal
0.4723684210526316,0.22236842105263158,0.30526315789473685,E0_2024-25_ManCity_Newcastle
0.4723684210526316,0.22236842105263158,0.30526315789473685,E0_2024-25_Southampton_Bournemouth
0.4723684210526316,0.22236842105263158,0.30526315789473685,E0_2024-25_WestHam_Brentford
0.4723684210526316,0.22236842105263158,0.30526315789473685,E0_2024-25_Liverpool_Wolves
0.4723684210526316,0.22236842105263158,0.30526315789473685,E0_2024-25_Tottenham_ManUnited
0.4723684210526316,0.22236842105263158,0.30526315789473685,E0_2024-25_AstonVilla_Liverpool
0.4723684210526316,0.22236842105263158,0.30526315789473685,E0_2024-25_Leicester_Brentford
0.4723684210526316,0.22236842105263158,0.30526315789473685,E0_2024-25_Arsenal_WestHam
0.4723684210526316,0.22236842105263158,0.30526315789473685,E0_2024-25_AstonVilla_Chelsea
0.4723684210526316,0.22236842105263158,0.30526315789473685,E0_2024-25_Bournemouth_Wolves
0.4723684210526316,0.22236842105263158,0.30526315789473685,E0_2024-25_Everton_ManUnited
0.4723684210526316,0.22236842105263158,0.30526315789473685,E0_2024-25_Fulham_CrystalPalace
0.4723684210526316,0.22236842105263158,0.30526315789473685,E0_2024-25_Ipswich_Tottenham
0.4723684210526316,0.22236842105263158,0.30526315789473685,E0_2024-25_Southampton_Brighton
0.4723684210526316,0.22236842105263158,0.30526315789473685,E0_2024-25_ManCity_Liverpool
0.4723684210526316,0.22236842105263158,0.30526315789473685,E0_2024-25_Newcastle_Nott'mForest
0.4723684210526316,0.22236842105263158,0.30526315789473685,E0_2024-25_Brighton_Bournemouth
0.4723684210526316,0.22236842105263158,0.30526315789473685,E0_2024-25_Chelsea_Southampton
0.4723684210526316,0.22236842105263158,0.30526315789473685,E0_2024-25_CrystalPalace_AstonVilla
0.4723684210526316,0.22236842105263158,0.30526315789473685,E0_2024-25_Wolves_Fulham
0.4723684210526316,0.22236842105263158,0.30526315789473685,E0_2024-25_Brentford_Everton
0.4723684210526316,0.22236842105263158,0.30526315789473685,E0_2024-25_Liverpool_Newcastle
0.4723684210526316,0.22236842105263158,0.30526315789473685,E0_2024-25_ManUnited_Ipswich
0.4723684210526316,0.22236842105263158,0.30526315789473685,E0_2024-25_Nott'mForest_Arsenal
0.4723684210526316,0.22236842105263158,0.30526315789473685,E0_2024-25_Tottenham_ManCity
0.4723684210526316,0.22236842105263158,0.30526315789473685,E0_2024-25_WestHam_Leicester
0.4723684210526316,0.22236842105263158,0.30526315789473685,E0_2024-25_Brentford_AstonVilla
0.4723684210526316,0.22236842105263158,0.30526315789473685,E0_2024-25_Brighton_Fulham
0.4723684210526316,0.22236842105263158,0.30526315789473685,E0_2024-25_CrystalPalace_Ipswich
0.4723684210526316,0.22236842105263158,0.30526315789473685,E0_2024-25_Liverpool_Southampton
0.4723684210526316,0.22236842105263158,0.30526315789473685,E0_2024-25_Nott'mForest_ManCity
0.4723684210526316,0.22236842105263158,0.30526315789473685,E0_2024-25_Wolves_Everton
0.4723684210526316,0.22236842105263158,0.30526315789473685,E0_2024-25_Chelsea_Leicester
0.4723684210526316,0.22236842105263158,0.30526315789473685,E0_2024-25_ManUnited_Arsenal
0.4723684210526316,0.22236842105263158,0.30526315789473685,E0_2024-25_Tottenham_Bournemouth
0.4723684210526316,0.22236842105263158,0.30526315789473685,E0_2024-25_WestHam_Newcastle
0.4723684210526316,0.22236842105263158,0.30526315789473685,E0_2024-25_Bournemouth_Brentford
0.4723684210526316,0.22236842105263158,0.30526315789473685,E0_2024-25_Everton_WestHam
0.4723684210526316,0.22236842105263158,0.30526315789473685,E0_2024-25_Ipswich_Nott'mForest
0.4723684210526316,0.22236842105263158,0.30526315789473685,E0_2024-25_ManCity_Brighton
0.4723684210526316,0.22236842105263158,0.30526315789473685,E0_2024-25_Southampton_Wolves
0.4723684210526316,0.22236842105263158,0.30526315789473685,E0_2024-25_Arsenal_Chelsea
0.4723684210526316,0.22236842105263158,0.30526315789473685,E0_2024-25_Fulham_Tottenham
0.4723684210526316,0.22236842105263158,0.30526315789473685,E0_2024-25_Leicester_ManUnited
0.4723684210526316,0.22236842105263158,0.30526315789473685,E0_2024-25_Arsenal_Fulham
0.4723684210526316,0.22236842105263158,0.30526315789473685,E0_2024-25_Nott'mForest_ManUnited
0.4723684210526316,0.22236842105263158,0.30526315789473685,E0_2024-25_Wolves_WestHam
0.4723684210526316,0.22236842105263158,0.30526315789473685,E0_2024-25_Bournemouth_Ipswich
0.4723684210526316,0.22236842105263158,0.30526315789473685,E0_2024-25_Brighton_AstonVilla
0.4723684210526316,0.22236842105263158,0.30526315789473685,E0_2024-25_Liverpool_Everton
0.4723684210526316,0.22236842105263158,0.30526315789473685,E0_2024-25_ManCity_Leicester
0.4723684210526316,0.22236842105263158,0.30526315789473685,E0_2024-25_Newcastle_Brentford
0.4723684210526316,0.22236842105263158,0.30526315789473685,E0_2024-25_Southampton_CrystalPalace
0.4723684210526316,0.22236842105263158,0.30526315789473685,E0_2024-25_Chelsea_Tottenham
0.4723684210526316,0.22236842105263158,0.30526315789473685,E0_2024-25_AstonVilla_Nott'mForest
0.4723684210526316,0.22236842105263158,0.30526315789473685,E0_2024-25_CrystalPalace_Brighton
0.4723684210526316,0.22236842105263158,0.30526315789473685,E0_2024-25_Everton_Arsenal
0.4723684210526316,0.22236842105263158,0.30526315789473685,E0_2024-25_Ipswich_Wolves
0.4723684210526316,0.22236842105263158,0.30526315789473685,E0_2024-25_WestHam_Bournemouth
0.4723684210526316,0.22236842105263158,0.30526315789473685,E0_2024-25_Brentford_Chelsea
0.4723684210526316,0.22236842105263158,0.30526315789473685,E0_2024-25_Fulham_Liverpool
0.4723684210526316,0.22236842105263158,0.30526315789473685,E0_2024-25_ManUnited_ManCity
0.4723684210526316,0.22236842105263158,0.30526315789473685,E0_2024-25_Tottenham_Southampton
0.4723684210526316,0.22236842105263158,0.30526315789473685,E0_2024-25_Leicester_Newcastle
0.4723684210526316,0.22236842105263158,0.30526315789473685,E0_2024-25_Arsenal_Brentford
0.4723684210526316,0.22236842105263158,0.30526315789473685,E0_2024-25_Brighton_Leicester
0.4723684210526316,0.22236842105263158,0.30526315789473685,E0_2024-25_ManCity_CrystalPalace
0.4723684210526316,0.22236842105263158,0.30526315789473685,E0_2024-25_Nott'mForest_Everton
0.4723684210526316,0.22236842105263158,0.30526315789473685,E0_2024-25_Southampton_AstonVilla
0.4723684210526316,0.22236842105263158,0.30526315789473685,E0_2024-25_Chelsea_Ipswich
0.4723684210526316,0.22236842105263158,0.30526315789473685,E0_2024-25_Liverpool_WestHam
0.4723684210526316,0.22236842105263158,0.30526315789473685,E0_2024-25_Newcastle_ManUnited
0.4723684210526316,0.22236842105263158,0.30526315789473685,E0_2024-25_Wolves_Tottenham
0.4723684210526316,0.22236842105263158,0.30526315789473685,E0_2024-25_Bournemouth_Fulham
0.4723684210526316,0.22236842105263158,0.30526315789473685,E0_2024-25_Newcastle_CrystalPalace
0.4723684210526316,0.22236842105263158,0.30526315789473685,E0_2024-25_AstonVilla_Newcastle
0.4723684210526316,0.22236842105263158,0.30526315789473685,E0_2024-25_Brentford_Brighton
0.4723684210526316,0.22236842105263158,0.30526315789473685,E0_2024-25_CrystalPalace_Bournemouth
0.4723684210526316,0.22236842105263158,0.30526315789473685,E0_2024-25_Everton_ManCity
0.4723684210526316,0.22236842105263158,0.30526315789473685,E0_2024-25_WestHam_Southampton
0.4723684210526316,0.22236842105263158,0.30526315789473685,E0_2024-25_Fulham_Chelsea
0.4723684210526316,0.22236842105263158,0.30526315789473685,E0_2024-25_Ipswich_Arsenal
0.4723684210526316,0.22236842105263158,0.30526315789473685,E0_2024-25_Leicester_Liverpool
0.4723684210526316,0.22236842105263158,0.30526315789473685,E0_2024-25_ManUnited_Wolves
0.4723684210526316,0.22236842105263158,0.30526315789473685,E0_2024-25_Tottenham_Nott'mForest
0.4723684210526316,0.22236842105263158,0.30526315789473685,E0_2024-25_ManCity_AstonVilla
0.4723684210526316,0.22236842105263158,0.30526315789473685,E0_2024-25_Arsenal_CrystalPalace
0.4723684210526316,0.22236842105263158,0.30526315789473685,E0_2024-25_Brighton_WestHam
0.4723684210526316,0.22236842105263158,0.30526315789473685,E0_2024-25_Chelsea_Everton
0.4723684210526316,0.22236842105263158,0.30526315789473685,E0_2024-25_Newcastle_Ipswich
0.4723684210526316,0.22236842105263158,0.30526315789473685,E0_2024-25_Southampton_Fulham
0.4723684210526316,0.22236842105263158,0.30526315789473685,E0_2024-25_Wolves_Leicester
0.4723684210526316,0.22236842105263158,0.30526315789473685,E0_2024-25_Bournemouth_ManUnited
0.4723684210526316,0.22236842105263158,0.30526315789473685,E0_2024-25_Liverpool_Tottenham
0.4723684210526316,0.22236842105263158,0.30526315789473685,E0_2024-25_Nott'mForest_Brentford
0.4723684210526316,0.22236842105263158,0.30526315789473685,E0_2024-25_ManCity_Wolves
0.4723684210526316,0.22236842105263158,0.30526315789473685,E0_2024-25_Arsenal_Bournemouth
0.4723684210526316,0.22236842105263158,0.30526315789473685,E0_2024-25_AstonVilla_Fulham
0.4723684210526316,0.22236842105263158,0.30526315789473685,E0_2024-25_Everton_Ipswich
0.4723684210526316,0.22236842105263158,0.30526315789473685,E0_2024-25_Leicester_Southampton
0.4723684210526316,0.22236842105263158,0.30526315789473685,E0_2024-25_Brentford_ManUnited
0.4723684210526316,0.22236842105263158,0.30526315789473685,E0_2024-25_Brighton_Newcastle
0.4723684210526316,0.22236842105263158,0.30526315789473685,E0_2024-25_Chelsea_Liverpool
0.4723684210526316,0.22236842105263158,0.30526315789473685,E0_2024-25_WestHam_Tottenham
0.4723684210526316,0.22236842105263158,0.30526315789473685,E0_2024-25_CrystalPalace_Nott'mForest
0.4723684210526316,0.22236842105263158,0.30526315789473685,E0_2024-25_Bournemouth_AstonVilla
0.4723684210526316,0.22236842105263158,0.30526315789473685,E0_2024-25_Fulham_Everton
0.4723684210526316,0.22236842105263158,0.30526315789473685,E0_2024-25_Ipswich_Brentford
0.4723684210526316,0.22236842105263158,0.30526315789473685,E0_2024-25_Southampton_ManCity
0.4723684210526316,0.22236842105263158,0.30526315789473685,E0_2024-25_Wolves_Brighton
0.4723684210526316,0.22236842105263158,0.30526315789473685,E0_2024-25_Liverpool_Arsenal
0.4723684210526316,0.22236842105263158,0.30526315789473685,E0_2024-25_ManUnited_WestHam
0.4723684210526316,0.22236842105263158,0.30526315789473685,E0_2024-25_Newcastle_Chelsea
0.4723684210526316,0.22236842105263158,0.30526315789473685,E0_2024-25_Nott'mForest_Leicester
0.4723684210526316,0.22236842105263158,0.30526315789473685,E0_2024-25_Tottenham_CrystalPalace
0.4723684210526316,0.22236842105263158,0.30526315789473685,E0_2024-25_AstonVilla_Tottenham
0.4723684210526316,0.22236842105263158,0.30526315789473685,E0_2024-25_Chelsea_ManUnited
0.4723684210526316,0.22236842105263158,0.30526315789473685,E0_2024-25_Arsenal_Newcastle
0.4723684210526316,0.22236842105263158,0.30526315789473685,E0_2024-25_Brentford_Fulham
0.4723684210526316,0.22236842105263158,0.30526315789473685,E0_2024-25_Everton_Southampton
0.4723684210526316,0.22236842105263158,0.30526315789473685,E0_2024-25_Leicester_Ipswich
0.4723684210526316,0.22236842105263158,0.30526315789473685,E0_2024-25_WestHam_Nott'mForest
0.4723684210526316,0.22236842105263158,0.30526315789473685,E0_2024-25_Brighton_Liverpool
0.4723684210526316,0.22236842105263158,0.30526315789473685,E0_2024-25_CrystalPalace_Wolves
0.4723684210526316,0.22236842105263158,0.30526315789473685,E0_2024-25_ManCity_Bournemouth
0.4723684210526316,0.22236842105263158,0.30526315789473685,E0_2024-25_Bournemouth_Leicester
0.4723684210526316,0.22236842105263158,0.30526315789473685,E0_2024-25_Fulham_ManCity
0.4723684210526316,0.22236842105263158,0.30526315789473685,E0_2024-25_Ipswich_WestHam
0.4723684210526316,0.22236842105263158,0.30526315789473685,E0_2024-25_Liverpool_CrystalPalace
0.4723684210526316,0.22236842105263158,0.30526315789473685,E0_2024-25_ManUnited_AstonVilla
0.4723684210526316,0.22236842105263158,0.30526315789473685,E0_2024-25_Newcastle_Everton
0.4723684210526316,0.22236842105263158,0.30526315789473685,E0_2024-25_Nott'mForest_Chelsea
0.4723684210526316,0.22236842105263158,0.30526315789473685,E0_2024-25_Southampton_Arsenal
0.4723684210526316,0.22236842105263158,0.30526315789473685,E0_2024-25_Tottenham_Brighton
0.4723684210526316,0.22236842105263158,0.30526315789473685,E0_2024-25_Wolves_Brentford
0.4421052631578947,0.26842105263157895,0.2894736842105263,SP1_2022-23_Osasuna_Sevilla
0.4421052631578947,0.26842105263157895,0.2894736842105263,SP1_2022-23_Barcelona_Vallecano
0.4421052631578947,0.26842105263157895,0.2894736842105263,SP1_2022-23_Celta_Espanol
0.4421052631578947,0.26842105263157895,0.2894736842105263,SP1_2022-23_Valladolid_Villarreal
0.4421052631578947,0.26842105263157895,0.2894736842105263,SP1_2022-23_Almeria_RealMadrid
0.4421052631578947,0.26842105263157895,0.2894736842105263,SP1_2022-23_Cadiz_Sociedad
0.4421052631578947,0.26842105263157895,0.2894736842105263,SP1_2022-23_Valencia_Girona
0.4421052631578947,0.26842105263157895,0.2894736842105263,SP1_2022-23_AthBilbao_Mallorca
0.4421052631578947,0.26842105263157895,0.2894736842105263,SP1_2022-23_Betis_Elche
0.4421052631578947,0.26842105263157895,0.2894736842105263,SP1_2022-23_Getafe_AthMadrid
0.4421052631578947,0.26842105263157895,0.2894736842105263,SP1_2022-23_Espanol_Vallecano
0.4421052631578947,0.26842105263157895,0.2894736842105263,SP1_2022-23_Sevilla_Valladolid
0.4421052631578947,0.26842105263157895,0.2894736842105263,SP1_2022-23_Celta_RealMadrid
0.4421052631578947,0.26842105263157895,0.2894736842105263,SP1_2022-23_Mallorca_Betis
0.4421052631578947,0.26842105263157895,0.2894736842105263,SP1_2022-23_Osasuna_Cadiz
0.4421052631578947,0.26842105263157895,0.2894736842105263,SP1_2022-23_AthBilbao_Valencia
0.4421052631578947,0.26842105263157895,0.2894736842105263,SP1_2022-23_AthMadrid_Villarreal
0.4421052631578947,0.26842105263157895,0.2894736842105263,SP1_2022-23_Sociedad_Barcelona
0.4421052631578947,0.26842105263157895,0.2894736842105263,SP1_2022-23_Elche_Almeria
0.4421052631578947,0.26842105263157895,0.2894736842105263,SP1_2022-23_Girona_Getafe
0.4421052631578947,0.26842105263157895,0.2894736842105263,SP1_2022-23_Betis_Osasuna
0.4421052631578947,0.26842105263157895,0.2894736842105263,SP1_2022-23_Girona_Celta
0.4421052631578947,0.26842105263157895,0.2894736842105263,SP1_2022-23_Almeria_Sevilla
0.4421052631578947,0.26842105263157895,0.2894736842105263,SP1_2022-23_Elche_Sociedad
0.4421052631578947,0.26842105263157895,0.2894736842105263,SP1_2022-23_Vallecano_Mallorca
0.4421052631578947,0.26842105263157895,0.2894736842105263,SP1_2022-23_Barcelona_Valladolid
0.4421052631578947,0.26842105263157895,0.2894736842105263,SP1_2022-23_Espanol_RealMadrid
0.4421052631578947,0.26842105263157895,0.2894736842105263,SP1_2022-23_Getafe_Villarreal
0.4421052631578947,0.26842105263157895,0.2894736842105263,SP1_2022-23_Cadiz_AthBilbao
0.4421052631578947,0.26842105263157895,0.2894736842105263,SP1_2022-23_Valencia_AthMadrid
0.4421052631578947,0.26842105263157895,0.2894736842105263,SP1_2022-23_Celta_Cadiz
0.4421052631578947,0.26842105263157895,0.2894736842105263,SP1_2022-23_Mallorca_Girona
0.4421052631578947,0.26842105263157895,0.2894736842105263,SP1_2022-23_RealMadrid_Betis
0.4421052631578947,0.26842105263157895,0.2894736842105263,SP1_2022-23_Sevilla_Barcelona
0.4421052631578947,0.26842105263157895,0.2894736842105263,SP1_2022-23_Sociedad_AthMadrid
0.4421052631578947,0.26842105263157895,0.2894736842105263,SP1_2022-23_AthBilbao_Espanol
0.4421052631578947,0.26842105263157895,0.2894736842105263,SP1_2022-23_Osasuna_Vallecano
0.4421052631578947,0.26842105263157895,0.2894736842105263,SP1_2022-23_Valencia_Getafe
0.4421052631578947,0.26842105263157895,0.2894736842105263,SP1_2022-23_Villarreal_Elche
0.4421052631578947,0.26842105263157895,0.2894736842105263,SP1_2022-23_Valladolid_Almeria
0.4421052631578947,0.26842105263157895,0.2894736842105263,SP1_2022-23_Girona_Valladolid
0.4421052631578947,0.26842105263157895,0.2894736842105263,SP1_2022-23_AthMadrid_Celta
0.4421052631578947,0.26842105263157895,0.2894736842105263,SP1_2022-23_Cadiz_Barcelona
0.4421052631578947,0.26842105263157895,0.2894736842105263,SP1_2022-23_Espanol_Sevilla
0.4421052631578947,0.26842105263157895,0.2894736842105263,SP1_2022-23_Vallecano_Valencia
0.4421052631578947,0.26842105263157895,0.2894736842105263,SP1_2022-23_Betis_Villarreal
0.4421052631578947,0.26842105263157895,0.2894736842105263,SP1_2022-23_Elche_AthBilbao
0.4421052631578947,0.26842105263157895,0.2894736842105263,SP1_2022-23_Getafe_Sociedad
0.4421052631578947,0.26842105263157895,0.2894736842105263,SP1_2022-23_RealMadrid_Mallorca
0.4421052631578947,0.26842105263157895,0.2894736842105263,SP1_2022-23_Almeria_Osasuna
0.4421052631578947,0.26842105263157895,0.2894736842105263,SP1_2022-23_Valladolid_Cadiz
0.4421052631578947,0.26842105263157895,0.2894736842105263,SP1_2022-23_AthBilbao_Vallecano
0.4421052631578947,0.26842105263157895,0.2894736842105263,SP1_2022-23_Barcelona_Elche
0.4421052631578947,0.26842105263157895,0.2894736842105263,SP1_2022-23_Mallorca_Almeria
0.4421052631578947,0.26842105263157895,0.2894736842105263,SP1_2022-23_Valencia_Celta
0.4421052631578947,0.26842105263157895,0.2894736842105263,SP1_2022-23_AthMadrid_RealMadrid
0.4421052631578947,0.26842105263157895,0.2894736842105263,SP1_2022-23_Betis_Girona
0.4421052631578947,0.26842105263157895,0.2894736842105263,SP1_2022-23_Osasuna_Getafe
0.4421052631578947,0.26842105263157895,0.2894736842105263,SP1_2022-23_Sociedad_Espanol
0.4421052631578947,0.26842105263157895,0.2894736842105263,SP1_2022-23_Villarreal_Sevilla
0.4421052631578947,0.26842105263157895,0.2894736842105263,SP1_2022-23_AthBilbao_Almeria
0.4421052631578947,0.26842105263157895,0.2894736842105263,SP1_2022-23_Cadiz_Villarreal
0.4421052631578947,0.26842105263157895,0.2894736842105263,SP1_2022-23_Getafe_Valladolid
0.4421052631578947,0.26842105263157895,0.2894736842105263,SP1_2022-23_Mallorca_Barcelona
0.4421052631578947,0.26842105263157895,0.2894736842105263,SP1_2022-23_Sevilla_AthMadrid
0.4421052631578947,0.26842105263157895,0.2894736842105263,SP1_2022-23_Celta_Betis
0.4421052631578947,0.26842105263157895,0.2894736842105263,SP1_2022-23_Espanol_Valencia
0.4421052631578947,0.26842105263157895,0.2894736842105263,SP1_2022-23_Girona_Sociedad
0.4421052631578947,0.26842105263157895,0.2894736842105263,SP1_2022-23_RealMadrid_Osasuna
0.4421052631578947,0.26842105263157895,0.2894736842105263,SP1_2022-23_Vallecano_Elche
0.4421052631578947,0.26842105263157895,0.2894736842105263,SP1_2022-23_Osasuna_Valencia
0.4421052631578947,0.26842105263157895,0.2894736842105263,SP1_2022-23_Almeria_Vallecano
0.4421052631578947,0.26842105263157895,0.2894736842105263,SP1_2022-23_AthMadrid_Girona
0.4421052631578947,0.26842105263157895,0.2894736842105263,SP1_2022-23_Getafe_RealMadrid
0.4421052631578947,0.26842105263157895,0.2894736842105263,SP1_2022-23_Sevilla_AthBilbao
0.4421052631578947,0.26842105263157895,0.2894736842105263,SP1_2022-23_Barcelona_Celta
0.4421052631578947,0.26842105263157895,0.2894736842105263,SP1_2022-23_Cadiz_Espanol
0.4421052631578947,0.26842105263157895,0.2894736842105263,SP1_2022-23_Sociedad_Villarreal
0.4421052631578947,0.26842105263157895,0.2894736842105263,SP1_2022-23_Valladolid_Betis
0.4421052631578947,0.26842105263157895,0.2894736842105263,SP1_2022-23_Elche_Mallorca
0.4421052631578947,0.26842105263157895,0.2894736842105263,SP1_2022-23_Vallecano_Getafe
0.4421052631578947,0.26842105263157895,0.2894736842105263,SP1_2022-23_AthBilbao_AthMadrid
0.4421052631578947,0.26842105263157895,0.2894736842105263,SP1_2022-23_Girona_Cadiz
0.4421052631578947,0.26842105263157895,0.2894736842105263,SP1_2022-23_Mallorca_Sevilla
0.4421052631578947,0.26842105263157895,0.2894736842105263,SP1_2022-23_Valencia_Elche
0.4421052631578947,0.26842105263157895,0.2894736842105263,SP1_2022-23_Betis_Almeria
0.4421052631578947,0.26842105263157895,0.2894736842105263,SP1_2022-23_Celta_Sociedad
0.4421052631578947,0.26842105263157895,0.2894736842105263,SP1_2022-23_Espanol_Valladolid
0.4421052631578947,0.26842105263157895,0.2894736842105263,SP1_2022-23_RealMadrid_Barcelona
0.4421052631578947,0.26842105263157895,0.2894736842105263,SP1_2022-23_Villarreal_Osasuna
0.4421052631578947,0.26842105263157895,0.2894736842105263,SP1_2022-23_AthMadrid_Vallecano
0.4421052631578947,0.26842105263157895,0.2894736842105263,SP1_2022-23_Getafe_AthBilbao
0.4421052631578947,0.26842105263157895,0.2894736842105263,SP1_2022-23_Sevilla_Valencia
0.4421052631578947,0.26842105263157895,0.2894736842105263,SP1_2022-23_Cadiz_Betis
0.4421052631578947,0.26842105263157895,0.2894736842105263,SP1_2022-23_Elche_RealMadrid
0.4421052631578947,0.26842105263157895,0.2894736842105263,SP1_2022-23_Sociedad_Mallorca
0.4421052631578947,0.26842105263157895,0.2894736842105263,SP1_2022-23_Valladolid_Celta
0.4421052631578947,0.26842105263157895,0.2894736842105263,SP1_2022-23_Almeria_Girona
0.4421052631578947,0.26842105263157895,0.2894736842105263,SP1_2022-23_Barcelona_Villarreal
0.4421052631578947,0.26842105263157895,0.2894736842105263,SP1_2022-23_Osasuna_Espanol
0.4421052631578947,0.26842105263157895,0.2894736842105263,SP1_2022-23_RealMadrid_Sevilla
0.4421052631578947,0.26842105263157895,0.2894736842105263,SP1_2022-23_Valencia_Mallorca
0.4421052631578947,0.26842105263157895,0.2894736842105263,SP1_2022-23_Valladolid_Sociedad
0.4421052631578947,0.26842105263157895,0.2894736842105263,SP1_2022-23_Vallecano_Cadiz
0.4421052631578947,0.26842105263157895,0.2894736842105263,SP1_2022-23_Barcelona_AthBilbao
0.4421052631578947,0.26842105263157895,0.2894736842105263,SP1_2022-23_Betis_AthMadrid
0.4421052631578947,0.26842105263157895,0.2894736842105263,SP1_2022-23_Espanol_Elche
0.4421052631578947,0.26842105263157895,0.2894736842105263,SP1_2022-23_Girona_Osasuna
0.4421052631578947,0.26842105263157895,0.2894736842105263,SP1_2022-23_Villarreal_Almeria
0.4421052631578947,0.26842105263157895,0.2894736842105263,SP1_2022-23_Celta_Getafe
0.4421052631578947,0.26842105263157895,0.2894736842105263,SP1_2022-23_Mallorca_Espanol
0.4421052631578947,0.26842105263157895,0.2894736842105263,SP1_2022-23_Almeria_Celta
0.4421052631578947,0.26842105263157895,0.2894736842105263,SP1_2022-23_Cadiz_AthMadrid
0.4421052631578947,0.26842105263157895,0.2894736842105263,SP1_2022-23_Sevilla_Vallecano
0.4421052631578947,0.26842105263157895,0.2894736842105263,SP1_2022-23_Valencia_Barcelona
0.4421052631578947,0.26842105263157895,0.2894736842105263,SP1_2022-23_AthBilbao_Villarreal
0.4421052631578947,0.26842105263157895,0.2894736842105263,SP1_2022-23_Osasuna_Valladolid
0.4421052631578947,0.26842105263157895,0.2894736842105263,SP1_2022-23_RealMadrid_Girona
0.4421052631578947,0.26842105263157895,0.2894736842105263,SP1_2022-23_Sociedad_Betis
0.4421052631578947,0.26842105263157895,0.2894736842105263,SP1_2022-23_Elche_Getafe
0.4421052631578947,0.26842105263157895,0.2894736842105263,SP1_2022-23_Girona_AthBilbao
0.4421052631578947,0.26842105263157895,0.2894736842105263,SP1_2022-23_Barcelona_Almeria
0.4421052631578947,0.26842105263157895,0.2894736842105263,SP1_2022-23_Celta_Osasuna
0.4421052631578947,0.26842105263157895,0.2894736842105263,SP1_2022-23_Getafe_Cadiz
0.4421052631578947,0.26842105263157895,0.2894736842105263,SP1_2022-23_Valladolid_Elche
0.4421052631578947,0.26842105263157895,0.2894736842105263,SP1_2022-23_AthMadrid_Espanol
0.4421052631578947,0.26842105263157895,0.2894736842105263,SP1_2022-23_Betis_Sevilla
0.4421052631578947,0.26842105263157895,0.2894736842105263,SP1_2022-23_Sociedad_Valencia
0.4421052631578947,0.26842105263157895,0.2894736842105263,SP1_2022-23_Villarreal_Mallorca
0.4421052631578947,0.26842105263157895,0.2894736842105263,SP1_2022-23_Vallecano_RealMadrid
0.4421052631578947,0.26842105263157895,0.2894736842105263,SP1_2022-23_AthBilbao_Valladolid
0.4421052631578947,0.26842105263157895,0.2894736842105263,SP1_2022-23_Elche_Girona
0.4421052631578947,0.26842105263157895,0.2894736842105263,SP1_2022-23_Osasuna_Barcelona
0.4421052631578947,0.26842105263157895,0.2894736842105263,SP1_2022-23_Almeria_Getafe
0.4421052631578947,0.26842105263157895,0.2894736842105263,SP1_2022-23_Espanol_Villarreal
0.4421052631578947,0.26842105263157895,0.2894736842105263,SP1_2022-23_Mallorca_AthMadrid
0.4421052631578947,0.26842105263157895,0.2894736842105263,SP1_2022-23_Sevilla_Sociedad
0.4421052631578947,0.26842105263157895,0.2894736842105263,SP1_2022-23_RealMadrid_Cadiz
0.4421052631578947,0.26842105263157895,0.2894736842105263,SP1_2022-23_Valencia_Betis
0.4421052631578947,0.26842105263157895,0.2894736842105263,SP1_2022-23_Vallecano_Celta
0.4421052631578947,0.26842105263157895,0.2894736842105263,SP1_2022-23_AthMadrid_Elche
0.4421052631578947,0.26842105263157895,0.2894736842105263,SP1_2022-23_Betis_AthBilbao
0.4421052631578947,0.26842105263157895,0.2894736842105263,SP1_2022-23_Girona_Vallecano
0.4421052631578947,0.26842105263157895,0.2894736842105263,SP1_2022-23_Cadiz_Almeria
0.4421052631578947,0.26842105263157895,0.2894736842105263,SP1_2022-23_Celta_Sevilla
0.4421052631578947,0.26842105263157895,0.2894736842105263,SP1_2022-23_Getafe_Mallorca
0.4421052631578947,0.26842105263157895,0.2894736842105263,SP1_2022-23_Valladolid_RealMadrid
0.4421052631578947,0.26842105263157895,0.2894736842105263,SP1_2022-23_Barcelona_Espanol
0.4421052631578947,0.26842105263157895,0.2894736842105263,SP1_2022-23_Sociedad_Osasuna
0.4421052631578947,0.26842105263157895,0.2894736842105263,SP1_2022-23_Villarreal_Valencia
0.4421052631578947,0.26842105263157895,0.2894736842105263,SP1_2022-23_Elche_Celta
0.4421052631578947,0.26842105263157895,0.2894736842105263,SP1_2022-23_Valencia_Cadiz
0.4421052631578947,0.26842105263157895,0.2894736842105263,SP1_2022-23_Espanol_Girona
0.4421052631578947,0.26842105263157895,0.2894736842105263,SP1_2022-23_Mallorca_Valladolid
0.4421052631578947,0.26842105263157895,0.2894736842105263,SP1_2022-23_Villarreal_RealMadrid
0.4421052631578947,0.26842105263157895,0.2894736842105263,SP1_2022-23_Almeria_Sociedad
0.4421052631578947,0.26842105263157895,0.2894736842105263,SP1_2022-23_AthMadrid_Barcelona
0.4421052631578947,0.26842105263157895,0.2894736842105263,SP1_2022-23_Sevilla_Getafe
0.4421052631578947,0.26842105263157895,0.2894736842105263,SP1_2022-23_Vallecano_Betis
0.4421052631578947,0.26842105263157895,0.2894736842105263,SP1_2022-23_AthBilbao_Osasuna
0.4421052631578947,0.26842105263157895,0.2894736842105263,SP1_2022-23_Celta_Villarreal
0.4421052631578947,0.26842105263157895,0.2894736842105263,SP1_2022-23_Girona_Sevilla
0.4421052631578947,0.26842105263157895,0.2894736842105263,SP1_2022-23_Osasuna_Mallorca
0.4421052631578947,0.26842105263157895,0.2894736842105263,SP1_2022-23_Sociedad_AthBilbao
0.4421052631578947,0.26842105263157895,0.2894736842105263,SP1_2022-23_Valladolid_Vallecano
0.4421052631578947,0.26842105263157895,0.2894736842105263,SP1_2022-23_Almeria_AthMadrid
0.4421052631578947,0.26842105263157895,0.2894736842105263,SP1_2022-23_Getafe_Espanol
0.4421052631578947,0.26842105263157895,0.2894736842105263,SP1_2022-23_Cadiz_Elche
0.4421052631578947,0.26842105263157895,0.2894736842105263,SP1_2022-23_Mallorca_Celta
0.4421052631578947,0.26842105263157895,0.2894736842105263,SP1_2022-23_AthMadrid_Valladolid
0.4421052631578947,0.26842105263157895,0.2894736842105263,SP1_2022-23_Espanol_Betis
0.4421052631578947,0.26842105263157895,0.2894736842105263,SP1_2022-23_Sevilla_Cadiz
0.4421052631578947,0.26842105263157895,0.2894736842105263,SP1_2022-23_Vallecano_Sociedad
0.4421052631578947,0.26842105263157895,0.2894736842105263,SP1_2022-23_AthBilbao_RealMadrid
0.4421052631578947,0.26842105263157895,0.2894736842105263,SP1_2022-23_Barcelona_Getafe
0.4421052631578947,0.26842105263157895,0.2894736842105263,SP1_2022-23_Elche_Osasuna
0.4421052631578947,0.26842105263157895,0.2894736842105263,SP1_2022-23_Villarreal_Girona
0.4421052631578947,0.26842105263157895,0.2894736842105263,SP1_2022-23_Valencia_Almeria
0.4421052631578947,0.26842105263157895,0.2894736842105263,SP1_2022-23_Almeria_Espanol
0.4421052631578947,0.26842105263157895,0.2894736842105263,SP1_2022-23_Cadiz_Mallorca
0.4421052631578947,0.26842105263157895,0.2894736842105263,SP1_2022-23_Getafe_Betis
0.4421052631578947,0.26842105263157895,0.2894736842105263,SP1_2022-23_Girona_Barcelona
0.4421052631578947,0.26842105263157895,0.2894736842105263,SP1_2022-23_Sevilla_Elche
0.4421052631578947,0.26842105263157895,0.2894736842105263,SP1_2022-23_Celta_AthBilbao
0.4421052631578947,0.26842105263157895,0.2894736842105263,SP1_2022-23_Osasuna_AthMadrid
0.4421052631578947,0.26842105263157895,0.2894736842105263,SP1_2022-23_RealMadrid_Sociedad
0.4421052631578947,0.26842105263157895,0.2894736842105263,SP1_2022-23_Valladolid_Valencia
0.4421052631578947,0.26842105263157895,0.2894736842105263,SP1_2022-23_Villarreal_Vallecano
0.4421052631578947,0.26842105263157895,0.2894736842105263,SP1_2022-23_Betis_Barcelona
0.4421052631578947,0.26842105263157895,0.2894736842105263,SP1_2022-23_RealMadrid_Valencia
0.4421052631578947,0.26842105263157895,0.2894736842105263,SP1_2022-23_AthBilbao_Cadiz
0.4421052631578947,0.26842105263157895,0.2894736842105263,SP1_2022-23_AthMadrid_Getafe
0.4421052631578947,0.26842105263157895,0.2894736842105263,SP1_2022-23_Betis_Celta
0.4421052631578947,0.26842105263157895,0.2894736842105263,SP1_2022-23_Elche_Villarreal
0.4421052631578947,0.26842105263157895,0.2894736842105263,SP1_2022-23_Espanol_Osasuna
0.4421052631578947,0.26842105263157895,0.2894736842105263,SP1_2022-23_Barcelona_Sevilla
0.4421052631578947,0.26842105263157895,0.2894736842105263,SP1_2022-23_Girona_Valencia
0.4421052631578947,0.26842105263157895,0.2894736842105263,SP1_2022-23_Mallorca_RealMadrid
0.4421052631578947,0.26842105263157895,0.2894736842105263,SP1_2022-23_Sociedad_Valladolid
0.4421052631578947,0.26842105263157895,0.2894736842105263,SP1_2022-23_Vallecano_Almeria
0.4421052631578947,0.26842105263157895,0.2894736842105263,SP1_2022-23_Cadiz_Girona
0.4421052631578947,0.26842105263157895,0.2894736842105263,SP1_2022-23_Almeria_Betis
0.4421052631578947,0.26842105263157895,0.2894736842105263,SP1_2022-23_Sevilla_Mallorca
0.4421052631578947,0.26842105263157895,0.2894736842105263,SP1_2022-23_Valencia_AthBilbao
0.4421052631578947,0.26842105263157895,0.2894736842105263,SP1_2022-23_Celta_AthMadrid
0.4421052631578947,0.26842105263157895,0.2894736842105263,SP1_2022-23_Getafe_Vallecano
0.4421052631578947,0.26842105263157895,0.2894736842105263,SP1_2022-23_Valladolid_Osasuna
0.4421052631578947,0.26842105263157895,0.2894736842105263,SP1_2022-23_Villarreal_Barcelona
0.4421052631578947,0.26842105263157895,0.2894736842105263,SP1_2022-23_Espanol_Sociedad
0.4421052631578947,0.26842105263157895,0.2894736842105263,SP1_2022-23_RealMadrid_Elche
0.4421052631578947,0.26842105263157895,0.2894736842105263,SP1_2022-23_Girona_Almeria
0.4421052631578947,0.26842105263157895,0.2894736842105263,SP1_2022-23_Betis_Valladolid
0.4421052631578947,0.26842105263157895,0.2894736842105263,SP1_2022-23_Mallorca_Villarreal
0.4421052631578947,0.26842105263157895,0.2894736842105263,SP1_2022-23_Osasuna_RealMadrid
0.4421052631578947,0.26842105263157895,0.2894736842105263,SP1_2022-23_Sociedad_Celta
0.4421052631578947,0.26842105263157895,0.2894736842105263,SP1_2022-23_AthMadrid_AthBilbao
0.4421052631578947,0.26842105263157895,0.2894736842105263,SP1_2022-23_Barcelona_Cadiz
0.4421052631578947,0.26842105263157895,0.2894736842105263,SP1_2022-23_Elche_Espanol
0.4421052631578947,0.26842105263157895,0.2894736842105263,SP1_2022-23_Vallecano_Sevilla
0.4421052631578947,0.26842105263157895,0.2894736842105263,SP1_2022-23_Getafe_Valencia
0.4421052631578947,0.26842105263157895,0.2894736842105263,SP1_2022-23_Elche_Betis
0.4421052631578947,0.26842105263157895,0.2894736842105263,SP1_2022-23_Cadiz_Vallecano
0.4421052631578947,0.26842105263157895,0.2894736842105263,SP1_2022-23_Espanol_Mallorca
0.4421052631578947,0.26842105263157895,0.2894736842105263,SP1_2022-23_RealMadrid_AthMadrid
0.4421052631578947,0.26842105263157895,0.2894736842105263,SP1_2022-23_Valencia_Sociedad
0.4421052631578947,0.26842105263157895,0.2894736842105263,SP1_2022-23_Almeria_Barcelona
0.4421052631578947,0.26842105263157895,0.2894736842105263,SP1_2022-23_AthBilbao_Girona
0.4421052631578947,0.26842105263157895,0.2894736842105263,SP1_2022-23_Celta_Valladolid
0.4421052631578947,0.26842105263157895,0.2894736842105263,SP1_2022-23_Sevilla_Osasuna
0.4421052631578947,0.26842105263157895,0.2894736842105263,SP1_2022-23_Villarreal_Getafe
0.4421052631578947,0.26842105263157895,0.2894736842105263,SP1_2022-23_Sociedad_Cadiz
0.4421052631578947,0.26842105263157895,0.2894736842105263,SP1_2022-23_Almeria_Villarreal
0.4421052631578947,0.26842105263157895,0.2894736842105263,SP1_2022-23_AthMadrid_Sevilla
0.4421052631578947,0.26842105263157895,0.2894736842105263,SP1_2022-23_Getafe_Girona
0.4421052631578947,0.26842105263157895,0.2894736842105263,SP1_2022-23_Mallorca_Elche
0.4421052631578947,0.26842105263157895,0.2894736842105263,SP1_2022-23_Barcelona_Valencia
0.4421052631578947,0.26842105263157895,0.2894736842105263,SP1_2022-23_Betis_RealMadrid
0.4421052631578947,0.26842105263157895,0.2894736842105263,SP1_2022-23_Valladolid_Espanol
0.4421052631578947,0.26842105263157895,0.2894736842105263,SP1_2022-23_Vallecano_AthBilbao
0.4421052631578947,0.26842105263157895,0.2894736842105263,SP1_2022-23_Osasuna_Celta
0.4421052631578947,0.26842105263157895,0.2894736842105263,SP1_2022-23_Cadiz_Getafe
0.4421052631578947,0.26842105263157895,0.2894736842105263,SP1_2022-23_Celta_Vallecano
0.4421052631578947,0.26842105263157895,0.2894736842105263,SP1_2022-23_Elche_Valladolid
0.4421052631578947,0.26842105263157895,0.2894736842105263,SP1_2022-23_RealMadrid_Espanol
0.4421052631578947,0.26842105263157895,0.2894736842105263,SP1_2022-23_Valencia_Osasuna
0.4421052631578947,0.26842105263157895,0.2894736842105263,SP1_2022-23_AthBilbao_Barcelona
0.4421052631578947,0.26842105263157895,0.2894736842105263,SP1_2022-23_Mallorca_Sociedad
0.4421052631578947,0.26842105263157895,0.2894736842105263,SP1_2022-23_Sevilla_Almeria
0.4421052631578947,0.26842105263157895,0.2894736842105263,SP1_2022-23_Villarreal_Betis
0.4421052631578947,0.26842105263157895,0.2894736842105263,SP1_2022-23_Girona_AthMadrid
0.4421052631578947,0.26842105263157895,0.2894736842105263,SP1_2022-23_Valladolid_AthBilbao
0.4421052631578947,0.26842105263157895,0.2894736842105263,SP1_2022-23_Almeria_Cadiz
0.4421052631578947,0.26842105263157895,0.2894736842105263,SP1_2022-23_AthMadrid_Valencia
0.4421052631578947,0.26842105263157895,0.2894736842105263,SP1_2022-23_Espanol_Celta
0.4421052631578947,0.26842105263157895,0.2894736842105263,SP1_2022-23_Vallecano_Girona
0.4421052631578947,0.26842105263157895,0.2894736842105263,SP1_2022-23_Barcelona_RealMadrid
0.4421052631578947,0.26842105263157895,0.2894736842105263,SP1_2022-23_Betis_Mallorca
0.4421052631578947,0.26842105263157895,0.2894736842105263,SP1_2022-23_Getafe_Sevilla
0.4421052631578947,0.26842105263157895,0.2894736842105263,SP1_2022-23_Osasuna_Villarreal
0.4421052631578947,0.26842105263157895,0.2894736842105263,SP1_2022-23_Sociedad_Elche
0.4421052631578947,0.26842105263157895,0.2894736842105263,SP1_2022-23_Mallorca_Osasuna
0.4421052631578947,0.26842105263157895,0.2894736842105263,SP1_2022-23_AthBilbao_Getafe
0.4421052631578947,0.26842105263157895,0.2894736842105263,SP1_2022-23_Cadiz_Sevilla
0.4421052631578947,0.26842105263157895,0.2894736842105263,SP1_2022-23_Elche_Barcelona
0.4421052631578947,0.26842105263157895,0.2894736842105263,SP1_2022-23_Girona_Espanol
0.4421052631578947,0.26842105263157895,0.2894736842105263,SP1_2022-23_AthMadrid_Betis
0.4421052631578947,0.26842105263157895,0.2894736842105263,SP1_2022-23_Celta_Almeria
0.4421052631578947,0.26842105263157895,0.2894736842105263,SP1_2022-23_RealMadrid_Valladolid
0.4421052631578947,0.26842105263157895,0.2894736842105263,SP1_2022-23_Villarreal_Sociedad
0.4421052631578947,0.26842105263157895,0.2894736842105263,SP1_2022-23_Valencia_Vallecano
0.4421052631578947,0.26842105263157895,0.2894736842105263,SP1_2022-23_Sevilla_Celta
0.4421052631578947,0.26842105263157895,0.2894736842105263,SP1_2022-23_Espanol_AthBilbao
0.4421052631578947,0.26842105263157895,0.2894736842105263,SP1_2022-23_Osasuna_Elche
0.4421052631578947,0.26842105263157895,0.2894736842105263,SP1_2022-23_RealMadrid_Villarreal
0.4421052631578947,0.26842105263157895,0.2894736842105263,SP1_2022-23_Sociedad_Getafe
0.4421052631578947,0.26842105263157895,0.2894736842105263,SP1_2022-23_Almeria_Valencia
0.4421052631578947,0.26842105263157895,0.2894736842105263,SP1_2022-23_Betis_Cadiz
0.4421052631578947,0.26842105263157895,0.2894736842105263,SP1_2022-23_Valladolid_Mallorca
0.4421052631578947,0.26842105263157895,0.2894736842105263,SP1_2022-23_Vallecano_AthMadrid
0.4421052631578947,0.26842105263157895,0.2894736842105263,SP1_2022-23_Barcelona_Girona
0.4421052631578947,0.26842105263157895,0.2894736842105263,SP1_2022-23_Vallecano_Osasuna
0.4421052631578947,0.26842105263157895,0.2894736842105263,SP1_2022-23_AthBilbao_Sociedad
0.4421052631578947,0.26842105263157895,0.2894736842105263,SP1_2022-23_Betis_Espanol
0.4421052631578947,0.26842105263157895,0.2894736842105263,SP1_2022-23_Cadiz_RealMadrid
0.4421052631578947,0.26842105263157895,0.2894736842105263,SP1_2022-23_Villarreal_Valladolid
0.4421052631578947,0.26842105263157895,0.2894736842105263,SP1_2022-23_AthMadrid_Almeria
0.4421052631578947,0.26842105263157895,0.2894736842105263,SP1_2022-23_Getafe_Barcelona
0.4421052631578947,0.26842105263157895,0.2894736842105263,SP1_2022-23_Girona_Elche
0.4421052631578947,0.26842105263157895,0.2894736842105263,SP1_2022-23_Valencia_Sevilla
0.4421052631578947,0.26842105263157895,0.2894736842105263,SP1_2022-23_Celta_Mallorca
0.4421052631578947,0.26842105263157895,0.2894736842105263,SP1_2022-23_Espanol_Cadiz
0.4421052631578947,0.26842105263157895,0.2894736842105263,SP1_2022-23_Almeria_AthBilbao
0.4421052631578947,0.26842105263157895,0.2894736842105263,SP1_2022-23_Osasuna_Betis
0.4421052631578947,0.26842105263157895,0.2894736842105263,SP1_2022-23_RealMadrid_Celta
0.4421052631578947,0.26842105263157895,0.2894736842105263,SP1_2022-23_Sociedad_Vallecano
0.4421052631578947,0.26842105263157895,0.2894736842105263,SP1_2022-23_Valladolid_Girona
0.4421052631578947,0.26842105263157895,0.2894736842105263,SP1_2022-23_Barcelona_AthMadrid
0.4421052631578947,0.26842105263157895,0.2894736842105263,SP1_2022-23_Elche_Valencia
0.4421052631578947,0.26842105263157895,0.2894736842105263,SP1_2022-23_Mallorca_Getafe
0.4421052631578947,0.26842105263157895,0.2894736842105263,SP1_2022-23_Sevilla_Villarreal
0.4421052631578947,0.26842105263157895,0.2894736842105263,SP1_2022-23_Betis_Sociedad
0.4421052631578947,0.26842105263157895,0.2894736842105263,SP1_2022-23_Cadiz_Osasuna
0.4421052631578947,0.26842105263157895,0.2894736842105263,SP1_2022-23_Girona_RealMadrid
0.4421052631578947,0.26842105263157895,0.2894736842105263,SP1_2022-23_AthMadrid_Mallorca
0.4421052631578947,0.26842105263157895,0.2894736842105263,SP1_2022-23_Celta_Elche
0.4421052631578947,0.26842105263157895,0.2894736842105263,SP1_2022-23_Getafe_Almeria
0.4421052631578947,0.26842105263157895,0.2894736842105263,SP1_2022-23_Vallecano_Barcelona
0.4421052631578947,0.26842105263157895,0.2894736842105263,SP1_2022-23_AthBilbao_Sevilla
0.4421052631578947,0.26842105263157895,0.2894736842105263,SP1_2022-23_Valencia_Valladolid
0.4421052631578947,0.26842105263157895,0.2894736842105263,SP1_2022-23_Villarreal_Espanol
0.4421052631578947,0.26842105263157895,0.2894736842105263,SP1_2022-23_Osasuna_Sociedad
0.4421052631578947,0.26842105263157895,0.2894736842105263,SP1_2022-23_Barcelona_Betis
0.4421052631578947,0.26842105263157895,0.2894736842105263,SP1_2022-23_Elche_Vallecano
0.4421052631578947,0.26842105263157895,0.2894736842105263,SP1_2022-23_RealMadrid_Almeria
0.4421052631578947,0.26842105263157895,0.2894736842105263,SP1_2022-23_Cadiz_Valencia
0.4421052631578947,0.26842105263157895,0.2894736842105263,SP1_2022-23_Espanol_Getafe
0.4421052631578947,0.26842105263157895,0.2894736842105263,SP1_2022-23_Valladolid_AthMadrid
0.4421052631578947,0.26842105263157895,0.2894736842105263,SP1_2022-23_Villarreal_Celta
0.4421052631578947,0.26842105263157895,0.2894736842105263,SP1_2022-23_Mallorca_AthBilbao
0.4421052631578947,0.26842105263157895,0.2894736842105263,SP1_2022-23_Sevilla_Girona
0.4421052631578947,0.26842105263157895,0.2894736842105263,SP1_2022-23_Almeria_Elche
0.4421052631578947,0.26842105263157895,0.2894736842105263,SP1_2022-23_Barcelona_Osasuna
0.4421052631578947,0.26842105263157895,0.2894736842105263,SP1_2022-23_Sociedad_RealMadrid
0.4421052631578947,0.26842105263157895,0.2894736842105263,SP1_2022-23_AthMadrid_Cadiz
0.4421052631578947,0.26842105263157895,0.2894736842105263,SP1_2022-23_Getafe_Celta
0.4421052631578947,0.26842105263157895,0.2894736842105263,SP1_2022-23_Valencia_Villarreal
0.4421052631578947,0.26842105263157895,0.2894736842105263,SP1_2022-23_AthBilbao_Betis
0.4421052631578947,0.26842105263157895,0.2894736842105263,SP1_2022-23_Girona_Mallorca
0.4421052631578947,0.26842105263157895,0.2894736842105263,SP1_2022-23_Sevilla_Espanol
0.4421052631578947,0.26842105263157895,0.2894736842105263,SP1_2022-23_Vallecano_Valladolid
0.4421052631578947,0.26842105263157895,0.2894736842105263,SP1_2022-23_Mallorca_Cadiz
0.4421052631578947,0.26842105263157895,0.2894736842105263,SP1_2022-23_Osasuna_Almeria
0.4421052631578947,0.26842105263157895,0.2894736842105263,SP1_2022-23_RealMadrid_Getafe
0.4421052631578947,0.26842105263157895,0.2894736842105263,SP1_2022-23_Sociedad_Girona
0.4421052631578947,0.26842105263157895,0.2894736842105263,SP1_2022-23_Villarreal_AthBilbao
0.4421052631578947,0.26842105263157895,0.2894736842105263,SP1_2022-23_Celta_Valencia
0.4421052631578947,0.26842105263157895,0.2894736842105263,SP1_2022-23_Elche_AthMadrid
0.4421052631578947,0.26842105263157895,0.2894736842105263,SP1_2022-23_Espanol_Barcelona
0.4421052631578947,0.26842105263157895,0.2894736842105263,SP1_2022-23_Valladolid_Sevilla
0.4421052631578947,0.26842105263157895,0.2894736842105263,SP1_2022-23_Betis_Vallecano
0.4421052631578947,0.26842105263157895,0.2894736842105263,SP1_2022-23_Cadiz_Valladolid
0.4421052631578947,0.26842105263157895,0.2894736842105263,SP1_2022-23_Almeria_Mallorca
0.4421052631578947,0.26842105263157895,0.2894736842105263,SP1_2022-23_AthBilbao_Celta
0.4421052631578947,0.26842105263157895,0.2894736842105263,SP1_2022-23_Barcelona_Sociedad
0.4421052631578947,0.26842105263157895,0.2894736842105263,SP1_2022-23_Getafe_Elche
0.4421052631578947,0.26842105263157895,0.2894736842105263,SP1_2022-23_Girona_Villarreal
0.4421052631578947,0.26842105263157895,0.2894736842105263,SP1_2022-23_AthMadrid_Osasuna
0.4421052631578947,0.26842105263157895,0.2894736842105263,SP1_2022-23_Sevilla_Betis
0.4421052631578947,0.26842105263157895,0.2894736842105263,SP1_2022-23_Valencia_RealMadrid
0.4421052631578947,0.26842105263157895,0.2894736842105263,SP1_2022-23_Vallecano_Espanol
0.4421052631578947,0.26842105263157895,0.2894736842105263,SP1_2022-23_Celta_Girona
0.4421052631578947,0.26842105263157895,0.2894736842105263,SP1_2022-23_Sociedad_Almeria
0.4421052631578947,0.26842105263157895,0.2894736842105263,SP1_2022-23_Valladolid_Barcelona
0.4421052631578947,0.26842105263157895,0.2894736842105263,SP1_2022-23_Betis_Getafe
0.4421052631578947,0.26842105263157895,0.2894736842105263,SP1_2022-23_Elche_Sevilla
0.4421052631578947,0.26842105263157895,0.2894736842105263,SP1_2022-23_Espanol_AthMadrid
0.4421052631578947,0.26842105263157895,0.2894736842105263,SP1_2022-23_RealMadrid_Vallecano
0.4421052631578947,0.26842105263157895,0.2894736842105263,SP1_2022-23_Villarreal_Cadiz
0.4421052631578947,0.26842105263157895,0.2894736842105263,SP1_2022-23_Mallorca_Valencia
0.4421052631578947,0.26842105263157895,0.2894736842105263,SP1_2022-23_Osasuna_AthBilbao
0.4421052631578947,0.26842105263157895,0.2894736842105263,SP1_2022-23_Sevilla_RealMadrid
0.4421052631578947,0.26842105263157895,0.2894736842105263,SP1_2022-23_Almeria_Valladolid
0.4421052631578947,0.26842105263157895,0.2894736842105263,SP1_2022-23_AthBilbao_Elche
0.4421052631578947,0.26842105263157895,0.2894736842105263,SP1_2022-23_AthMadrid_Sociedad
0.4421052631578947,0.26842105263157895,0.2894736842105263,SP1_2022-23_Barcelona_Mallorca
0.4421052631578947,0.26842105263157895,0.2894736842105263,SP1_2022-23_Cadiz_Celta
0.4421052631578947,0.26842105263157895,0.2894736842105263,SP1_2022-23_Getafe_Osasuna
0.4421052631578947,0.26842105263157895,0.2894736842105263,SP1_2022-23_Girona_Betis
0.4421052631578947,0.26842105263157895,0.2894736842105263,SP1_2022-23_Valencia_Espanol
0.4421052631578947,0.26842105263157895,0.2894736842105263,SP1_2022-23_Vallecano_Villarreal
0.4421052631578947,0.26842105263157895,0.2894736842105263,SP1_2022-23_Betis_Valencia
0.4421052631578947,0.26842105263157895,0.2894736842105263,SP1_2022-23_Celta_Barcelona
0.4421052631578947,0.26842105263157895,0.2894736842105263,SP1_2022-23_Elche_Cadiz
0.4421052631578947,0.26842105263157895,0.2894736842105263,SP1_2022-23_Espanol_Almeria
0.4421052631578947,0.26842105263157895,0.2894736842105263,SP1_2022-23_Mallorca_Vallecano
0.4421052631578947,0.26842105263157895,0.2894736842105263,SP1_2022-23_Osasuna_Girona
0.4421052631578947,0.26842105263157895,0.2894736842105263,SP1_2022-23_RealMadrid_AthBilbao
0.4421052631578947,0.26842105263157895,0.2894736842105263,SP1_2022-23_Sociedad_Sevilla
0.4421052631578947,0.26842105263157895,0.2894736842105263,SP1_2022-23_Valladolid_Getafe
0.4421052631578947,0.26842105263157895,0.2894736842105263,SP1_2022-23_Villarreal_AthMadrid
0.4618421052631579,0.24473684210526317,0.29342105263157897,SP1_2023-24_Almeria_Vallecano
0.4618421052631579,0.24473684210526317,0.29342105263157897,SP1_2023-24_Sevilla_Valencia
0.4618421052631579,0.24473684210526317,0.29342105263157897,SP1_2023-24_AthBilbao_RealMadrid
0.4618421052631579,0.24473684210526317,0.29342105263157897,SP1_2023-24_LasPalmas_Mallorca
0.4618421052631579,0.24473684210526317,0.29342105263157897,SP1_2023-24_Sociedad_Girona
0.4618421052631579,0.24473684210526317,0.29342105263157897,SP1_2023-24_Celta_Osasuna
0.4618421052631579,0.24473684210526317,0.29342105263157897,SP1_2023-24_Getafe_Barcelona
0.4618421052631579,0.24473684210526317,0.29342105263157897,SP1_2023-24_Villarreal_Betis
0.4618421052631579,0.24473684210526317,0.29342105263157897,SP1_2023-24_AthMadrid_Granada
0.4618421052631579,0.24473684210526317,0.29342105263157897,SP1_2023-24_Cadiz_Alaves
0.4618421052631579,0.24473684210526317,0.29342105263157897,SP1_2023-24_Mallorca_Villarreal
0.4618421052631579,0.24473684210526317,0.29342105263157897,SP1_2023-24_Valencia_LasPalmas
0.4618421052631579,0.24473684210526317,0.29342105263157897,SP1_2023-24_Almeria_RealMadrid
0.4618421052631579,0.24473684210526317,0.29342105263157897,SP1_2023-24_Osasuna_AthBilbao
0.4618421052631579,0.24473684210526317,0.29342105263157897,SP1_2023-24_Sociedad_Celta
0.4618421052631579,0.24473684210526317,0.29342105263157897,SP1_2023-24_Barcelona_Cadiz
0.4618421052631579,0.24473684210526317,0.29342105263157897,SP1_2023-24_Betis_AthMadrid
0.4618421052631579,0.24473684210526317,0.29342105263157897,SP1_2023-24_Girona_Getafe
0.4618421052631579,0.24473684210526317,0.29342105263157897,SP1_2023-24_Alaves_Sevilla
0.4618421052631579,0.24473684210526317,0.29342105263157897,SP1_2023-24_Granada_Vallecano
0.4618421052631579,0.24473684210526317,0.29342105263157897,SP1_2023-24_Celta_RealMadrid
0.4618421052631579,0.24473684210526317,0.29342105263157897,SP1_2023-24_LasPalmas_Sociedad
0.4618421052631579,0.24473684210526317,0.29342105263157897,SP1_2023-24_Cadiz_Almeria
0.4618421052631579,0.24473684210526317,0.29342105263157897,SP1_2023-24_Granada_Mallorca
0.4618421052631579,0.24473684210526317,0.29342105263157897,SP1_2023-24_Sevilla_Girona
0.4618421052631579,0.24473684210526317,0.29342105263157897,SP1_2023-24_AthBilbao_Betis
0.4618421052631579,0.24473684210526317,0.29342105263157897,SP1_2023-24_Valencia_Osasuna
0.4618421052631579,0.24473684210526317,0.29342105263157897,SP1_2023-24_Villarreal_Barcelona
0.4618421052631579,0.24473684210526317,0.29342105263157897,SP1_2023-24_Getafe_Alaves
0.4618421052631579,0.24473684210526317,0.29342105263157897,SP1_2023-24_Vallecano_AthMadrid
0.4618421052631579,0.24473684210526317,0.29342105263157897,SP1_2023-24_Almeria_Celta
0.4618421052631579,0.24473684210526317,0.29342105263157897,SP1_2023-24_Cadiz_Villarreal
0.4618421052631579,0.24473684210526317,0.29342105263157897,SP1_2023-24_Alaves_Valencia
0.4618421052631579,0.24473684210526317,0.29342105263157897,SP1_2023-24_Betis_Vallecano
0.4618421052631579,0.24473684210526317,0.29342105263157897,SP1_2023-24_RealMadrid_Getafe
0.4618421052631579,0.24473684210526317,0.29342105263157897,SP1_2023-24_Sociedad_Granada
0.4618421052631579,0.24473684210526317,0.29342105263157897,SP1_2023-24_Girona_LasPalmas
0.4618421052631579,0.24473684210526317,0.29342105263157897,SP1_2023-24_Mallorca_AthBilbao
0.4618421052631579,0.24473684210526317,0.29342105263157897,SP1_2023-24_Osasuna_Barcelona
0.4618421052631579,0.24473684210526317,0.29342105263157897,SP1_2023-24_Vallecano_Alaves
0.4618421052631579,0.24473684210526317,0.29342105263157897,SP1_2023-24_AthBilbao_Cadiz
0.4618421052631579,0.24473684210526317,0.29342105263157897,SP1_2023-24_Barcelona_Betis
0.4618421052631579,0.24473684210526317,0.29342105263157897,SP1_2023-24_Celta_Mallorca
0.4618421052631579,0.24473684210526317,0.29342105263157897,SP1_2023-24_Valencia_AthMadrid
0.4618421052631579,0.24473684210526317,0.29342105263157897,SP1_2023-24_Getafe_Osasuna
0.4618421052631579,0.24473684210526317,0.29342105263157897,SP1_2023-24_RealMadrid_Sociedad
0.4618421052631579,0.24473684210526317,0.29342105263157897,SP1_2023-24_Sevilla_LasPalmas
0.4618421052631579,0.24473684210526317,0.29342105263157897,SP1_2023-24_Villarreal_Almeria
0.4618421052631579,0.24473684210526317,0.29342105263157897,SP1_2023-24_Granada_Girona
0.4618421052631579,0.24473684210526317,0.29342105263157897,SP1_2023-24_Alaves_AthBilbao
0.4618421052631579,0.24473684210526317,0.29342105263157897,SP1_2023-24_Almeria_Valencia
0.4618421052631579,0.24473684210526317,0.29342105263157897,SP1_2023-24_Barcelona_Celta
0.4618421052631579,0.24473684210526317,0.29342105263157897,SP1_2023-24_Girona_Mallorca
0.4618421052631579,0.24473684210526317,0.29342105263157897,SP1_2023-24_Osasuna_Sevilla
0.4618421052631579,0.24473684210526317,0.29342105263157897,SP1_2023-24_AthMadrid_RealMadrid
0.4618421052631579,0.24473684210526317,0.29342105263157897,SP1_2023-24_Betis_Cadiz
0.4618421052631579,0.24473684210526317,0.29342105263157897,SP1_2023-24_LasPalmas_Granada
0.4618421052631579,0.24473684210526317,0.29342105263157897,SP1_2023-24_Sociedad_Getafe
0.4618421052631579,0.24473684210526317,0.29342105263157897,SP1_2023-24_Vallecano_Villarreal
0.4618421052631579,0.24473684210526317,0.29342105263157897,SP1_2023-24_Mallorca_Barcelona
0.4618421052631579,0.24473684210526317,0.29342105263157897,SP1_2023-24_Sevilla_Almeria
0.4618421052631579,0.24473684210526317,0.29342105263157897,SP1_2023-24_AthBilbao_Getafe
0.4618421052631579,0.24473684210526317,0.29342105263157897,SP1_2023-24_Cadiz_Vallecano
0.4618421052631579,0.24473684210526317,0.29342105263157897,SP1_2023-24_RealMadrid_LasPalmas
0.4618421052631579,0.24473684210526317,0.29342105263157897,SP1_2023-24_Valencia_Sociedad
0.4618421052631579,0.24473684210526317,0.29342105263157897,SP1_2023-24_Villarreal_Girona
0.4618421052631579,0.24473684210526317,0.29342105263157897,SP1_2023-24_Celta_Alaves
0.4618421052631579,0.24473684210526317,0.29342105263157897,SP1_2023-24_Granada_Betis
0.4618421052631579,0.24473684210526317,0.29342105263157897,SP1_2023-24_Osasuna_AthMadrid
0.4618421052631579,0.24473684210526317,0.29342105263157897,SP1_2023-24_Barcelona_Sevilla
0.4618421052631579,0.24473684210526317,0.29342105263157897,SP1_2023-24_Getafe_Villarreal
0.4618421052631579,0.24473684210526317,0.29342105263157897,SP1_2023-24_Girona_RealMadrid
0.4618421052631579,0.24473684210526317,0.29342105263157897,SP1_2023-24_Sociedad_AthBilbao
0.4618421052631579,0.24473684210526317,0.29342105263157897,SP1_2023-24_Vallecano_Mallorca
0.4618421052631579,0.24473684210526317,0.29342105263157897,SP1_2023-24_Alaves_Osasuna
0.4618421052631579,0.24473684210526317,0.29342105263157897,SP1_2023-24_Almeria_Granada
0.4618421052631579,0.24473684210526317,0.29342105263157897,SP1_2023-24_AthMadrid_Cadiz
0.4618421052631579,0.24473684210526317,0.29342105263157897,SP1_2023-24_Betis_Valencia
0.4618421052631579,0.24473684210526317,0.29342105263157897,SP1_2023-24_LasPalmas_Celta
0.4618421052631579,0.24473684210526317,0.29342105263157897,SP1_2023-24_AthBilbao_Almeria
0.4618421052631579,0.24473684210526317,0.29342105263157897,SP1_2023-24_Cadiz_Girona
0.4618421052631579,0.24473684210526317,0.29342105263157897,SP1_2023-24_Mallorca_Valencia
0.4618421052631579,0.24473684210526317,0.29342105263157897,SP1_2023-24_RealMadrid_Osasuna
0.4618421052631579,0.24473684210526317,0.29342105263157897,SP1_2023-24_Sevilla_Vallecano
0.4618421052631579,0.24473684210526317,0.29342105263157897,SP1_2023-24_Alaves_Betis
0.4618421052631579,0.24473684210526317,0.29342105263157897,SP1_2023-24_AthMadrid_Sociedad
0.4618421052631579,0.24473684210526317,0.29342105263157897,SP1_2023-24_Celta_Getafe
0.4618421052631579,0.24473684210526317,0.29342105263157897,SP1_2023-24_Granada_Barcelona
0.4618421052631579,0.24473684210526317,0.29342105263157897,SP1_2023-24_Villarreal_LasPalmas
0.4618421052631579,0.24473684210526317,0.29342105263157897,SP1_2023-24_Osasuna_Granada
0.4618421052631579,0.24473684210526317,0.29342105263157897,SP1_2023-24_Celta_AthMadrid
0.4618421052631579,0.24473684210526317,0.29342105263157897,SP1_2023-24_Getafe_Betis
0.4618421052631579,0.24473684210526317,0.29342105263157897,SP1_2023-24_Sevilla_RealMadrid
0.4618421052631579,0.24473684210526317,0.29342105263157897,SP1_2023-24_Sociedad_Mallorca
0.4618421052631579,0.24473684210526317,0.29342105263157897,SP1_2023-24_Barcelona_AthBilbao
0.4618421052631579,0.24473684210526317,0.29342105263157897,SP1_2023-24_Girona_Almeria
0.4618421052631579,0.24473684210526317,0.29342105263157897,SP1_2023-24_LasPalmas_Vallecano
0.4618421052631579,0.24473684210526317,0.29342105263157897,SP1_2023-24_Villarreal_Alaves
0.4618421052631579,0.24473684210526317,0.29342105263157897,SP1_2023-24_Valencia_Cadiz
0.4618421052631579,0.24473684210526317,0.29342105263157897,SP1_2023-24_Girona_Celta
0.4618421052631579,0.24473684210526317,0.29342105263157897,SP1_2023-24_Almeria_LasPalmas
0.4618421052631579,0.24473684210526317,0.29342105263157897,SP1_2023-24_Barcelona_RealMadrid
0.4618421052631579,0.24473684210526317,0.29342105263157897,SP1_2023-24_Cadiz_Sevilla
0.4618421052631579,0.24473684210526317,0.29342105263157897,SP1_2023-24_Mallorca_Getafe
0.4618421052631579,0.24473684210526317,0.29342105263157897,SP1_2023-24_AthBilbao_Valencia
0.4618421052631579,0.24473684210526317,0.29342105263157897,SP1_2023-24_AthMadrid_Alaves
0.4618421052631579,0.24473684210526317,0.29342105263157897,SP1_2023-24_Betis_Osasuna
0.4618421052631579,0.24473684210526317,0.29342105263157897,SP1_2023-24_Vallecano_Sociedad
0.4618421052631579,0.24473684210526317,0.29342105263157897,SP1_2023-24_Granada_Villarreal
0.4618421052631579,0.24473684210526317,0.29342105263157897,SP1_2023-24_LasPalmas_AthMadrid
0.4618421052631579,0.24473684210526317,0.29342105263157897,SP1_2023-24_Betis_Mallorca
0.4618421052631579,0.24473684210526317,0.29342105263157897,SP1_2023-24_Celta_Sevilla
0.4618421052631579,0.24473684210526317,0.29342105263157897,SP1_2023-24_Osasuna_Girona
0.4618421052631579,0.24473684210526317,0.29342105263157897,SP1_2023-24_Sociedad_Barcelona
0.4618421052631579,0.24473684210526317,0.29342105263157897,SP1_2023-24_Alaves_Almeria
0.4618421052631579,0.24473684210526317,0.29342105263157897,SP1_2023-24_RealMadrid_Vallecano
0.4618421052631579,0.24473684210526317,0.29342105263157897,SP1_2023-24_Valencia_Granada
0.4618421052631579,0.24473684210526317,0.29342105263157897,SP1_2023-24_Villarreal_AthBilbao
0.4618421052631579,0.24473684210526317,0.29342105263157897,SP1_2023-24_Getafe_Cadiz
0.4618421052631579,0.24473684210526317,0.29342105263157897,SP1_2023-24_AthBilbao_Celta
0.4618421052631579,0.24473684210526317,0.29342105263157897,SP1_2023-24_Almeria_Sociedad
0.4618421052631579,0.24473684210526317,0.29342105263157897,SP1_2023-24_Granada_Getafe
0.4618421052631579,0.24473684210526317,0.29342105263157897,SP1_2023-24_Osasuna_LasPalmas
0.4618421052631579,0.24473684210526317,0.29342105263157897,SP1_2023-24_RealMadrid_Valencia
0.4618421052631579,0.24473684210526317,0.29342105263157897,SP1_2023-24_Vallecano_Girona
0.4618421052631579,0.24473684210526317,0.29342105263157897,SP1_2023-24_AthMadrid_Villarreal
0.4618421052631579,0.24473684210526317,0.29342105263157897,SP1_2023-24_Barcelona_Alaves
0.4618421052631579,0.24473684210526317,0.29342105263157897,SP1_2023-24_Sevilla_Betis
0.4618421052631579,0.24473684210526317,0.29342105263157897,SP1_2023-24_Alaves_Granada
0.4618421052631579,0.24473684210526317,0.29342105263157897,SP1_2023-24_AthMadrid_Mallorca
0.4618421052631579,0.24473684210526317,0.29342105263157897,SP1_2023-24_Getafe_Almeria
0.4618421052631579,0.24473684210526317,0.29342105263157897,SP1_2023-24_Valencia_Celta
0.4618421052631579,0.24473684210526317,0.29342105263157897,SP1_2023-24_Vallecano_Barcelona
0.4618421052631579,0.24473684210526317,0.29342105263157897,SP1_2023-24_Betis_LasPalmas
0.4618421052631579,0.24473684210526317,0.29342105263157897,SP1_2023-24_Cadiz_RealMadrid
0.4618421052631579,0.24473684210526317,0.29342105263157897,SP1_2023-24_Sociedad_Sevilla
0.4618421052631579,0.24473684210526317,0.29342105263157897,SP1_2023-24_Villarreal_Osasuna
0.4618421052631579,0.24473684210526317,0.29342105263157897,SP1_2023-24_Girona_AthBilbao
0.4618421052631579,0.24473684210526317,0.29342105263157897,SP1_2023-24_Mallorca_Cadiz
0.4618421052631579,0.24473684210526317,0.29342105263157897,SP1_2023-24_LasPalmas_Getafe
0.4618421052631579,0.24473684210526317,0.29342105263157897,SP1_2023-24_AthBilbao_Vallecano
0.4618421052631579,0.24473684210526317,0.29342105263157897,SP1_2023-24_Girona_Valencia
0.4618421052631579,0.24473684210526317,0.29342105263157897,SP1_2023-24_Osasuna_Sociedad
0.4618421052631579,0.24473684210526317,0.29342105263157897,SP1_2023-24_RealMadrid_Granada
0.4618421052631579,0.24473684210526317,0.29342105263157897,SP1_2023-24_Almeria_Betis
0.4618421052631579,0.24473684210526317,0.29342105263157897,SP1_2023-24_Barcelona_AthMadrid
0.4618421052631579,0.24473684210526317,0.29342105263157897,SP1_2023-24_Mallorca_Alaves
0.4618421052631579,0.24473684210526317,0.29342105263157897,SP1_2023-24_Sevilla_Villarreal
0.4618421052631579,0.24473684210526317,0.29342105263157897,SP1_2023-24_Celta_Cadiz
0.4618421052631579,0.24473684210526317,0.29342105263157897,SP1_2023-24_Getafe_Valencia
0.4618421052631579,0.24473684210526317,0.29342105263157897,SP1_2023-24_Alaves_LasPalmas
0.4618421052631579,0.24473684210526317,0.29342105263157897,SP1_2023-24_Betis_RealMadrid
0.4618421052631579,0.24473684210526317,0.29342105263157897,SP1_2023-24_Mallorca_Sevilla
0.4618421052631579,0.24473684210526317,0.29342105263157897,SP1_2023-24_Villarreal_Sociedad
0.4618421052631579,0.24473684210526317,0.29342105263157897,SP1_2023-24_AthMadrid_Almeria
0.4618421052631579,0.24473684210526317,0.29342105263157897,SP1_2023-24_Barcelona_Girona
0.4618421052631579,0.24473684210526317,0.29342105263157897,SP1_2023-24_Cadiz_Osasuna
0.4618421052631579,0.24473684210526317,0.29342105263157897,SP1_2023-24_Granada_AthBilbao
0.4618421052631579,0.24473684210526317,0.29342105263157897,SP1_2023-24_Vallecano_Celta
0.4618421052631579,0.24473684210526317,0.29342105263157897,SP1_2023-24_Osasuna_Vallecano
0.4618421052631579,0.24473684210526317,0.29342105263157897,SP1_2023-24_AthBilbao_AthMadrid
0.4618421052631579,0.24473684210526317,0.29342105263157897,SP1_2023-24_Celta_Granada
0.4618421052631579,0.24473684210526317,0.29342105263157897,SP1_2023-24_Sevilla_Getafe
0.4618421052631579,0.24473684210526317,0.29342105263157897,SP1_2023-24_Valencia_Barcelona
0.4618421052631579,0.24473684210526317,0.29342105263157897,SP1_2023-24_Almeria_Mallorca
0.4618421052631579,0.24473684210526317,0.29342105263157897,SP1_2023-24_LasPalmas_Cadiz
0.4618421052631579,0.24473684210526317,0.29342105263157897,SP1_2023-24_RealMadrid_Villarreal
0.4618421052631579,0.24473684210526317,0.29342105263157897,SP1_2023-24_Sociedad_Betis
0.4618421052631579,0.24473684210526317,0.29342105263157897,SP1_2023-24_Girona_Alaves
0.4618421052631579,0.24473684210526317,0.29342105263157897,SP1_2023-24_AthMadrid_Getafe
0.4618421052631579,0.24473684210526317,0.29342105263157897,SP1_2023-24_Granada_Sevilla
0.4618421052631579,0.24473684210526317,0.29342105263157897,SP1_2023-24_Vallecano_Valencia
0.4618421052631579,0.24473684210526317,0.29342105263157897,SP1_2023-24_AthBilbao_LasPalmas
0.4618421052631579,0.24473684210526317,0.29342105263157897,SP1_2023-24_Barcelona_Almeria
0.4618421052631579,0.24473684210526317,0.29342105263157897,SP1_2023-24_Villarreal_Celta
0.4618421052631579,0.24473684210526317,0.29342105263157897,SP1_2023-24_Alaves_RealMadrid
0.4618421052631579,0.24473684210526317,0.29342105263157897,SP1_2023-24_Betis_Girona
0.4618421052631579,0.24473684210526317,0.29342105263157897,SP1_2023-24_Cadiz_Sociedad
0.4618421052631579,0.24473684210526317,0.29342105263157897,SP1_2023-24_Mallorca_Osasuna
0.4618421052631579,0.24473684210526317,0.29342105263157897,SP1_2023-24_AthMadrid_Sevilla
0.4618421052631579,0.24473684210526317,0.29342105263157897,SP1_2023-24_Getafe_Vallecano
0.4618421052631579,0.24473684210526317,0.29342105263157897,SP1_2023-24_Sociedad_Alaves
0.4618421052631579,0.24473684210526317,0.29342105263157897,SP1_2023-24_Valencia_Villarreal
0.4618421052631579,0.24473684210526317,0.29342105263157897,SP1_2023-24_Celta_Betis
0.4618421052631579,0.24473684210526317,0.29342105263157897,SP1_2023-24_Girona_AthMadrid
0.4618421052631579,0.24473684210526317,0.29342105263157897,SP1_2023-24_Granada_Cadiz
0.4618421052631579,0.24473684210526317,0.29342105263157897,SP1_2023-24_RealMadrid_Mallorca
0.4618421052631579,0.24473684210526317,0.29342105263157897,SP1_2023-24_LasPalmas_Barcelona
0.4618421052631579,0.24473684210526317,0.29342105263157897,SP1_2023-24_Osasuna_Almeria
0.4618421052631579,0.24473684210526317,0.29342105263157897,SP1_2023-24_Sevilla_AthBilbao
0.4618421052631579,0.24473684210526317,0.29342105263157897,SP1_2023-24_Sevilla_Alaves
0.4618421052631579,0.24473684210526317,0.29342105263157897,SP1_2023-24_AthBilbao_Sociedad
0.4618421052631579,0.24473684210526317,0.29342105263157897,SP1_2023-24_Betis_Granada
0.4618421052631579,0.24473684210526317,0.29342105263157897,SP1_2023-24_LasPalmas_Villarreal
0.4618421052631579,0.24473684210526317,0.29342105263157897,SP1_2023-24_Mallorca_Celta
0.4618421052631579,0.24473684210526317,0.29342105263157897,SP1_2023-24_Almeria_Girona
0.4618421052631579,0.24473684210526317,0.29342105263157897,SP1_2023-24_Cadiz_Valencia
0.4618421052631579,0.24473684210526317,0.29342105263157897,SP1_2023-24_Alaves_Cadiz
0.4618421052631579,0.24473684210526317,0.29342105263157897,SP1_2023-24_Celta_Sociedad
0.4618421052631579,0.24473684210526317,0.29342105263157897,SP1_2023-24_Valencia_AthBilbao
0.4618421052631579,0.24473684210526317,0.29342105263157897,SP1_2023-24_Vallecano_LasPalmas
0.4618421052631579,0.24473684210526317,0.29342105263157897,SP1_2023-24_Villarreal_Mallorca
0.4618421052631579,0.24473684210526317,0.29342105263157897,SP1_2023-24_Betis_Barcelona
0.4618421052631579,0.24473684210526317,0.29342105263157897,SP1_2023-24_Girona_Sevilla
0.4618421052631579,0.24473684210526317,0.29342105263157897,SP1_2023-24_Osasuna_Getafe
0.4618421052631579,0.24473684210526317,0.29342105263157897,SP1_2023-24_RealMadrid_Almeria
0.4618421052631579,0.24473684210526317,0.29342105263157897,SP1_2023-24_Granada_AthMadrid
0.4618421052631579,0.24473684210526317,0.29342105263157897,SP1_2023-24_Almeria_Alaves
0.4618421052631579,0.24473684210526317,0.29342105263157897,SP1_2023-24_Barcelona_Villarreal
0.4618421052631579,0.24473684210526317,0.29342105263157897,SP1_2023-24_LasPalmas_RealMadrid
0.4618421052631579,0.24473684210526317,0.29342105263157897,SP1_2023-24_Mallorca_Betis
0.4618421052631579,0.24473684210526317,0.29342105263157897,SP1_2023-24_Sociedad_Vallecano
0.4618421052631579,0.24473684210526317,0.29342105263157897,SP1_2023-24_AthMadrid_Valencia
0.4618421052631579,0.24473684210526317,0.29342105263157897,SP1_2023-24_Cadiz_AthBilbao
0.4618421052631579,0.24473684210526317,0.29342105263157897,SP1_2023-24_Celta_Girona
0.4618421052631579,0.24473684210526317,0.29342105263157897,SP1_2023-24_Sevilla_Osasuna
0.4618421052631579,0.24473684210526317,0.29342105263157897,SP1_2023-24_Getafe_Granada
0.4618421052631579,0.24473684210526317,0.29342105263157897,SP1_2023-24_AthMadrid_Vallecano
0.4618421052631579,0.24473684210526317,0.29342105263157897,SP1_2023-24_Barcelona_Osasuna
0.4618421052631579,0.24473684210526317,0.29342105263157897,SP1_2023-24_Getafe_RealMadrid
0.4618421052631579,0.24473684210526317,0.29342105263157897,SP1_2023-24_AthBilbao_Mallorca
0.4618421052631579,0.24473684210526317,0.29342105263157897,SP1_2023-24_Alaves_Barcelona
0.4618421052631579,0.24473684210526317,0.29342105263157897,SP1_2023-24_Girona_Sociedad
0.4618421052631579,0.24473684210526317,0.29342105263157897,SP1_2023-24_Granada_LasPalmas
0.4618421052631579,0.24473684210526317,0.29342105263157897,SP1_2023-24_Valencia_Almeria
0.4618421052631579,0.24473684210526317,0.29342105263157897,SP1_2023-24_Betis_Getafe
0.4618421052631579,0.24473684210526317,0.29342105263157897,SP1_2023-24_Osasuna_Celta
0.4618421052631579,0.24473684210526317,0.29342105263157897,SP1_2023-24_RealMadrid_AthMadrid
0.4618421052631579,0.24473684210526317,0.29342105263157897,SP1_2023-24_Villarreal_Cadiz
0.4618421052631579,0.24473684210526317,0.29342105263157897,SP1_2023-24_Vallecano_Sevilla
0.4618421052631579,0.24473684210526317,0.29342105263157897,SP1_2023-24_Cadiz_Betis
0.4618421052631579,0.24473684210526317,0.29342105263157897,SP1_2023-24_Alaves_Villarreal
0.4618421052631579,0.24473684210526317,0.29342105263157897,SP1_2023-24_LasPalmas_Valencia
0.4618421052631579,0.24473684210526317,0.29342105263157897,SP1_2023-24_RealMadrid_Girona
0.4618421052631579,0.24473684210526317,0.29342105263157897,SP1_2023-24_Sociedad_Osasuna
0.4618421052631579,0.24473684210526317,0.29342105263157897,SP1_2023-24_Barcelona_Granada
0.4618421052631579,0.24473684210526317,0.29342105263157897,SP1_2023-24_Getafe_Celta
0.4618421052631579,0.24473684210526317,0.29342105263157897,SP1_2023-24_Mallorca_Vallecano
0.4618421052631579,0.24473684210526317,0.29342105263157897,SP1_2023-24_Sevilla_AthMadrid
0.4618421052631579,0.24473684210526317,0.29342105263157897,SP1_2023-24_Almeria_AthBilbao
0.4618421052631579,0.24473684210526317,0.29342105263157897,SP1_2023-24_Villarreal_Getafe
0.4618421052631579,0.24473684210526317,0.29342105263157897,SP1_2023-24_AthMadrid_LasPalmas
0.4618421052631579,0.24473684210526317,0.29342105263157897,SP1_2023-24_Celta_Barcelona
0.4618421052631579,0.24473684210526317,0.29342105263157897,SP1_2023-24_Osasuna_Cadiz
0.4618421052631579,0.24473684210526317,0.29342105263157897,SP1_2023-24_Valencia_Sevilla
0.4618421052631579,0.24473684210526317,0.29342105263157897,SP1_2023-24_Betis_Alaves
0.4618421052631579,0.24473684210526317,0.29342105263157897,SP1_2023-24_Granada_Almeria
0.4618421052631579,0.24473684210526317,0.29342105263157897,SP1_2023-24_Mallorca_Sociedad
0.4618421052631579,0.24473684210526317,0.29342105263157897,SP1_2023-24_Vallecano_RealMadrid
0.4618421052631579,0.24473684210526317,0.29342105263157897,SP1_2023-24_AthBilbao_Girona
0.4618421052631579,0.24473684210526317,0.29342105263157897,SP1_2023-24_Sociedad_Villarreal
0.4618421052631579,0.24473684210526317,0.29342105263157897,SP1_2023-24_Alaves_Mallorca
0.4618421052631579,0.24473684210526317,0.29342105263157897,SP1_2023-24_Almeria_AthMadrid
0.4618421052631579,0.24473684210526317,0.29342105263157897,SP1_2023-24_Barcelona_Getafe
0.4618421052631579,0.24473684210526317,0.29342105263157897,SP1_2023-24_Betis_AthBilbao
0.4618421052631579,0.24473684210526317,0.29342105263157897,SP1_2023-24_Cadiz_Celta
0.4618421052631579,0.24473684210526317,0.29342105263157897,SP1_2023-24_LasPalmas_Osasuna
0.4618421052631579,0.24473684210526317,0.29342105263157897,SP1_2023-24_RealMadrid_Sevilla
0.4618421052631579,0.24473684210526317,0.29342105263157897,SP1_2023-24_Girona_Vallecano
0.4618421052631579,0.24473684210526317,0.29342105263157897,SP1_2023-24_Celta_Almeria
0.4618421052631579,0.24473684210526317,0.29342105263157897,SP1_2023-24_Getafe_LasPalmas
0.4618421052631579,0.24473684210526317,0.29342105263157897,SP1_2023-24_Sevilla_Sociedad
0.4618421052631579,0.24473684210526317,0.29342105263157897,SP1_2023-24_Valencia_RealMadrid
0.4618421052631579,0.24473684210526317,0.29342105263157897,SP1_2023-24_Vallecano_Cadiz
0.4618421052631579,0.24473684210526317,0.29342105263157897,SP1_2023-24_AthBilbao_Barcelona
0.4618421052631579,0.24473684210526317,0.29342105263157897,SP1_2023-24_AthMadrid_Betis
0.4618421052631579,0.24473684210526317,0.29342105263157897,SP1_2023-24_Mallorca_Girona
0.4618421052631579,0.24473684210526317,0.29342105263157897,SP1_2023-24_Villarreal_Granada
0.4618421052631579,0.24473684210526317,0.29342105263157897,SP1_2023-24_Osasuna_Alaves
0.4618421052631579,0.24473684210526317,0.29342105263157897,SP1_2023-24_Barcelona_Mallorca
0.4618421052631579,0.24473684210526317,0.29342105263157897,SP1_2023-24_Cadiz_AthMadrid
0.4618421052631579,0.24473684210526317,0.29342105263157897,SP1_2023-24_Girona_Osasuna
0.4618421052631579,0.24473684210526317,0.29342105263157897,SP1_2023-24_Granada_Sociedad
0.4618421052631579,0.24473684210526317,0.29342105263157897,SP1_2023-24_Valencia_Getafe
0.4618421052631579,0.24473684210526317,0.29342105263157897,SP1_2023-24_Alaves_Vallecano
0.4618421052631579,0.24473684210526317,0.29342105263157897,SP1_2023-24_Betis_Villarreal
0.4618421052631579,0.24473684210526317,0.29342105263157897,SP1_2023-24_LasPalmas_AthBilbao
0.4618421052631579,0.24473684210526317,0.29342105263157897,SP1_2023-24_RealMadrid_Celta
0.4618421052631579,0.24473684210526317,0.29342105263157897,SP1_2023-24_Almeria_Sevilla
0.4618421052631579,0.24473684210526317,0.29342105263157897,SP1_2023-24_Sociedad_Cadiz
0.4618421052631579,0.24473684210526317,0.29342105263157897,SP1_2023-24_AthBilbao_Alaves
0.4618421052631579,0.24473684210526317,0.29342105263157897,SP1_2023-24_Getafe_Girona
0.4618421052631579,0.24473684210526317,0.29342105263157897,SP1_2023-24_Mallorca_Granada
0.4618421052631579,0.24473684210526317,0.29342105263157897,SP1_2023-24_Osasuna_RealMadrid
0.4618421052631579,0.24473684210526317,0.29342105263157897,SP1_2023-24_AthMadrid_Barcelona
0.4618421052631579,0.24473684210526317,0.29342105263157897,SP1_2023-24_LasPalmas_Almeria
0.4618421052631579,0.24473684210526317,0.29342105263157897,SP1_2023-24_Sevilla_Celta
0.4618421052631579,0.24473684210526317,0.29342105263157897,SP1_2023-24_Vallecano_Betis
0.4618421052631579,0.24473684210526317,0.29342105263157897,SP1_2023-24_Villarreal_Valencia
0.4618421052631579,0.24473684210526317,0.29342105263157897,SP1_2023-24_Cadiz_Granada
0.4618421052631579,0.24473684210526317,0.29342105263157897,SP1_2023-24_Almeria_Osasuna
0.4618421052631579,0.24473684210526317,0.29342105263157897,SP1_2023-24_Barcelona_LasPalmas
0.4618421052631579,0.24473684210526317,0.29342105263157897,SP1_2023-24_Getafe_Sevilla
0.4618421052631579,0.24473684210526317,0.29342105263157897,SP1_2023-24_Valencia_Mallorca
0.4618421052631579,0.24473684210526317,0.29342105263157897,SP1_2023-24_Alaves_Sociedad
0.4618421052631579,0.24473684210526317,0.29342105263157897,SP1_2023-24_Celta_Vallecano
0.4618421052631579,0.24473684210526317,0.29342105263157897,SP1_2023-24_Girona_Betis
0.4618421052631579,0.24473684210526317,0.29342105263157897,SP1_2023-24_RealMadrid_AthBilbao
0.4618421052631579,0.24473684210526317,0.29342105263157897,SP1_2023-24_Villarreal_AthMadrid
0.4618421052631579,0.24473684210526317,0.29342105263157897,SP1_2023-24_Granada_Valencia
0.4618421052631579,0.24473684210526317,0.29342105263157897,SP1_2023-24_Betis_Celta
0.4618421052631579,0.24473684210526317,0.29342105263157897,SP1_2023-24_AthMadrid_Girona
0.4618421052631579,0.24473684210526317,0.29342105263157897,SP1_2023-24_Cadiz_Barcelona
0.4618421052631579,0.24473684210526317,0.29342105263157897,SP1_2023-24_Mallorca_RealMadrid
0.4618421052631579,0.24473684210526317,0.29342105263157897,SP1_2023-24_Vallecano_Getafe
0.4618421052631579,0.24473684210526317,0.29342105263157897,SP1_2023-24_AthBilbao_Villarreal
0.4618421052631579,0.24473684210526317,0.29342105263157897,SP1_2023-24_Granada_Alaves
0.4618421052631579,0.24473684210526317,0.29342105263157897,SP1_2023-24_LasPalmas_Sevilla
0.4618421052631579,0.24473684210526317,0.29342105263157897,SP1_2023-24_Sociedad_Almeria
0.4618421052631579,0.24473684210526317,0.29342105263157897,SP1_2023-24_Osasuna_Valencia
0.4618421052631579,0.24473684210526317,0.29342105263157897,SP1_2023-24_AthBilbao_Granada
0.4618421052631579,0.24473684210526317,0.29342105263157897,SP1_2023-24_Celta_LasPalmas
0.4618421052631579,0.24473684210526317,0.29342105263157897,SP1_2023-24_Girona_Cadiz
0.4618421052631579,0.24473684210526317,0.29342105263157897,SP1_2023-24_Valencia_Betis
0.4618421052631579,0.24473684210526317,0.29342105263157897,SP1_2023-24_Vallecano_Osasuna
0.4618421052631579,0.24473684210526317,0.29342105263157897,SP1_2023-24_Alaves_AthMadrid
0.4618421052631579,0.24473684210526317,0.29342105263157897,SP1_2023-24_Almeria_Villarreal
0.4618421052631579,0.24473684210526317,0.29342105263157897,SP1_2023-24_Getafe_Sociedad
0.4618421052631579,0.24473684210526317,0.29342105263157897,SP1_2023-24_RealMadrid_Barcelona
0.4618421052631579,0.24473684210526317,0.29342105263157897,SP1_2023-24_Sevilla_Mallorca
0.4618421052631579,0.24473684210526317,0.29342105263157897,SP1_2023-24_Sociedad_RealMadrid
0.4618421052631579,0.24473684210526317,0.29342105263157897,SP1_2023-24_Alaves_Celta
0.4618421052631579,0.24473684210526317,0.29342105263157897,SP1_2023-24_Almeria_Getafe
0.4618421052631579,0.24473684210526317,0.29342105263157897,SP1_2023-24_AthMadrid_AthBilbao
0.4618421052631579,0.24473684210526317,0.29342105263157897,SP1_2023-24_LasPalmas_Girona
0.4618421052631579,0.24473684210526317,0.29342105263157897,SP1_2023-24_Betis_Sevilla
0.4618421052631579,0.24473684210526317,0.29342105263157897,SP1_2023-24_Cadiz_Mallorca
0.4618421052631579,0.24473684210526317,0.29342105263157897,SP1_2023-24_Granada_Osasuna
0.4618421052631579,0.24473684210526317,0.29342105263157897,SP1_2023-24_Villarreal_Vallecano
0.4618421052631579,0.24473684210526317,0.29342105263157897,SP1_2023-24_Barcelona_Valencia
0.4618421052631579,0.24473684210526317,0.29342105263157897,SP1_2023-24_Getafe_AthBilbao
0.4618421052631579,0.24473684210526317,0.29342105263157897,SP1_2023-24_Girona_Barcelona
0.4618421052631579,0.24473684210526317,0.29342105263157897,SP1_2023-24_Mallorca_AthMadrid
0.4618421052631579,0.24473684210526317,0.29342105263157897,SP1_2023-24_RealMadrid_Cadiz
0.4618421052631579,0.24473684210526317,0.29342105263157897,SP1_2023-24_Sociedad_LasPalmas
0.4618421052631579,0.24473684210526317,0.29342105263157897,SP1_2023-24_Celta_Villarreal
0.4618421052631579,0.24473684210526317,0.29342105263157897,SP1_2023-24_Osasuna_Betis
0.4618421052631579,0.24473684210526317,0.29342105263157897,SP1_2023-24_Sevilla_Granada
0.4618421052631579,0.24473684210526317,0.29342105263157897,SP1_2023-24_Valencia_Alaves
0.4618421052631579,0.24473684210526317,0.29342105263157897,SP1_2023-24_Vallecano_Almeria
0.4618421052631579,0.24473684210526317,0.29342105263157897,SP1_2023-24_Alaves_Girona
0.4618421052631579,0.24473684210526317,0.29342105263157897,SP1_2023-24_AthBilbao_Osasuna
0.4618421052631579,0.24473684210526317,0.29342105263157897,SP1_2023-24_Granada_RealMadrid
0.4618421052631579,0.24473684210526317,0.29342105263157897,SP1_2023-24_Mallorca_LasPalmas
0.4618421052631579,0.24473684210526317,0.29342105263157897,SP1_2023-24_Villarreal_Sevilla
0.4618421052631579,0.24473684210526317,0.29342105263157897,SP1_2023-24_AthMadrid_Celta
0.4618421052631579,0.24473684210526317,0.29342105263157897,SP1_2023-24_Betis_Almeria
0.4618421052631579,0.24473684210526317,0.29342105263157897,SP1_2023-24_Cadiz_Getafe
0.4618421052631579,0.24473684210526317,0.29342105263157897,SP1_2023-24_Valencia_Vallecano
0.4618421052631579,0.24473684210526317,0.29342105263157897,SP1_2023-24_Barcelona_Sociedad
0.4618421052631579,0.24473684210526317,0.29342105263157897,SP1_2023-24_Girona_Villarreal
0.4618421052631579,0.24473684210526317,0.29342105263157897,SP1_2023-24_Osasuna_Mallorca
0.4618421052631579,0.24473684210526317,0.29342105263157897,SP1_2023-24_RealMadrid_Alaves
0.4618421052631579,0.24473684210526317,0.29342105263157897,SP1_2023-24_Celta_AthBilbao
0.4618421052631579,0.24473684210526317,0.29342105263157897,SP1_2023-24_Getafe_AthMadrid
0.4618421052631579,0.24473684210526317,0.29342105263157897,SP1_2023-24_Sevilla_Cadiz
0.4618421052631579,0.24473684210526317,0.29342105263157897,SP1_2023-24_Vallecano_Granada
0.4618421052631579,0.24473684210526317,0.29342105263157897,SP1_2023-24_Almeria_Barcelona
0.4618421052631579,0.24473684210526317,0.29342105263157897,SP1_2023-24_LasPalmas_Betis
0.4618421052631579,0.24473684210526317,0.29342105263157897,SP1_2023-24_Sociedad_Valencia
0.4618421052631579,0.24473684210526317,0.29342105263157897,SP1_2023-24_Alaves_Getafe
0.4618421052631579,0.24473684210526317,0.29342105263157897,SP1_2023-24_AthBilbao_Sevilla
0.4618421052631579,0.24473684210526317,0.29342105263157897,SP1_2023-24_AthMadrid_Osasuna
0.4618421052631579,0.24473684210526317,0.29342105263157897,SP1_2023-24_Barcelona_Vallecano
0.4618421052631579,0.24473684210526317,0.29342105263157897,SP1_2023-24_Betis_Sociedad
0.4618421052631579,0.24473684210526317,0.29342105263157897,SP1_2023-24_Cadiz_LasPalmas
0.4618421052631579,0.24473684210526317,0.29342105263157897,SP1_2023-24_Granada_Celta
0.4618421052631579,0.24473684210526317,0.29342105263157897,SP1_2023-24_Mallorca_Almeria
0.4618421052631579,0.24473684210526317,0.29342105263157897,SP1_2023-24_Valencia_Girona
0.4618421052631579,0.24473684210526317,0.29342105263157897,SP1_2023-24_Villarreal_RealMadrid
0.4618421052631579,0.24473684210526317,0.29342105263157897,SP1_2023-24_Girona_Granada
0.4618421052631579,0.24473684210526317,0.29342105263157897,SP1_2023-24_Almeria_Cadiz
0.4618421052631579,0.24473684210526317,0.29342105263157897,SP1_2023-24_Osasuna_Villarreal
0.4618421052631579,0.24473684210526317,0.29342105263157897,SP1_2023-24_RealMadrid_Betis
0.4618421052631579,0.24473684210526317,0.29342105263157897,SP1_2023-24_Sociedad_AthMadrid
0.4618421052631579,0.24473684210526317,0.29342105263157897,SP1_2023-24_Vallecano_AthBilbao
0.4618421052631579,0.24473684210526317,0.29342105263157897,SP1_2023-24_Celta_Valencia
0.4618421052631579,0.24473684210526317,0.29342105263157897,SP1_2023-24_Getafe_Mallorca
0.4618421052631579,0.24473684210526317,0.29342105263157897,SP1_2023-24_LasPalmas_Alaves
0.4618421052631579,0.24473684210526317,0.29342105263157897,SP1_2023-24_Sevilla_Barcelona
0.45921052631578946,0.2578947368421053,0.28289473684210525,SP1_2024-25_AthBilbao_Getafe
0.45921052631578946,0.2578947368421053,0.28289473684210525,SP1_2024-25_Betis_Girona
0.45921052631578946,0.2578947368421053,0.28289473684210525,SP1_2024-25_Celta_Alaves
0.45921052631578946,0.2578947368421053,0.28289473684210525,SP1_2024-25_LasPalmas_Sevilla
0.45921052631578946,0.2578947368421053,0.28289473684210525,SP1_2024-25_Osasuna_Leganes
0.45921052631578946,0.2578947368421053,0.28289473684210525,SP1_2024-25_Valencia_Barcelona
0.45921052631578946,0.2578947368421053,0.28289473684210525,SP1_2024-25_Mallorca_RealMadrid
0.45921052631578946,0.2578947368421053,0.28289473684210525,SP1_2024-25_Sociedad_Vallecano
0.45921052631578946,0.2578947368421053,0.28289473684210525,SP1_2024-25_Valladolid_Espanol
0.45921052631578946,0.2578947368421053,0.28289473684210525,SP1_2024-25_Villarreal_AthMadrid
0.45921052631578946,0.2578947368421053,0.28289473684210525,SP1_2024-25_Celta_Valencia
0.45921052631578946,0.2578947368421053,0.28289473684210525,SP1_2024-25_Sevilla_Villarreal
0.45921052631578946,0.2578947368421053,0.28289473684210525,SP1_2024-25_Barcelona_AthBilbao
0.45921052631578946,0.2578947368421053,0.28289473684210525,SP1_2024-25_Espanol_Sociedad
0.45921052631578946,0.2578947368421053,0.28289473684210525,SP1_2024-25_Getafe_Vallecano
0.45921052631578946,0.2578947368421053,0.28289473684210525,SP1_2024-25_Osasuna_Mallorca
0.45921052631578946,0.2578947368421053,0.28289473684210525,SP1_2024-25_Alaves_Betis
0.45921052631578946,0.2578947368421053,0.28289473684210525,SP1_2024-25_AthMadrid_Girona
0.45921052631578946,0.2578947368421053,0.28289473684210525,SP1_2024-25_Leganes_LasPalmas
0.45921052631578946,0.2578947368421053,0.28289473684210525,SP1_2024-25_RealMadrid_Valladolid
0.45921052631578946,0.2578947368421053,0.28289473684210525,SP1_2024-25_Villarreal_Celta
0.45921052631578946,0.2578947368421053,0.28289473684210525,SP1_2024-25_Mallorca_Sevilla
0.45921052631578946,0.2578947368421053,0.28289473684210525,SP1_2024-25_Vallecano_Barcelona
0.45921052631578946,0.2578947368421053,0.28289473684210525,SP1_2024-25_AthBilbao_Valencia
0.45921052631578946,0.2578947368421053,0.28289473684210525,SP1_2024-25_AthMadrid_Espanol
0.45921052631578946,0.2578947368421053,0.28289473684210525,SP1_2024-25_Sociedad_Alaves
0.45921052631578946,0.2578947368421053,0.28289473684210525,SP1_2024-25_Valladolid_Leganes
0.45921052631578946,0.2578947368421053,0.28289473684210525,SP1_2024-25_Girona_Osasuna
0.45921052631578946,0.2578947368421053,0.28289473684210525,SP1_2024-25_LasPalmas_RealMadrid
0.45921052631578946,0.2578947368421053,0.28289473684210525,SP1_2024-25_AthBilbao_AthMadrid
0.45921052631578946,0.2578947368421053,0.28289473684210525,SP1_2024-25_Barcelona_Valladolid
0.45921052631578946,0.2578947368421053,0.28289473684210525,SP1_2024-25_Espanol_Vallecano
0.45921052631578946,0.2578947368421053,0.28289473684210525,SP1_2024-25_Leganes_Mallorca
0.45921052631578946,0.2578947368421053,0.28289473684210525,SP1_2024-25_Valencia_Villarreal
0.45921052631578946,0.2578947368421053,0.28289473684210525,SP1_2024-25_Alaves_LasPalmas
0.45921052631578946,0.2578947368421053,0.28289473684210525,SP1_2024-25_Getafe_Sociedad
0.45921052631578946,0.2578947368421053,0.28289473684210525,SP1_2024-25_Osasuna_Celta
0.45921052631578946,0.2578947368421053,0.28289473684210525,SP1_2024-25_RealMadrid_Betis
0.45921052631578946,0.2578947368421053,0.28289473684210525,SP1_2024-25_Sevilla_Girona
0.45921052631578946,0.2578947368421053,0.28289473684210525,SP1_2024-25_Betis_Leganes
0.45921052631578946,0.2578947368421053,0.28289473684210525,SP1_2024-25_Espanol_Alaves
0.45921052631578946,0.2578947368421053,0.28289473684210525,SP1_2024-25_Mallorca_Villarreal
0.45921052631578946,0.2578947368421053,0.28289473684210525,SP1_2024-25_Sevilla_Getafe
0.45921052631578946,0.2578947368421053,0.28289473684210525,SP1_2024-25_Sociedad_RealMadrid
0.45921052631578946,0.2578947368421053,0.28289473684210525,SP1_2024-25_AthMadrid_Valencia
0.45921052631578946,0.2578947368421053,0.28289473684210525,SP1_2024-25_Celta_Valladolid
0.45921052631578946,0.2578947368421053,0.28289473684210525,SP1_2024-25_Girona_Barcelona
0.45921052631578946,0.2578947368421053,0.28289473684210525,SP1_2024-25_LasPalmas_AthBilbao
0.45921052631578946,0.2578947368421053,0.28289473684210525,SP1_2024-25_Vallecano_Osasuna
0.45921052631578946,0.2578947368421053,0.28289473684210525,SP1_2024-25_Mallorca_Sociedad
0.45921052631578946,0.2578947368421053,0.28289473684210525,SP1_2024-25_Betis_Getafe
0.45921052631578946,0.2578947368421053,0.28289473684210525,SP1_2024-25_Leganes_AthBilbao
0.45921052631578946,0.2578947368421053,0.28289473684210525,SP1_2024-25_Alaves_Sevilla
0.45921052631578946,0.2578947368421053,0.28289473684210525,SP1_2024-25_Osasuna_LasPalmas
0.45921052631578946,0.2578947368421053,0.28289473684210525,SP1_2024-25_RealMadrid_Espanol
0.45921052631578946,0.2578947368421053,0.28289473684210525,SP1_2024-25_Valencia_Girona
0.45921052631578946,0.2578947368421053,0.28289473684210525,SP1_2024-25_Valladolid_Sociedad
0.45921052631578946,0.2578947368421053,0.28289473684210525,SP1_2024-25_AthBilbao_Celta
0.45921052631578946,0.2578947368421053,0.28289473684210525,SP1_2024-25_Getafe_Leganes
0.45921052631578946,0.2578947368421053,0.28289473684210525,SP1_2024-25_Vallecano_AthMadrid
0.45921052631578946,0.2578947368421053,0.28289473684210525,SP1_2024-25_Villarreal_Barcelona
0.45921052631578946,0.2578947368421053,0.28289473684210525,SP1_2024-25_Betis_Mallorca
0.45921052631578946,0.2578947368421053,0.28289473684210525,SP1_2024-25_RealMadrid_Alaves
0.45921052631578946,0.2578947368421053,0.28289473684210525,SP1_2024-25_Sevilla_Valladolid
0.45921052631578946,0.2578947368421053,0.28289473684210525,SP1_2024-25_Valencia_Osasuna
0.45921052631578946,0.2578947368421053,0.28289473684210525,SP1_2024-25_Barcelona_Getafe
0.45921052631578946,0.2578947368421053,0.28289473684210525,SP1_2024-25_Girona_Vallecano
0.45921052631578946,0.2578947368421053,0.28289473684210525,SP1_2024-25_Celta_AthMadrid
0.45921052631578946,0.2578947368421053,0.28289473684210525,SP1_2024-25_Espanol_Villarreal
0.45921052631578946,0.2578947368421053,0.28289473684210525,SP1_2024-25_LasPalmas_Betis
0.45921052631578946,0.2578947368421053,0.28289473684210525,SP1_2024-25_Valladolid_Mallorca
0.45921052631578946,0.2578947368421053,0.28289473684210525,SP1_2024-25_Getafe_Alaves
0.45921052631578946,0.2578947368421053,0.28289473684210525,SP1_2024-25_Osasuna_Barcelona
0.45921052631578946,0.2578947368421053,0.28289473684210525,SP1_2024-25_Sociedad_Valencia
0.45921052631578946,0.2578947368421053,0.28289473684210525,SP1_2024-25_Vallecano_Leganes
0.45921052631578946,0.2578947368421053,0.28289473684210525,SP1_2024-25_AthBilbao_Sevilla
0.45921052631578946,0.2578947368421053,0.28289473684210525,SP1_2024-25_AthMadrid_RealMadrid
0.45921052631578946,0.2578947368421053,0.28289473684210525,SP1_2024-25_Betis_Espanol
0.45921052631578946,0.2578947368421053,0.28289473684210525,SP1_2024-25_Celta_Girona
0.45921052631578946,0.2578947368421053,0.28289473684210525,SP1_2024-25_Villarreal_LasPalmas
0.45921052631578946,0.2578947368421053,0.28289473684210525,SP1_2024-25_Leganes_Valencia
0.45921052631578946,0.2578947368421053,0.28289473684210525,SP1_2024-25_Espanol_Mallorca
0.45921052631578946,0.2578947368421053,0.28289473684210525,SP1_2024-25_Getafe_Osasuna
0.45921052631578946,0.2578947368421053,0.28289473684210525,SP1_2024-25_LasPalmas_Celta
0.45921052631578946,0.2578947368421053,0.28289473684210525,SP1_2024-25_RealMadrid_Villarreal
0.45921052631578946,0.2578947368421053,0.28289473684210525,SP1_2024-25_Valladolid_Vallecano
0.45921052631578946,0.2578947368421053,0.28289473684210525,SP1_2024-25_Alaves_Barcelona
0.45921052631578946,0.2578947368421053,0.28289473684210525,SP1_2024-25_Girona_AthBilbao
0.45921052631578946,0.2578947368421053,0.28289473684210525,SP1_2024-25_Sevilla_Betis
0.45921052631578946,0.2578947368421053,0.28289473684210525,SP1_2024-25_Sociedad_AthMadrid
0.45921052631578946,0.2578947368421053,0.28289473684210525,SP1_2024-25_Alaves_Valladolid
0.45921052631578946,0.2578947368421053,0.28289473684210525,SP1_2024-25_AthBilbao_Espanol
0.45921052631578946,0.2578947368421053,0.28289473684210525,SP1_2024-25_Celta_RealMadrid
0.45921052631578946,0.2578947368421053,0.28289473684210525,SP1_2024-25_Girona_Sociedad
0.45921052631578946,0.2578947368421053,0.28289473684210525,SP1_2024-25_Osasuna_Betis
0.45921052631578946,0.2578947368421053,0.28289473684210525,SP1_2024-25_AthMadrid_Leganes
0.45921052631578946,0.2578947368421053,0.28289473684210525,SP1_2024-25_Barcelona_Sevilla
0.45921052631578946,0.2578947368421053,0.28289473684210525,SP1_2024-25_Mallorca_Vallecano
0.45921052631578946,0.2578947368421053,0.28289473684210525,SP1_2024-25_Villarreal_Getafe
0.45921052631578946,0.2578947368421053,0.28289473684210525,SP1_2024-25_Valencia_LasPalmas
0.45921052631578946,0.2578947368421053,0.28289473684210525,SP1_2024-25_Espanol_Sevilla
0.45921052631578946,0.2578947368421053,0.28289473684210525,SP1_2024-25_LasPalmas_Girona
0.45921052631578946,0.2578947368421053,0.28289473684210525,SP1_2024-25_RealMadrid_Barcelona
0.45921052631578946,0.2578947368421053,0.28289473684210525,SP1_2024-25_Valladolid_Villarreal
0.45921052631578946,0.2578947368421053,0.28289473684210525,SP1_2024-25_Vallecano_Alaves
0.45921052631578946,0.2578947368421053,0.28289473684210525,SP1_2024-25_Betis_AthMadrid
0.45921052631578946,0.2578947368421053,0.28289473684210525,SP1_2024-25_Getafe_Valencia
0.45921052631578946,0.2578947368421053,0.28289473684210525,SP1_2024-25_Leganes_Celta
0.45921052631578946,0.2578947368421053,0.28289473684210525,SP1_2024-25_Sociedad_Osasuna
0.45921052631578946,0.2578947368421053,0.28289473684210525,SP1_2024-25_Mallorca_AthBilbao
0.45921052631578946,0.2578947368421053,0.28289473684210525,SP1_2024-25_Alaves_Mallorca
0.45921052631578946,0.2578947368421053,0.28289473684210525,SP1_2024-25_Girona_Leganes
0.45921052631578946,0.2578947368421053,0.28289473684210525,SP1_2024-25_Osasuna_Valladolid
0.45921052631578946,0.2578947368421053,0.28289473684210525,SP1_2024-25_AthBilbao_Betis
0.45921052631578946,0.2578947368421053,0.28289473684210525,SP1_2024-25_AthMadrid_LasPalmas
0.45921052631578946,0.2578947368421053,0.28289473684210525,SP1_2024-25_Barcelona_Espanol
0.45921052631578946,0.2578947368421053,0.28289473684210525,SP1_2024-25_Sevilla_Sociedad
0.45921052631578946,0.2578947368421053,0.28289473684210525,SP1_2024-25_Celta_Getafe
0.45921052631578946,0.2578947368421053,0.28289473684210525,SP1_2024-25_Vallecano_LasPalmas
0.45921052631578946,0.2578947368421053,0.28289473684210525,SP1_2024-25_Leganes_Sevilla
0.45921052631578946,0.2578947368421053,0.28289473684210525,SP1_2024-25_RealMadrid_Osasuna
0.45921052631578946,0.2578947368421053,0.28289473684210525,SP1_2024-25_Villarreal_Alaves
0.45921052631578946,0.2578947368421053,0.28289473684210525,SP1_2024-25_Betis_Celta
0.45921052631578946,0.2578947368421053,0.28289473684210525,SP1_2024-25_Getafe_Girona
0.45921052631578946,0.2578947368421053,0.28289473684210525,SP1_2024-25_Mallorca_AthMadrid
0.45921052631578946,0.2578947368421053,0.28289473684210525,SP1_2024-25_Sociedad_Barcelona
0.45921052631578946,0.2578947368421053,0.28289473684210525,SP1_2024-25_Valladolid_AthBilbao
0.45921052631578946,0.2578947368421053,0.28289473684210525,SP1_2024-25_Getafe_Valladolid
0.45921052631578946,0.2578947368421053,0.28289473684210525,SP1_2024-25_AthMadrid_Alaves
0.45921052631578946,0.2578947368421053,0.28289473684210525,SP1_2024-25_Celta_Barcelona
0.45921052631578946,0.2578947368421053,0.28289473684210525,SP1_2024-25_Girona_Espanol
0.45921052631578946,0.2578947368421053,0.28289473684210525,SP1_2024-25_LasPalmas_Mallorca
0.45921052631578946,0.2578947368421053,0.28289473684210525,SP1_2024-25_Valencia_Betis
0.45921052631578946,0.2578947368421053,0.28289473684210525,SP1_2024-25_AthBilbao_Sociedad
0.45921052631578946,0.2578947368421053,0.28289473684210525,SP1_2024-25_Leganes_RealMadrid
0.45921052631578946,0.2578947368421053,0.28289473684210525,SP1_2024-25_Osasuna_Villarreal
0.45921052631578946,0.2578947368421053,0.28289473684210525,SP1_2024-25_Sevilla_Vallecano
0.45921052631578946,0.2578947368421053,0.28289473684210525,SP1_2024-25_Mallorca_Valencia
0.45921052631578946,0.2578947368421053,0.28289473684210525,SP1_2024-25_Alaves_Leganes
0.45921052631578946,0.2578947368421053,0.28289473684210525,SP1_2024-25_Barcelona_LasPalmas
0.45921052631578946,0.2578947368421053,0.28289473684210525,SP1_2024-25_Espanol_Celta
0.45921052631578946,0.2578947368421053,0.28289473684210525,SP1_2024-25_Valladolid_AthMadrid
0.45921052631578946,0.2578947368421053,0.28289473684210525,SP1_2024-25_RealMadrid_Getafe
0.45921052631578946,0.2578947368421053,0.28289473684210525,SP1_2024-25_Sociedad_Betis
0.45921052631578946,0.2578947368421053,0.28289473684210525,SP1_2024-25_Vallecano_AthBilbao
0.45921052631578946,0.2578947368421053,0.28289473684210525,SP1_2024-25_Villarreal_Girona
0.45921052631578946,0.2578947368421053,0.28289473684210525,SP1_2024-25_Sevilla_Osasuna
0.45921052631578946,0.2578947368421053,0.28289473684210525,SP1_2024-25_Mallorca_Barcelona
0.45921052631578946,0.2578947368421053,0.28289473684210525,SP1_2024-25_AthBilbao_RealMadrid
0.45921052631578946,0.2578947368421053,0.28289473684210525,SP1_2024-25_Celta_Mallorca
0.45921052631578946,0.2578947368421053,0.28289473684210525,SP1_2024-25_Betis_Barcelona
0.45921052631578946,0.2578947368421053,0.28289473684210525,SP1_2024-25_Girona_RealMadrid
0.45921052631578946,0.2578947368421053,0.28289473684210525,SP1_2024-25_LasPalmas_Valladolid
0.45921052631578946,0.2578947368421053,0.28289473684210525,SP1_2024-25_Valencia_Vallecano
0.45921052631578946,0.2578947368421053,0.28289473684210525,SP1_2024-25_AthBilbao_Villarreal
0.45921052631578946,0.2578947368421053,0.28289473684210525,SP1_2024-25_AthMadrid_Sevilla
0.45921052631578946,0.2578947368421053,0.28289473684210525,SP1_2024-25_Leganes_Sociedad
0.45921052631578946,0.2578947368421053,0.28289473684210525,SP1_2024-25_Osasuna_Alaves
0.45921052631578946,0.2578947368421053,0.28289473684210525,SP1_2024-25_Getafe_Espanol
0.45921052631578946,0.2578947368421053,0.28289473684210525,SP1_2024-25_Valladolid_Valencia
0.45921052631578946,0.2578947368421053,0.28289473684210525,SP1_2024-25_Espanol_Osasuna
0.45921052631578946,0.2578947368421053,0.28289473684210525,SP1_2024-25_Mallorca_Girona
0.45921052631578946,0.2578947368421053,0.28289473684210525,SP1_2024-25_Sevilla_Celta
0.45921052631578946,0.2578947368421053,0.28289473684210525,SP1_2024-25_Vallecano_RealMadrid
0.45921052631578946,0.2578947368421053,0.28289473684210525,SP1_2024-25_Alaves_AthBilbao
0.45921052631578946,0.2578947368421053,0.28289473684210525,SP1_2024-25_AthMadrid_Getafe
0.45921052631578946,0.2578947368421053,0.28289473684210525,SP1_2024-25_Barcelona_Leganes
0.45921052631578946,0.2578947368421053,0.28289473684210525,SP1_2024-25_Sociedad_LasPalmas
0.45921052631578946,0.2578947368421053,0.28289473684210525,SP1_2024-25_Villarreal_Betis
0.45921052631578946,0.2578947368421053,0.28289473684210525,SP1_2024-25_Espanol_Valencia
0.45921052631578946,0.2578947368421053,0.28289473684210525,SP1_2024-25_Villarreal_Vallecano
0.45921052631578946,0.2578947368421053,0.28289473684210525,SP1_2024-25_Girona_Valladolid
0.45921052631578946,0.2578947368421053,0.28289473684210525,SP1_2024-25_Barcelona_AthMadrid
0.45921052631578946,0.2578947368421053,0.28289473684210525,SP1_2024-25_Celta_Sociedad
0.45921052631578946,0.2578947368421053,0.28289473684210525,SP1_2024-25_Getafe_Mallorca
0.45921052631578946,0.2578947368421053,0.28289473684210525,SP1_2024-25_Osasuna_AthBilbao
0.45921052631578946,0.2578947368421053,0.28289473684210525,SP1_2024-25_Betis_Vallecano
0.45921052631578946,0.2578947368421053,0.28289473684210525,SP1_2024-25_LasPalmas_Espanol
0.45921052631578946,0.2578947368421053,0.28289473684210525,SP1_2024-25_Leganes_Villarreal
0.45921052631578946,0.2578947368421053,0.28289473684210525,SP1_2024-25_RealMadrid_Sevilla
0.45921052631578946,0.2578947368421053,0.28289473684210525,SP1_2024-25_Valencia_Alaves
0.45921052631578946,0.2578947368421053,0.28289473684210525,SP1_2024-25_Valencia_RealMadrid
0.45921052631578946,0.2578947368421053,0.28289473684210525,SP1_2024-25_Vallecano_Celta
0.45921052631578946,0.2578947368421053,0.28289473684210525,SP1_2024-25_Alaves_Girona
0.45921052631578946,0.2578947368421053,0.28289473684210525,SP1_2024-25_Espanol_Leganes
0.45921052631578946,0.2578947368421053,0.28289473684210525,SP1_2024-25_Sevilla_Valencia
0.45921052631578946,0.2578947368421053,0.28289473684210525,SP1_2024-25_Valladolid_Betis
0.45921052631578946,0.2578947368421053,0.28289473684210525,SP1_2024-25_AthMadrid_Osasuna
0.45921052631578946,0.2578947368421053,0.28289473684210525,SP1_2024-25_LasPalmas_Getafe
0.45921052631578946,0.2578947368421053,0.28289473684210525,SP1_2024-25_Sociedad_Villarreal
0.45921052631578946,0.2578947368421053,0.28289473684210525,SP1_2024-25_Espanol_Valladolid
0.45921052631578946,0.2578947368421053,0.28289473684210525,SP1_2024-25_Betis_Alaves
0.45921052631578946,0.2578947368421053,0.28289473684210525,SP1_2024-25_Getafe_Barcelona
0.45921052631578946,0.2578947368421053,0.28289473684210525,SP1_2024-25_Girona_Sevilla
0.45921052631578946,0.2578947368421053,0.28289473684210525,SP1_2024-25_Leganes_AthMadrid
0.45921052631578946,0.2578947368421053,0.28289473684210525,SP1_2024-25_Celta_AthBilbao
0.45921052631578946,0.2578947368421053,0.28289473684210525,SP1_2024-25_Osasuna_Vallecano
0.45921052631578946,0.2578947368421053,0.28289473684210525,SP1_2024-25_RealMadrid_LasPalmas
0.45921052631578946,0.2578947368421053,0.28289473684210525,SP1_2024-25_Valencia_Sociedad
0.45921052631578946,0.2578947368421053,0.28289473684210525,SP1_2024-25_Villarreal_Mallorca
0.45921052631578946,0.2578947368421053,0.28289473684210525,SP1_2024-25_LasPalmas_Osasuna
0.45921052631578946,0.2578947368421053,0.28289473684210525,SP1_2024-25_AthMadrid_Villarreal
0.45921052631578946,0.2578947368421053,0.28289473684210525,SP1_2024-25_Mallorca_Betis
0.45921052631578946,0.2578947368421053,0.28289473684210525,SP1_2024-25_Sevilla_Espanol
0.45921052631578946,0.2578947368421053,0.28289473684210525,SP1_2024-25_Valladolid_RealMadrid
0.45921052631578946,0.2578947368421053,0.28289473684210525,SP1_2024-25_AthBilbao_Leganes
0.45921052631578946,0.2578947368421053,0.28289473684210525,SP1_2024-25_Barcelona_Valencia
0.45921052631578946,0.2578947368421053,0.28289473684210525,SP1_2024-25_Sociedad_Getafe
0.45921052631578946,0.2578947368421053,0.28289473684210525,SP1_2024-25_Vallecano_Girona
0.45921052631578946,0.2578947368421053,0.28289473684210525,SP1_2024-25_Alaves_Celta
0.45921052631578946,0.2578947368421053,0.28289473684210525,SP1_2024-25_Leganes_Vallecano
0.45921052631578946,0.2578947368421053,0.28289473684210525,SP1_2024-25_AthMadrid_Mallorca
0.45921052631578946,0.2578947368421053,0.28289473684210525,SP1_2024-25_Espanol_RealMadrid
0.45921052631578946,0.2578947368421053,0.28289473684210525,SP1_2024-25_Getafe_Sevilla
0.45921052631578946,0.2578947368421053,0.28289473684210525,SP1_2024-25_Villarreal_Valladolid
0.45921052631578946,0.2578947368421053,0.28289473684210525,SP1_2024-25_Barcelona_Alaves
0.45921052631578946,0.2578947368421053,0.28289473684210525,SP1_2024-25_Betis_AthBilbao
0.45921052631578946,0.2578947368421053,0.28289473684210525,SP1_2024-25_Osasuna_Sociedad
0.45921052631578946,0.2578947368421053,0.28289473684210525,SP1_2024-25_Valencia_Celta
0.45921052631578946,0.2578947368421053,0.28289473684210525,SP1_2024-25_Girona_LasPalmas
0.45921052631578946,0.2578947368421053,0.28289473684210525,SP1_2024-25_Vallecano_Valladolid
0.45921052631578946,0.2578947368421053,0.28289473684210525,SP1_2024-25_AthBilbao_Girona
0.45921052631578946,0.2578947368421053,0.28289473684210525,SP1_2024-25_Celta_Betis
0.45921052631578946,0.2578947368421053,0.28289473684210525,SP1_2024-25_LasPalmas_Villarreal
0.45921052631578946,0.2578947368421053,0.28289473684210525,SP1_2024-25_RealMadrid_AthMadrid
0.45921052631578946,0.2578947368421053,0.28289473684210525,SP1_2024-25_Alaves_Getafe
0.45921052631578946,0.2578947368421053,0.28289473684210525,SP1_2024-25_Sevilla_Barcelona
0.45921052631578946,0.2578947368421053,0.28289473684210525,SP1_2024-25_Sociedad_Espanol
0.45921052631578946,0.2578947368421053,0.28289473684210525,SP1_2024-25_Valencia_Leganes
0.45921052631578946,0.2578947368421053,0.28289473684210525,SP1_2024-25_Mallorca_Osasuna
0.45921052631578946,0.2578947368421053,0.28289473684210525,SP1_2024-25_Girona_Getafe
0.45921052631578946,0.2578947368421053,0.28289473684210525,SP1_2024-25_AthMadrid_Celta
0.45921052631578946,0.2578947368421053,0.28289473684210525,SP1_2024-25_Leganes_Alaves
0.45921052631578946,0.2578947368421053,0.28289473684210525,SP1_2024-25_Osasuna_RealMadrid
0.45921052631578946,0.2578947368421053,0.28289473684210525,SP1_2024-25_Villarreal_Valencia
0.45921052631578946,0.2578947368421053,0.28289473684210525,SP1_2024-25_Betis_Sociedad
0.45921052631578946,0.2578947368421053,0.28289473684210525,SP1_2024-25_Espanol_AthBilbao
0.45921052631578946,0.2578947368421053,0.28289473684210525,SP1_2024-25_Mallorca_LasPalmas
0.45921052631578946,0.2578947368421053,0.28289473684210525,SP1_2024-25_Valladolid_Sevilla
0.45921052631578946,0.2578947368421053,0.28289473684210525,SP1_2024-25_Barcelona_Vallecano
0.45921052631578946,0.2578947368421053,0.28289473684210525,SP1_2024-25_Celta_Osasuna
0.45921052631578946,0.2578947368421053,0.28289473684210525,SP1_2024-25_Alaves_Espanol
0.45921052631578946,0.2578947368421053,0.28289473684210525,SP1_2024-25_LasPalmas_Barcelona
0.45921052631578946,0.2578947368421053,0.28289473684210525,SP1_2024-25_Valencia_AthMadrid
0.45921052631578946,0.2578947368421053,0.28289473684210525,SP1_2024-25_Vallecano_Villarreal
0.45921052631578946,0.2578947368421053,0.28289473684210525,SP1_2024-25_AthBilbao_Valladolid
0.45921052631578946,0.2578947368421053,0.28289473684210525,SP1_2024-25_Getafe_Betis
0.45921052631578946,0.2578947368421053,0.28289473684210525,SP1_2024-25_RealMadrid_Girona
0.45921052631578946,0.2578947368421053,0.28289473684210525,SP1_2024-25_Sociedad_Leganes
0.45921052631578946,0.2578947368421053,0.28289473684210525,SP1_2024-25_Sevilla_Mallorca
0.45921052631578946,0.2578947368421053,0.28289473684210525,SP1_2024-25_Valladolid_LasPalmas
0.45921052631578946,0.2578947368421053,0.28289473684210525,SP1_2024-25_AthMadrid_AthBilbao
0.45921052631578946,0.2578947368421053,0.28289473684210525,SP1_2024-25_Betis_RealMadrid
0.45921052631578946,0.2578947368421053,0.28289473684210525,SP1_2024-25_Girona_Celta
0.45921052631578946,0.2578947368421053,0.28289473684210525,SP1_2024-25_Vallecano_Sevilla
0.45921052631578946,0.2578947368421053,0.28289473684210525,SP1_2024-25_Barcelona_Sociedad
0.45921052631578946,0.2578947368421053,0.28289473684210525,SP1_2024-25_Leganes_Getafe
0.45921052631578946,0.2578947368421053,0.28289473684210525,SP1_2024-25_Mallorca_Alaves
0.45921052631578946,0.2578947368421053,0.28289473684210525,SP1_2024-25_Osasuna_Valencia
0.45921052631578946,0.2578947368421053,0.28289473684210525,SP1_2024-25_Alaves_Villarreal
0.45921052631578946,0.2578947368421053,0.28289473684210525,SP1_2024-25_Celta_Leganes
0.45921052631578946,0.2578947368421053,0.28289473684210525,SP1_2024-25_Valencia_Valladolid
0.45921052631578946,0.2578947368421053,0.28289473684210525,SP1_2024-25_AthBilbao_Mallorca
0.45921052631578946,0.2578947368421053,0.28289473684210525,SP1_2024-25_Betis_LasPalmas
0.45921052631578946,0.2578947368421053,0.28289473684210525,SP1_2024-25_Getafe_AthMadrid
0.45921052631578946,0.2578947368421053,0.28289473684210525,SP1_2024-25_RealMadrid_Vallecano
0.45921052631578946,0.2578947368421053,0.28289473684210525,SP1_2024-25_Sociedad_Sevilla
0.45921052631578946,0.2578947368421053,0.28289473684210525,SP1_2024-25_Espanol_Girona
0.45921052631578946,0.2578947368421053,0.28289473684210525,SP1_2024-25_LasPalmas_Alaves
0.45921052631578946,0.2578947368421053,0.28289473684210525,SP1_2024-25_Girona_Valencia
0.45921052631578946,0.2578947368421053,0.28289473684210525,SP1_2024-25_Mallorca_Espanol
0.45921052631578946,0.2578947368421053,0.28289473684210525,SP1_2024-25_Valladolid_Celta
0.45921052631578946,0.2578947368421053,0.28289473684210525,SP1_2024-25_Villarreal_RealMadrid
0.45921052631578946,0.2578947368421053,0.28289473684210525,SP1_2024-25_AthMadrid_Barcelona
0.45921052631578946,0.2578947368421053,0.28289473684210525,SP1_2024-25_Leganes_Betis
0.45921052631578946,0.2578947368421053,0.28289473684210525,SP1_2024-25_Osasuna_Getafe
0.45921052631578946,0.2578947368421053,0.28289473684210525,SP1_2024-25_Sevilla_AthBilbao
0.45921052631578946,0.2578947368421053,0.28289473684210525,SP1_2024-25_Vallecano_Sociedad
0.45921052631578946,0.2578947368421053,0.28289473684210525,SP1_2024-25_Barcelona_Osasuna
0.45921052631578946,0.2578947368421053,0.28289473684210525,SP1_2024-25_Alaves_Vallecano
0.45921052631578946,0.2578947368421053,0.28289473684210525,SP1_2024-25_Espanol_AthMadrid
0.45921052631578946,0.2578947368421053,0.28289473684210525,SP1_2024-25_RealMadrid_Leganes
0.45921052631578946,0.2578947368421053,0.28289473684210525,SP1_2024-25_Sociedad_Valladolid
0.45921052631578946,0.2578947368421053,0.28289473684210525,SP1_2024-25_AthBilbao_Osasuna
0.45921052631578946,0.2578947368421053,0.28289473684210525,SP1_2024-25_Barcelona_Girona
0.45921052631578946,0.2578947368421053,0.28289473684210525,SP1_2024-25_Betis_Sevilla
0.45921052631578946,0.2578947368421053,0.28289473684210525,SP1_2024-25_Getafe_Villarreal
0.45921052631578946,0.2578947368421053,0.28289473684210525,SP1_2024-25_Valencia_Mallorca
0.45921052631578946,0.2578947368421053,0.28289473684210525,SP1_2024-25_Celta_LasPalmas
0.45921052631578946,0.2578947368421053,0.28289473684210525,SP1_2024-25_Vallecano_Espanol
0.45921052631578946,0.2578947368421053,0.28289473684210525,SP1_2024-25_Barcelona_Betis
0.45921052631578946,0.2578947368421053,0.28289473684210525,SP1_2024-25_Girona_Alaves
0.45921052631578946,0.2578947368421053,0.28289473684210525,SP1_2024-25_Mallorca_Celta
0.45921052631578946,0.2578947368421053,0.28289473684210525,SP1_2024-25_RealMadrid_Valencia
0.45921052631578946,0.2578947368421053,0.28289473684210525,SP1_2024-25_LasPalmas_Sociedad
0.45921052631578946,0.2578947368421053,0.28289473684210525,SP1_2024-25_Sevilla_AthMadrid
0.45921052631578946,0.2578947368421053,0.28289473684210525,SP1_2024-25_Valladolid_Getafe
0.45921052631578946,0.2578947368421053,0.28289473684210525,SP1_2024-25_Villarreal_AthBilbao
0.45921052631578946,0.2578947368421053,0.28289473684210525,SP1_2024-25_Leganes_Osasuna
0.45921052631578946,0.2578947368421053,0.28289473684210525,SP1_2024-25_Valencia_Sevilla
0.45921052631578946,0.2578947368421053,0.28289473684210525,SP1_2024-25_Celta_Espanol
0.45921052631578946,0.2578947368421053,0.28289473684210525,SP1_2024-25_Getafe_LasPalmas
0.45921052631578946,0.2578947368421053,0.28289473684210525,SP1_2024-25_Leganes_Barcelona
0.45921052631578946,0.2578947368421053,0.28289473684210525,SP1_2024-25_Sociedad_Mallorca
0.45921052631578946,0.2578947368421053,0.28289473684210525,SP1_2024-25_Alaves_RealMadrid
0.45921052631578946,0.2578947368421053,0.28289473684210525,SP1_2024-25_AthBilbao_Vallecano
0.45921052631578946,0.2578947368421053,0.28289473684210525,SP1_2024-25_Betis_Villarreal
0.45921052631578946,0.2578947368421053,0.28289473684210525,SP1_2024-25_Osasuna_Girona
0.45921052631578946,0.2578947368421053,0.28289473684210525,SP1_2024-25_AthMadrid_Valladolid
0.45921052631578946,0.2578947368421053,0.28289473684210525,SP1_2024-25_Espanol_Getafe
0.45921052631578946,0.2578947368421053,0.28289473684210525,SP1_2024-25_Barcelona_Celta
0.45921052631578946,0.2578947368421053,0.28289473684210525,SP1_2024-25_LasPalmas_AthMadrid
0.45921052631578946,0.2578947368421053,0.28289473684210525,SP1_2024-25_Mallorca_Leganes
0.45921052631578946,0.2578947368421053,0.28289473684210525,SP1_2024-25_Vallecano_Valencia
0.45921052631578946,0.2578947368421053,0.28289473684210525,SP1_2024-25_RealMadrid_AthBilbao
0.45921052631578946,0.2578947368421053,0.28289473684210525,SP1_2024-25_Sevilla_Alaves
0.45921052631578946,0.2578947368421053,0.28289473684210525,SP1_2024-25_Valladolid_Osasuna
0.45921052631578946,0.2578947368421053,0.28289473684210525,SP1_2024-25_Villarreal_Sociedad
0.45921052631578946,0.2578947368421053,0.28289473684210525,SP1_2024-25_Girona_Betis
0.45921052631578946,0.2578947368421053,0.28289473684210525,SP1_2024-25_Barcelona_Mallorca
0.45921052631578946,0.2578947368421053,0.28289473684210525,SP1_2024-25_Valencia_Espanol
0.45921052631578946,0.2578947368421053,0.28289473684210525,SP1_2024-25_Alaves_Sociedad
0.45921052631578946,0.2578947368421053,0.28289473684210525,SP1_2024-25_AthBilbao_LasPalmas
0.45921052631578946,0.2578947368421053,0.28289473684210525,SP1_2024-25_Celta_Villarreal
0.45921052631578946,0.2578947368421053,0.28289473684210525,SP1_2024-25_Getafe_RealMadrid
0.45921052631578946,0.2578947368421053,0.28289473684210525,SP1_2024-25_AthMadrid_Vallecano
0.45921052631578946,0.2578947368421053,0.28289473684210525,SP1_2024-25_Betis_Valladolid
0.45921052631578946,0.2578947368421053,0.28289473684210525,SP1_2024-25_Leganes_Girona
0.45921052631578946,0.2578947368421053,0.28289473684210525,SP1_2024-25_Osasuna_Sevilla
0.45921052631578946,0.2578947368421053,0.28289473684210525,SP1_2024-25_Villarreal_Espanol
0.45921052631578946,0.2578947368421053,0.28289473684210525,SP1_2024-25_Vallecano_Getafe
0.45921052631578946,0.2578947368421053,0.28289473684210525,SP1_2024-25_Alaves_AthMadrid
0.45921052631578946,0.2578947368421053,0.28289473684210525,SP1_2024-25_LasPalmas_Valencia
0.45921052631578946,0.2578947368421053,0.28289473684210525,SP1_2024-25_Valladolid_Barcelona
0.45921052631578946,0.2578947368421053,0.28289473684210525,SP1_2024-25_Villarreal_Osasuna
0.45921052631578946,0.2578947368421053,0.28289473684210525,SP1_2024-25_Espanol_Betis
0.45921052631578946,0.2578947368421053,0.28289473684210525,SP1_2024-25_RealMadrid_Celta
0.45921052631578946,0.2578947368421053,0.28289473684210525,SP1_2024-25_Sevilla_Leganes
0.45921052631578946,0.2578947368421053,0.28289473684210525,SP1_2024-25_Sociedad_AthBilbao
0.45921052631578946,0.2578947368421053,0.28289473684210525,SP1_2024-25_Girona_Mallorca
0.45921052631578946,0.2578947368421053,0.28289473684210525,SP1_2024-25_LasPalmas_Vallecano
0.45921052631578946,0.2578947368421053,0.28289473684210525,SP1_2024-25_AthMadrid_Sociedad
0.45921052631578946,0.2578947368421053,0.28289473684210525,SP1_2024-25_Celta_Sevilla
0.45921052631578946,0.2578947368421053,0.28289473684210525,SP1_2024-25_Girona_Villarreal
0.45921052631578946,0.2578947368421053,0.28289473684210525,SP1_2024-25_Mallorca_Valladolid
0.45921052631578946,0.2578947368421053,0.28289473684210525,SP1_2024-25_Valencia_Getafe
0.45921052631578946,0.2578947368421053,0.28289473684210525,SP1_2024-25_AthBilbao_Alaves
0.45921052631578946,0.2578947368421053,0.28289473684210525,SP1_2024-25_Barcelona_RealMadrid
0.45921052631578946,0.2578947368421053,0.28289473684210525,SP1_2024-25_Betis_Osasuna
0.45921052631578946,0.2578947368421053,0.28289473684210525,SP1_2024-25_Leganes_Espanol
0.45921052631578946,0.2578947368421053,0.28289473684210525,SP1_2024-25_Sevilla_LasPalmas
0.45921052631578946,0.2578947368421053,0.28289473684210525,SP1_2024-25_Sociedad_Celta
0.45921052631578946,0.2578947368421053,0.28289473684210525,SP1_2024-25_Valladolid_Girona
0.45921052631578946,0.2578947368421053,0.28289473684210525,SP1_2024-25_Alaves_Valencia
0.45921052631578946,0.2578947368421053,0.28289473684210525,SP1_2024-25_RealMadrid_Mallorca
0.45921052631578946,0.2578947368421053,0.28289473684210525,SP1_2024-25_Villarreal_Leganes
0.45921052631578946,0.2578947368421053,0.28289473684210525,SP1_2024-25_Espanol_Barcelona
0.45921052631578946,0.2578947368421053,0.28289473684210525,SP1_2024-25_Getafe_AthBilbao
0.45921052631578946,0.2578947368421053,0.28289473684210525,SP1_2024-25_Osasuna_AthMadrid
0.45921052631578946,0.2578947368421053,0.28289473684210525,SP1_2024-25_Vallecano_Betis
0.45921052631578946,0.2578947368421053,0.28289473684210525,SP1_2024-25_AthMadrid_Betis
0.45921052631578946,0.2578947368421053,0.28289473684210525,SP1_2024-25_Barcelona_Villarreal
0.45921052631578946,0.2578947368421053,0.28289473684210525,SP1_2024-25_Celta_Vallecano
0.45921052631578946,0.2578947368421053,0.28289473684210525,SP1_2024-25_LasPalmas_Leganes
0.45921052631578946,0.2578947368421053,0.28289473684210525,SP1_2024-25_Mallorca_Getafe
0.45921052631578946,0.2578947368421053,0.28289473684210525,SP1_2024-25_Osasuna_Espanol
0.45921052631578946,0.2578947368421053,0.28289473684210525,SP1_2024-25_Sevilla_RealMadrid
0.45921052631578946,0.2578947368421053,0.28289473684210525,SP1_2024-25_Sociedad_Girona
0.45921052631578946,0.2578947368421053,0.28289473684210525,SP1_2024-25_Valencia_AthBilbao
0.45921052631578946,0.2578947368421053,0.28289473684210525,SP1_2024-25_Valladolid_Alaves
0.45921052631578946,0.2578947368421053,0.28289473684210525,SP1_2024-25_Betis_Valencia
0.45921052631578946,0.2578947368421053,0.28289473684210525,SP1_2024-25_Alaves_Osasuna
0.45921052631578946,0.2578947368421053,0.28289473684210525,SP1_2024-25_Espanol_LasPalmas
0.45921052631578946,0.2578947368421053,0.28289473684210525,SP1_2024-25_Getafe_Celta
0.45921052631578946,0.2578947368421053,0.28289473684210525,SP1_2024-25_Leganes_Valladolid
0.45921052631578946,0.2578947368421053,0.28289473684210525,SP1_2024-25_RealMadrid_Sociedad
0.45921052631578946,0.2578947368421053,0.28289473684210525,SP1_2024-25_Vallecano_Mallorca
0.45921052631578946,0.2578947368421053,0.28289473684210525,SP1_2024-25_AthBilbao_Barcelona
0.45921052631578946,0.2578947368421053,0.28289473684210525,SP1_2024-25_Girona_AthMadrid
0.45921052631578946,0.2578947368421053,0.28289473684210525,SP1_2024-25_Villarreal_Sevilla
