match_id,league,season,date,HomeTeam,AwayTeam,FTR,home_goals,away_goals
E0_2022-23_CrystalPalace_Arsenal,E0,2022-23,2022-08-05,Crystal Palace,Arsenal,A,0,2
E0_2022-23_Bournemouth_AstonVilla,E0,2022-23,2022-08-06,Bournemouth,Aston Villa,H,2,0
E0_2022-23_Everton_Chelsea,E0,2022-23,2022-08-06,Everton,Chelsea,A,0,1
E0_2022-23_Fulham_Liverpool,E0,2022-23,2022-08-06,Fulham,Liverpool,D,2,2
E0_2022-23_Leeds_Wolves,E0,2022-23,2022-08-06,Leeds,Wolves,H,2,1
E0_2022-23_Newcastle_Nott'mForest,E0,2022-23,2022-08-06,Newcastle,Nott'm Forest,H,2,0
E0_2022-23_Tottenham_Southampton,E0,2022-23,2022-08-06,Tottenham,Southampton,H,4,1
E0_2022-23_Leicester_Brentford,E0,2022-23,2022-08-07,Leicester,Brentford,D,2,2
E0_2022-23_ManUnited_Brighton,E0,2022-23,2022-08-07,Man United,Brighton,A,1,2
E0_2022-23_WestHam_ManCity,E0,2022-23,2022-08-07,West Ham,Man City,A,0,2
E0_2022-23_Arsenal_Leicester,E0,2022-23,2022-08-13,Arsenal,Leicester,H,4,2
E0_2022-23_AstonVilla_Everton,E0,2022-23,2022-08-13,Aston Villa,Everton,H,2,1
E0_2022-23_Brentford_ManUnited,E0,2022-23,2022-08-13,Brentford,Man United,H,4,0
E0_2022-23_Brighton_Newcastle,E0,2022-23,2022-08-13,Brighton,Newcastle,D,0,0
E0_2022-23_ManCity_Bournemouth,E0,2022-23,2022-08-13,Man City,Bournemouth,H,4,0
E0_2022-23_Southampton_Leeds,E0,2022-23,2022-08-13,Southampton,Leeds,D,2,2
E0_2022-23_Wolves_Fulham,E0,2022-23,2022-08-13,Wolves,Fulham,D,0,0
E0_2022-23_Chelsea_Tottenham,E0,2022-23,2022-08-14,Chelsea,Tottenham,D,2,2
E0_2022-23_Nott'mForest_WestHam,E0,2022-23,2022-08-14,Nott'm Forest,West Ham,H,1,0
E0_2022-23_Liverpool_CrystalPalace,E0,2022-23,2022-08-15,Liverpool,Crystal Palace,D,1,1
E0_2022-23_Bournemouth_Arsenal,E0,2022-23,2022-08-20,Bournemouth,Arsenal,A,0,3
E0_2022-23_CrystalPalace_AstonVilla,E0,2022-23,2022-08-20,Crystal Palace,Aston Villa,H,3,1
E0_2022-23_Everton_Nott'mForest,E0,2022-23,2022-08-20,Everton,Nott'm Forest,D,1,1
E0_2022-23_Fulham_Brentford,E0,2022-23,2022-08-20,Fulham,Brentford,H,3,2
E0_2022-23_Leicester_Southampton,E0,2022-23,2022-08-20,Leicester,Southampton,A,1,2
E0_2022-23_Tottenham_Wolves,E0,2022-23,2022-08-20,Tottenham,Wolves,H,1,0
E0_2022-23_Leeds_Chelsea,E0,2022-23,2022-08-21,Leeds,Chelsea,H,3,0
E0_2022-23_Newcastle_ManCity,E0,2022-23,2022-08-21,Newcastle,Man City,D,3,3
E0_2022-23_WestHam_Brighton,E0,2022-23,2022-08-21,West Ham,Brighton,A,0,2
E0_2022-23_ManUnited_Liverpool,E0,2022-23,2022-08-22,Man United,Liverpool,H,2,1
E0_2022-23_Arsenal_Fulham,E0,2022-23,2022-08-27,Arsenal,Fulham,H,2,1
E0_2022-23_Brentford_Everton,E0,2022-23,2022-08-27,Brentford,Everton,D,1,1
E0_2022-23_Brighton_Leeds,E0,2022-23,2022-08-27,Brighton,Leeds,H,1,0
E0_2022-23_Chelsea_Leicester,E0,2022-23,2022-08-27,Chelsea,Leicester,H,2,1
E0_2022-23_Liverpool_Bournemouth,E0,2022-23,2022-08-27,Liverpool,Bournemouth,H,9,0
E0_2022-23_ManCity_CrystalPalace,E0,2022-23,2022-08-27,Man City,Crystal Palace,H,4,2
E0_2022-23_Southampton_ManUnited,E0,2022-23,2022-08-27,Southampton,Man United,A,0,1
E0_2022-23_AstonVilla_WestHam,E0,2022-23,2022-08-28,Aston Villa,West Ham,A,0,1
E0_2022-23_Nott'mForest_Tottenham,E0,2022-23,2022-08-28,Nott'm Forest,Tottenham,A,0,2
E0_2022-23_Wolves_Newcastle,E0,2022-23,2022-08-28,Wolves,Newcastle,D,1,1
E0_2022-23_CrystalPalace_Brentford,E0,2022-23,2022-08-30,Crystal Palace,Brentford,D,1,1
E0_2022-23_Fulham_Brighton,E0,2022-23,2022-08-30,Fulham,Brighton,H,2,1
E0_2022-23_Leeds_Everton,E0,2022-23,2022-08-30,Leeds,Everton,D,1,1
E0_2022-23_Southampton_Chelsea,E0,2022-23,2022-08-30,Southampton,Chelsea,H,2,1
E0_2022-23_Arsenal_AstonVilla,E0,2022-23,2022-08-31,Arsenal,Aston Villa,H,2,1
E0_2022-23_Bournemouth_Wolves,E0,2022-23,2022-08-31,Bournemouth,Wolves,D,0,0
E0_2022-23_Liverpool_Newcastle,E0,2022-23,2022-08-31,Liverpool,Newcastle,H,2,1
E0_2022-23_ManCity_Nott'mForest,E0,2022-23,2022-08-31,Man City,Nott'm Forest,H,6,0
E0_2022-23_WestHam_Tottenham,E0,2022-23,2022-08-31,West Ham,Tottenham,D,1,1
E0_2022-23_Leicester_ManUnited,E0,2022-23,2022-09-01,Leicester,Man United,A,0,1
E0_2022-23_AstonVilla_ManCity,E0,2022-23,2022-09-03,Aston Villa,Man City,D,1,1
E0_2022-23_Brentford_Leeds,E0,2022-23,2022-09-03,Brentford,Leeds,H,5,2
E0_2022-23_Chelsea_WestHam,E0,2022-23,2022-09-03,Chelsea,West Ham,H,2,1
E0_2022-23_Everton_Liverpool,E0,2022-23,2022-09-03,Everton,Liverpool,D,0,0
E0_2022-23_Newcastle_CrystalPalace,E0,2022-23,2022-09-03,Newcastle,Crystal Palace,D,0,0
E0_2022-23_Nott'mForest_Bournemouth,E0,2022-23,2022-09-03,Nott'm Forest,Bournemouth,A,2,3
E0_2022-23_Tottenham_Fulham,E0,2022-23,2022-09-03,Tottenham,Fulham,H,2,1
E0_2022-23_Wolves_Southampton,E0,2022-23,2022-09-03,Wolves,Southampton,H,1,0
E0_2022-23_Brighton_Leicester,E0,2022-23,2022-09-04,Brighton,Leicester,H,5,2
E0_2022-23_ManUnited_Arsenal,E0,2022-23,2022-09-04,Man United,Arsenal,H,3,1
E0_2022-23_AstonVilla_Southampton,E0,2022-23,2022-09-16,Aston Villa,Southampton,H,1,0
E0_2022-23_Nott'mForest_Fulham,E0,2022-23,2022-09-16,Nott'm Forest,Fulham,A,2,3
E0_2022-23_Newcastle_Bournemouth,E0,2022-23,2022-09-17,Newcastle,Bournemouth,D,1,1
E0_2022-23_Tottenham_Leicester,E0,2022-23,2022-09-17,Tottenham,Leicester,H,6,2
E0_2022-23_Wolves_ManCity,E0,2022-23,2022-09-17,Wolves,Man City,A,0,3
E0_2022-23_Brentford_Arsenal,E0,2022-23,2022-09-18,Brentford,Arsenal,A,0,3
E0_2022-23_Everton_WestHam,E0,2022-23,2022-09-18,Everton,West Ham,H,1,0
E0_2022-23_Arsenal_Tottenham,E0,2022-23,2022-10-01,Arsenal,Tottenham,H,3,1
E0_2022-23_Bournemouth_Brentford,E0,2022-23,2022-10-01,Bournemouth,Brentford,D,0,0
E0_2022-23_CrystalPalace_Chelsea,E0,2022-23,2022-10-01,Crystal Palace,Chelsea,A,1,2
E0_2022-23_Fulham_Newcastle,E0,2022-23,2022-10-01,Fulham,Newcastle,A,1,4
E0_2022-23_Liverpool_Brighton,E0,2022-23,2022-10-01,Liverpool,Brighton,D,3,3
E0_2022-23_Southampton_Everton,E0,2022-23,2022-10-01,Southampton,Everton,A,1,2
E0_2022-23_WestHam_Wolves,E0,2022-23,2022-10-01,West Ham,Wolves,H,2,0
E0_2022-23_Leeds_AstonVilla,E0,2022-23,2022-10-02,Leeds,Aston Villa,D,0,0
E0_2022-23_ManCity_ManUnited,E0,2022-23,2022-10-02,Man City,Man United,H,6,3
E0_2022-23_Leicester_Nott'mForest,E0,2022-23,2022-10-03,Leicester,Nott'm Forest,H,4,0
E0_2022-23_Bournemouth_Leicester,E0,2022-23,2022-10-08,Bournemouth,Leicester,H,2,1
E0_2022-23_Brighton_Tottenham,E0,2022-23,2022-10-08,Brighton,Tottenham,A,0,1
E0_2022-23_Chelsea_Wolves,E0,2022-23,2022-10-08,Chelsea,Wolves,H,3,0
E0_2022-23_ManCity_Southampton,E0,2022-23,2022-10-08,Man City,Southampton,H,4,0
E0_2022-23_Newcastle_Brentford,E0,2022-23,2022-10-08,Newcastle,Brentford,H,5,1
E0_2022-23_Arsenal_Liverpool,E0,2022-23,2022-10-09,Arsenal,Liverpool,H,3,2
E0_2022-23_CrystalPalace_Leeds,E0,2022-23,2022-10-09,Crystal Palace,Leeds,H,2,1
E0_2022-23_Everton_ManUnited,E0,2022-23,2022-10-09,Everton,Man United,A,1,2
E0_2022-23_WestHam_Fulham,E0,2022-23,2022-10-09,West Ham,Fulham,H,3,1
E0_2022-23_Nott'mForest_AstonVilla,E0,2022-23,2022-10-10,Nott'm Forest,Aston Villa,D,1,1
E0_2022-23_Brentford_Brighton,E0,2022-23,2022-10-14,Brentford,Brighton,H,2,0
E0_2022-23_Fulham_Bournemouth,E0,2022-23,2022-10-15,Fulham,Bournemouth,D,2,2
E0_2022-23_Leicester_CrystalPalace,E0,2022-23,2022-10-15,Leicester,Crystal Palace,D,0,0
E0_2022-23_Tottenham_Everton,E0,2022-23,2022-10-15,Tottenham,Everton,H,2,0
E0_2022-23_Wolves_Nott'mForest,E0,2022-23,2022-10-15,Wolves,Nott'm Forest,H,1,0
E0_2022-23_AstonVilla_Chelsea,E0,2022-23,2022-10-16,Aston Villa,Chelsea,A,0,2
E0_2022-23_Leeds_Arsenal,E0,2022-23,2022-10-16,Leeds,Arsenal,A,0,1
E0_2022-23_Liverpool_ManCity,E0,2022-23,2022-10-16,Liverpool,Man City,H,1,0
E0_2022-23_ManUnited_Newcastle,E0,2022-23,2022-10-16,Man United,Newcastle,D,0,0
E0_2022-23_Southampton_WestHam,E0,2022-23,2022-10-16,Southampton,West Ham,D,1,1
E0_2022-23_Brighton_Nott'mForest,E0,2022-23,2022-10-18,Brighton,Nott'm Forest,D,0,0
E0_2022-23_CrystalPalace_Wolves,E0,2022-23,2022-10-18,Crystal Palace,Wolves,H,2,1
E0_2022-23_Bournemouth_Southampton,E0,2022-23,2022-10-19,Bournemouth,Southampton,A,0,1
E0_2022-23_Brentford_Chelsea,E0,2022-23,2022-10-19,Brentford,Chelsea,D,0,0
E0_2022-23_Liverpool_WestHam,E0,2022-23,2022-10-19,Liverpool,West Ham,H,1,0
E0_2022-23_ManUnited_Tottenham,E0,2022-23,2022-10-19,Man United,Tottenham,H,2,0
E0_2022-23_Newcastle_Everton,E0,2022-23,2022-10-19,Newcastle,Everton,H,1,0
E0_2022-23_Fulham_AstonVilla,E0,2022-23,2022-10-20,Fulham,Aston Villa,H,3,0
E0_2022-23_Leicester_Leeds,E0,2022-23,2022-10-20,Leicester,Leeds,H,2,0
E0_2022-23_Chelsea_ManUnited,E0,2022-23,2022-10-22,Chelsea,Man United,D,1,1
E0_2022-23_Everton_CrystalPalace,E0,2022-23,2022-10-22,Everton,Crystal Palace,H,3,0
E0_2022-23_ManCity_Brighton,E0,2022-23,2022-10-22,Man City,Brighton,H,3,1
E0_2022-23_Nott'mForest_Liverpool,E0,2022-23,2022-10-22,Nott'm Forest,Liverpool,H,1,0
E0_2022-23_AstonVilla_Brentford,E0,2022-23,2022-10-23,Aston Villa,Brentford,H,4,0
E0_2022-23_Leeds_Fulham,E0,2022-23,2022-10-23,Leeds,Fulham,A,2,3
E0_2022-23_Southampton_Arsenal,E0,2022-23,2022-10-23,Southampton,Arsenal,D,1,1
E0_2022-23_Tottenham_Newcastle,E0,2022-23,2022-10-23,Tottenham,Newcastle,A,1,2
E0_2022-23_Wolves_Leicester,E0,2022-23,2022-10-23,Wolves,Leicester,A,0,4
E0_2022-23_WestHam_Bournemouth,E0,2022-23,2022-10-24,West Ham,Bournemouth,H,2,0
E0_2022-23_Bournemouth_Tottenham,E0,2022-23,2022-10-29,Bournemouth,Tottenham,A,2,3
E0_2022-23_Brentford_Wolves,E0,2022-23,2022-10-29,Brentford,Wolves,D,1,1
E0_2022-23_Brighton_Chelsea,E0,2022-23,2022-10-29,Brighton,Chelsea,H,4,1
E0_2022-23_CrystalPalace_Southampton,E0,2022-23,2022-10-29,Crystal Palace,Southampton,H,1,0
E0_2022-23_Fulham_Everton,E0,2022-23,2022-10-29,Fulham,Everton,D,0,0
E0_2022-23_Leicester_ManCity,E0,2022-23,2022-10-29,Leicester,Man City,A,0,1
E0_2022-23_Liverpool_Leeds,E0,2022-23,2022-10-29,Liverpool,Leeds,A,1,2
E0_2022-23_Newcastle_AstonVilla,E0,2022-23,2022-10-29,Newcastle,Aston Villa,H,4,0
E0_2022-23_Arsenal_Nott'mForest,E0,2022-23,2022-10-30,Arsenal,Nott'm Forest,H,5,0
E0_2022-23_ManUnited_WestHam,E0,2022-23,2022-10-30,Man United,West Ham,H,1,0
E0_2022-23_Everton_Leicester,E0,2022-23,2022-11-05,Everton,Leicester,A,0,2
E0_2022-23_Leeds_Bournemouth,E0,2022-23,2022-11-05,Leeds,Bournemouth,H,4,3
E0_2022-23_ManCity_Fulham,E0,2022-23,2022-11-05,Man City,Fulham,H,2,1
E0_2022-23_Nott'mForest_Brentford,E0,2022-23,2022-11-05,Nott'm Forest,Brentford,D,2,2
E0_2022-23_Wolves_Brighton,E0,2022-23,2022-11-05,Wolves,Brighton,A,2,3
E0_2022-23_AstonVilla_ManUnited,E0,2022-23,2022-11-06,Aston Villa,Man United,H,3,1
E0_2022-23_Chelsea_Arsenal,E0,2022-23,2022-11-06,Chelsea,Arsenal,A,0,1
E0_2022-23_Southampton_Newcastle,E0,2022-23,2022-11-06,Southampton,Newcastle,A,1,4
E0_2022-23_Tottenham_Liverpool,E0,2022-23,2022-11-06,Tottenham,Liverpool,A,1,2
E0_2022-23_WestHam_CrystalPalace,E0,2022-23,2022-11-06,West Ham,Crystal Palace,A,1,2
E0_2022-23_Bournemouth_Everton,E0,2022-23,2022-11-12,Bournemouth,Everton,H,3,0
E0_2022-23_Liverpool_Southampton,E0,2022-23,2022-11-12,Liverpool,Southampton,H,3,1
E0_2022-23_ManCity_Brentford,E0,2022-23,2022-11-12,Man City,Brentford,A,1,2
E0_2022-23_Newcastle_Chelsea,E0,2022-23,2022-11-12,Newcastle,Chelsea,H,1,0
E0_2022-23_Nott'mForest_CrystalPalace,E0,2022-23,2022-11-12,Nott'm Forest,Crystal Palace,H,1,0
E0_2022-23_Tottenham_Leeds,E0,2022-23,2022-11-12,Tottenham,Leeds,H,4,3
E0_2022-23_WestHam_Leicester,E0,2022-23,2022-11-12,West Ham,Leicester,A,0,2
E0_2022-23_Wolves_Arsenal,E0,2022-23,2022-11-12,Wolves,Arsenal,A,0,2
E0_2022-23_Brighton_AstonVilla,E0,2022-23,2022-11-13,Brighton,Aston Villa,A,1,2
E0_2022-23_Fulham_ManUnited,E0,2022-23,2022-11-13,Fulham,Man United,A,1,2
E0_2022-23_Arsenal_WestHam,E0,2022-23,2022-12-26,Arsenal,West Ham,H,3,1
E0_2022-23_AstonVilla_Liverpool,E0,2022-23,2022-12-26,Aston Villa,Liverpool,A,1,3
E0_2022-23_Brentford_Tottenham,E0,2022-23,2022-12-26,Brentford,Tottenham,D,2,2
E0_2022-23_CrystalPalace_Fulham,E0,2022-23,2022-12-26,Crystal Palace,Fulham,A,0,3
E0_2022-23_Everton_Wolves,E0,2022-23,2022-12-26,Everton,Wolves,A,1,2
E0_2022-23_Leicester_Newcastle,E0,2022-23,2022-12-26,Leicester,Newcastle,A,0,3
E0_2022-23_Southampton_Brighton,E0,2022-23,2022-12-26,Southampton,Brighton,A,1,3
E0_2022-23_Chelsea_Bournemouth,E0,2022-23,2022-12-27,Chelsea,Bournemouth,H,2,0
E0_2022-23_ManUnited_Nott'mForest,E0,2022-23,2022-12-27,Man United,Nott'm Forest,H,3,0
E0_2022-23_Leeds_ManCity,E0,2022-23,2022-12-28,Leeds,Man City,A,1,3
E0_2022-23_Liverpool_Leicester,E0,2022-23,2022-12-30,Liverpool,Leicester,H,2,1
E0_2022-23_WestHam_Brentford,E0,2022-23,2022-12-30,West Ham,Brentford,A,0,2
E0_2022-23_Bournemouth_CrystalPalace,E0,2022-23,2022-12-31,Bournemouth,Crystal Palace,A,0,2
E0_2022-23_Brighton_Arsenal,E0,2022-23,2022-12-31,Brighton,Arsenal,A,2,4
E0_2022-23_Fulham_Southampton,E0,2022-23,2022-12-31,Fulham,Southampton,H,2,1
E0_2022-23_ManCity_Everton,E0,2022-23,2022-12-31,Man City,Everton,D,1,1
E0_2022-23_Newcastle_Leeds,E0,2022-23,2022-12-31,Newcastle,Leeds,D,0,0
E0_2022-23_Wolves_ManUnited,E0,2022-23,2022-12-31,Wolves,Man United,A,0,1
E0_2022-23_Nott'mForest_Chelsea,E0,2022-23,2023-01-01,Nott'm Forest,Chelsea,D,1,1
E0_2022-23_Tottenham_AstonVilla,E0,2022-23,2023-01-01,Tottenham,Aston Villa,A,0,2
E0_2022-23_Brentford_Liverpool,E0,2022-23,2023-01-02,Brentford,Liverpool,H,3,1
E0_2022-23_Arsenal_Newcastle,E0,2022-23,2023-01-03,Arsenal,Newcastle,D,0,0
E0_2022-23_Everton_Brighton,E0,2022-23,2023-01-03,Everton,Brighton,A,1,4
E0_2022-23_Leicester_Fulham,E0,2022-23,2023-01-03,Leicester,Fulham,A,0,1
E0_2022-23_ManUnited_Bournemouth,E0,2022-23,2023-01-03,Man United,Bournemouth,H,3,0
E0_2022-23_AstonVilla_Wolves,E0,2022-23,2023-01-04,Aston Villa,Wolves,D,1,1
E0_2022-23_CrystalPalace_Tottenham,E0,2022-23,2023-01-04,Crystal Palace,Tottenham,A,0,4
E0_2022-23_Leeds_WestHam,E0,2022-23,2023-01-04,Leeds,West Ham,D,2,2
E0_2022-23_Southampton_Nott'mForest,E0,2022-23,2023-01-04,Southampton,Nott'm Forest,A,0,1
E0_2022-23_Chelsea_ManCity,E0,2022-23,2023-01-05,Chelsea,Man City,A,0,1
E0_2022-23_Fulham_Chelsea,E0,2022-23,2023-01-12,Fulham,Chelsea,H,2,1
E0_2022-23_AstonVilla_Leeds,E0,2022-23,2023-01-13,Aston Villa,Leeds,H,2,1
E0_2022-23_Brentford_Bournemouth,E0,2022-23,2023-01-14,Brentford,Bournemouth,H,2,0
E0_2022-23_Brighton_Liverpool,E0,2022-23,2023-01-14,Brighton,Liverpool,H,3,0
E0_2022-23_Everton_Southampton,E0,2022-23,2023-01-14,Everton,Southampton,A,1,2
E0_2022-23_ManUnited_ManCity,E0,2022-23,2023-01-14,Man United,Man City,H,2,1
E0_2022-23_Nott'mForest_Leicester,E0,2022-23,2023-01-14,Nott'm Forest,Leicester,H,2,0
E0_2022-23_Wolves_WestHam,E0,2022-23,2023-01-14,Wolves,West Ham,H,1,0
E0_2022-23_Chelsea_CrystalPalace,E0,2022-23,2023-01-15,Chelsea,Crystal Palace,H,1,0
E0_2022-23_Newcastle_Fulham,E0,2022-23,2023-01-15,Newcastle,Fulham,H,1,0
E0_2022-23_Tottenham_Arsenal,E0,2022-23,2023-01-15,Tottenham,Arsenal,A,0,2
E0_2022-23_CrystalPalace_ManUnited,E0,2022-23,2023-01-18,Crystal Palace,Man United,D,1,1
E0_2022-23_ManCity_Tottenham,E0,2022-23,2023-01-19,Man City,Tottenham,H,4,2
E0_2022-23_Bournemouth_Nott'mForest,E0,2022-23,2023-01-21,Bournemouth,Nott'm Forest,D,1,1
E0_2022-23_CrystalPalace_Newcastle,E0,2022-23,2023-01-21,Crystal Palace,Newcastle,D,0,0
E0_2022-23_Leicester_Brighton,E0,2022-23,2023-01-21,Leicester,Brighton,D,2,2
E0_2022-23_Liverpool_Chelsea,E0,2022-23,2023-01-21,Liverpool,Chelsea,D,0,0
E0_2022-23_Southampton_AstonVilla,E0,2022-23,2023-01-21,Southampton,Aston Villa,A,0,1
E0_2022-23_WestHam_Everton,E0,2022-23,2023-01-21,West Ham,Everton,H,2,0
E0_2022-23_Arsenal_ManUnited,E0,2022-23,2023-01-22,Arsenal,Man United,H,3,2
E0_2022-23_Leeds_Brentford,E0,2022-23,2023-01-22,Leeds,Brentford,D,0,0
E0_2022-23_ManCity_Wolves,E0,2022-23,2023-01-22,Man City,Wolves,H,3,0
E0_2022-23_Fulham_Tottenham,E0,2022-23,2023-01-23,Fulham,Tottenham,A,0,1
E0_2022-23_Chelsea_Fulham,E0,2022-23,2023-02-03,Chelsea,Fulham,D,0,0
E0_2022-23_AstonVilla_Leicester,E0,2022-23,2023-02-04,Aston Villa,Leicester,A,2,4
E0_2022-23_Brentford_Southampton,E0,2022-23,2023-02-04,Brentford,Southampton,H,3,0
E0_2022-23_Brighton_Bournemouth,E0,2022-23,2023-02-04,Brighton,Bournemouth,H,1,0
E0_2022-23_Everton_Arsenal,E0,2022-23,2023-02-04,Everton,Arsenal,H,1,0
E0_2022-23_ManUnited_CrystalPalace,E0,2022-23,2023-02-04,Man United,Crystal Palace,H,2,1
E0_2022-23_Newcastle_WestHam,E0,2022-23,2023-02-04,Newcastle,West Ham,D,1,1
E0_2022-23_Wolves_Liverpool,E0,2022-23,2023-02-04,Wolves,Liverpool,H,3,0
E0_2022-23_Nott'mForest_Leeds,E0,2022-23,2023-02-05,Nott'm Forest,Leeds,H,1,0
E0_2022-23_Tottenham_ManCity,E0,2022-23,2023-02-05,Tottenham,Man City,H,1,0
E0_2022-23_ManUnited_Leeds,E0,2022-23,2023-02-08,Man United,Leeds,D,2,2
E0_2022-23_Arsenal_Brentford,E0,2022-23,2023-02-11,Arsenal,Brentford,D,1,1
E0_2022-23_Bournemouth_Newcastle,E0,2022-23,2023-02-11,Bournemouth,Newcastle,D,1,1
E0_2022-23_CrystalPalace_Brighton,E0,2022-23,2023-02-11,Crystal Palace,Brighton,D,1,1
E0_2022-23_Fulham_Nott'mForest,E0,2022-23,2023-02-11,Fulham,Nott'm Forest,H,2,0
E0_2022-23_Leicester_Tottenham,E0,2022-23,2023-02-11,Leicester,Tottenham,H,4,1
E0_2022-23_Southampton_Wolves,E0,2022-23,2023-02-11,Southampton,Wolves,A,1,2
E0_2022-23_WestHam_Chelsea,E0,2022-23,2023-02-11,West Ham,Chelsea,D,1,1
E0_2022-23_Leeds_ManUnited,E0,2022-23,2023-02-12,Leeds,Man United,A,0,2
E0_2022-23_ManCity_AstonVilla,E0,2022-23,2023-02-12,Man City,Aston Villa,H,3,1
E0_2022-23_Liverpool_Everton,E0,2022-23,2023-02-13,Liverpool,Everton,H,2,0
E0_2022-23_Arsenal_ManCity,E0,2022-23,2023-02-15,Arsenal,Man City,A,1,3
E0_2022-23_AstonVilla_Arsenal,E0,2022-23,2023-02-18,Aston Villa,Arsenal,A,2,4
E0_2022-23_Brentford_CrystalPalace,E0,2022-23,2023-02-18,Brentford,Crystal Palace,D,1,1
E0_2022-23_Brighton_Fulham,E0,2022-23,2023-02-18,Brighton,Fulham,A,0,1
E0_2022-23_Chelsea_Southampton,E0,2022-23,2023-02-18,Chelsea,Southampton,A,0,1
E0_2022-23_Everton_Leeds,E0,2022-23,2023-02-18,Everton,Leeds,H,1,0
E0_2022-23_Newcastle_Liverpool,E0,2022-23,2023-02-18,Newcastle,Liverpool,A,0,2
E0_2022-23_Nott'mForest_ManCity,E0,2022-23,2023-02-18,Nott'm Forest,Man City,D,1,1
E0_2022-23_Wolves_Bournemouth,E0,2022-23,2023-02-18,Wolves,Bournemouth,A,0,1
E0_2022-23_ManUnited_Leicester,E0,2022-23,2023-02-19,Man United,Leicester,H,3,0
E0_2022-23_Tottenham_WestHam,E0,2022-23,2023-02-19,Tottenham,West Ham,H,2,0
E0_2022-23_Fulham_Wolves,E0,2022-23,2023-02-24,Fulham,Wolves,D,1,1
E0_2022-23_Bournemouth_ManCity,E0,2022-23,2023-02-25,Bournemouth,Man City,A,1,4
E0_2022-23_CrystalPalace_Liverpool,E0,2022-23,2023-02-25,Crystal Palace,Liverpool,D,0,0
E0_2022-23_Everton_AstonVilla,E0,2022-23,2023-02-25,Everton,Aston Villa,A,0,2
E0_2022-23_Leeds_Southampton,E0,2022-23,2023-02-25,Leeds,Southampton,H,1,0
E0_2022-23_Leicester_Arsenal,E0,2022-23,2023-02-25,Leicester,Arsenal,A,0,1
E0_2022-23_WestHam_Nott'mForest,E0,2022-23,2023-02-25,West Ham,Nott'm Forest,H,4,0
E0_2022-23_Tottenham_Chelsea,E0,2022-23,2023-02-26,Tottenham,Chelsea,H,2,0
E0_2022-23_Arsenal_Everton,E0,2022-23,2023-03-01,Arsenal,Everton,H,4,0
E0_2022-23_Liverpool_Wolves,E0,2022-23,2023-03-01,Liverpool,Wolves,H,2,0
E0_2022-23_Arsenal_Bournemouth,E0,2022-23,2023-03-04,Arsenal,Bournemouth,H,3,2
E0_2022-23_AstonVilla_CrystalPalace,E0,2022-23,2023-03-04,Aston Villa,Crystal Palace,H,1,0
E0_2022-23_Brighton_WestHam,E0,2022-23,2023-03-04,Brighton,West Ham,H,4,0
E0_2022-23_Chelsea_Leeds,E0,2022-23,2023-03-04,Chelsea,Leeds,H,1,0
E0_2022-23_ManCity_Newcastle,E0,2022-23,2023-03-04,Man City,Newcastle,H,2,0
E0_2022-23_Southampton_Leicester,E0,2022-23,2023-03-04,Southampton,Leicester,H,1,0
E0_2022-23_Wolves_Tottenham,E0,2022-23,2023-03-04,Wolves,Tottenham,H,1,0
E0_2022-23_Liverpool_ManUnited,E0,2022-23,2023-03-05,Liverpool,Man United,H,7,0
E0_2022-23_Nott'mForest_Everton,E0,2022-23,2023-03-05,Nott'm Forest,Everton,D,2,2
E0_2022-23_Brentford_Fulham,E0,2022-23,2023-03-06,Brentford,Fulham,H,3,2
E0_2022-23_Bournemouth_Liverpool,E0,2022-23,2023-03-11,Bournemouth,Liverpool,H,1,0
E0_2022-23_CrystalPalace_ManCity,E0,2022-23,2023-03-11,Crystal Palace,Man City,A,0,1
E0_2022-23_Everton_Brentford,E0,2022-23,2023-03-11,Everton,Brentford,H,1,0
E0_2022-23_Leeds_Brighton,E0,2022-23,2023-03-11,Leeds,Brighton,D,2,2
E0_2022-23_Leicester_Chelsea,E0,2022-23,2023-03-11,Leicester,Chelsea,A,1,3
E0_2022-23_Tottenham_Nott'mForest,E0,2022-23,2023-03-11,Tottenham,Nott'm Forest,H,3,1
E0_2022-23_Fulham_Arsenal,E0,2022-23,2023-03-12,Fulham,Arsenal,A,0,3
E0_2022-23_ManUnited_Southampton,E0,2022-23,2023-03-12,Man United,Southampton,D,0,0
E0_2022-23_Newcastle_Wolves,E0,2022-23,2023-03-12,Newcastle,Wolves,H,2,1
E0_2022-23_WestHam_AstonVilla,E0,2022-23,2023-03-12,West Ham,Aston Villa,D,1,1
E0_2022-23_Brighton_CrystalPalace,E0,2022-23,2023-03-15,Brighton,Crystal Palace,H,1,0
E0_2022-23_Southampton_Brentford,E0,2022-23,2023-03-15,Southampton,Brentford,A,0,2
E0_2022-23_Nott'mForest_Newcastle,E0,2022-23,2023-03-17,Nott'm Forest,Newcastle,A,1,2
E0_2022-23_AstonVilla_Bournemouth,E0,2022-23,2023-03-18,Aston Villa,Bournemouth,H,3,0
E0_2022-23_Brentford_Leicester,E0,2022-23,2023-03-18,Brentford,Leicester,D,1,1
E0_2022-23_Chelsea_Everton,E0,2022-23,2023-03-18,Chelsea,Everton,D,2,2
E0_2022-23_Southampton_Tottenham,E0,2022-23,2023-03-18,Southampton,Tottenham,D,3,3
E0_2022-23_Wolves_Leeds,E0,2022-23,2023-03-18,Wolves,Leeds,A,2,4
E0_2022-23_Arsenal_CrystalPalace,E0,2022-23,2023-03-19,Arsenal,Crystal Palace,H,4,1
E0_2022-23_Arsenal_Leeds,E0,2022-23,2023-04-01,Arsenal,Leeds,H,4,1
E0_2022-23_Bournemouth_Fulham,E0,2022-23,2023-04-01,Bournemouth,Fulham,H,2,1
E0_2022-23_Brighton_Brentford,E0,2022-23,2023-04-01,Brighton,Brentford,D,3,3
E0_2022-23_Chelsea_AstonVilla,E0,2022-23,2023-04-01,Chelsea,Aston Villa,A,0,2
E0_2022-23_CrystalPalace_Leicester,E0,2022-23,2023-04-01,Crystal Palace,Leicester,H,2,1
E0_2022-23_ManCity_Liverpool,E0,2022-23,2023-04-01,Man City,Liverpool,H,4,1
E0_2022-23_Nott'mForest_Wolves,E0,2022-23,2023-04-01,Nott'm Forest,Wolves,D,1,1
E0_2022-23_Newcastle_ManUnited,E0,2022-23,2023-04-02,Newcastle,Man United,H,2,0
E0_2022-23_WestHam_Southampton,E0,2022-23,2023-04-02,West Ham,Southampton,H,1,0
E0_2022-23_Everton_Tottenham,E0,2022-23,2023-04-03,Everton,Tottenham,D,1,1
E0_2022-23_Bournemouth_Brighton,E0,2022-23,2023-04-04,Bournemouth,Brighton,A,0,2
E0_2022-23_Chelsea_Liverpool,E0,2022-23,2023-04-04,Chelsea,Liverpool,D,0,0
E0_2022-23_Leeds_Nott'mForest,E0,2022-23,2023-04-04,Leeds,Nott'm Forest,H,2,1
E0_2022-23_Leicester_AstonVilla,E0,2022-23,2023-04-04,Leicester,Aston Villa,A,1,2
E0_2022-23_ManUnited_Brentford,E0,2022-23,2023-04-05,Man United,Brentford,H,1,0
E0_2022-23_WestHam_Newcastle,E0,2022-23,2023-04-05,West Ham,Newcastle,A,1,5
E0_2022-23_AstonVilla_Nott'mForest,E0,2022-23,2023-04-08,Aston Villa,Nott'm Forest,H,2,0
E0_2022-23_Brentford_Newcastle,E0,2022-23,2023-04-08,Brentford,Newcastle,A,1,2
E0_2022-23_Fulham_WestHam,E0,2022-23,2023-04-08,Fulham,West Ham,A,0,1
E0_2022-23_Leicester_Bournemouth,E0,2022-23,2023-04-08,Leicester,Bournemouth,A,0,1
E0_2022-23_ManUnited_Everton,E0,2022-23,2023-04-08,Man United,Everton,H,2,0
E0_2022-23_Southampton_ManCity,E0,2022-23,2023-04-08,Southampton,Man City,A,1,4
E0_2022-23_Tottenham_Brighton,E0,2022-23,2023-04-08,Tottenham,Brighton,H,2,1
E0_2022-23_Wolves_Chelsea,E0,2022-23,2023-04-08,Wolves,Chelsea,H,1,0
E0_2022-23_Leeds_CrystalPalace,E0,2022-23,2023-04-09,Leeds,Crystal Palace,A,1,5
E0_2022-23_Liverpool_Arsenal,E0,2022-23,2023-04-09,Liverpool,Arsenal,D,2,2
E0_2022-23_AstonVilla_Newcastle,E0,2022-23,2023-04-15,Aston Villa,Newcastle,H,3,0
E0_2022-23_Chelsea_Brighton,E0,2022-23,2023-04-15,Chelsea,Brighton,A,1,2
E0_2022-23_Everton_Fulham,E0,2022-23,2023-04-15,Everton,Fulham,A,1,3
E0_2022-23_ManCity_Leicester,E0,2022-23,2023-04-15,Man City,Leicester,H,3,1
E0_2022-23_Southampton_CrystalPalace,E0,2022-23,2023-04-15,Southampton,Crystal Palace,A,0,2
E0_2022-23_Tottenham_Bournemouth,E0,2022-23,2023-04-15,Tottenham,Bournemouth,A,2,3
E0_2022-23_Wolves_Brentford,E0,2022-23,2023-04-15,Wolves,Brentford,H,2,0
E0_2022-23_Nott'mForest_ManUnited,E0,2022-23,2023-04-16,Nott'm Forest,Man United,A,0,2
E0_2022-23_WestHam_Arsenal,E0,2022-23,2023-04-16,West Ham,Arsenal,D,2,2
E0_2022-23_Leeds_Liverpool,E0,2022-23,2023-04-17,Leeds,Liverpool,A,1,6
E0_2022-23_Arsenal_Southampton,E0,2022-23,2023-04-21,Arsenal,Southampton,D,3,3
E0_2022-23_Brentford_AstonVilla,E0,2022-23,2023-04-22,Brentford,Aston Villa,D,1,1
E0_2022-23_CrystalPalace_Everton,E0,2022-23,2023-04-22,Crystal Palace,Everton,D,0,0
E0_2022-23_Fulham_Leeds,E0,2022-23,2023-04-22,Fulham,Leeds,H,2,1
E0_2022-23_Leicester_Wolves,E0,2022-23,2023-04-22,Leicester,Wolves,H,2,1
E0_2022-23_Liverpool_Nott'mForest,E0,2022-23,2023-04-22,Liverpool,Nott'm Forest,H,3,2
E0_2022-23_Bournemouth_WestHam,E0,2022-23,2023-04-23,Bournemouth,West Ham,A,0,4
E0_2022-23_Newcastle_Tottenham,E0,2022-23,2023-04-23,Newcastle,Tottenham,H,6,1
E0_2022-23_AstonVilla_Fulham,E0,2022-23,2023-04-25,Aston Villa,Fulham,H,1,0
E0_2022-23_Leeds_Leicester,E0,2022-23,2023-04-25,Leeds,Leicester,D,1,1
E0_2022-23_Wolves_CrystalPalace,E0,2022-23,2023-04-25,Wolves,Crystal Palace,H,2,0
E0_2022-23_Chelsea_Brentford,E0,2022-23,2023-04-26,Chelsea,Brentford,A,0,2
E0_2022-23_ManCity_Arsenal,E0,2022-23,2023-04-26,Man City,Arsenal,H,4,1
E0_2022-23_Nott'mForest_Brighton,E0,2022-23,2023-04-26,Nott'm Forest,Brighton,H,3,1
E0_2022-23_WestHam_Liverpool,E0,2022-23,2023-04-26,West Ham,Liverpool,A,1,2
E0_2022-23_Everton_Newcastle,E0,2022-23,2023-04-27,Everton,Newcastle,A,1,4
E0_2022-23_Southampton_Bournemouth,E0,2022-23,2023-04-27,Southampton,Bournemouth,A,0,1
E0_2022-23_Tottenham_ManUnited,E0,2022-23,2023-04-27,Tottenham,Man United,D,2,2
E0_2022-23_Brentford_Nott'mForest,E0,2022-23,2023-04-29,Brentford,Nott'm Forest,H,2,1
E0_2022-23_Brighton_Wolves,E0,2022-23,2023-04-29,Brighton,Wolves,H,6,0
E0_2022-23_CrystalPalace_WestHam,E0,2022-23,2023-04-29,Crystal Palace,West Ham,H,4,3
E0_2022-23_Bournemouth_Leeds,E0,2022-23,2023-04-30,Bournemouth,Leeds,H,4,1
E0_2022-23_Fulham_ManCity,E0,2022-23,2023-04-30,Fulham,Man City,A,1,2
E0_2022-23_Liverpool_Tottenham,E0,2022-23,2023-04-30,Liverpool,Tottenham,H,4,3
E0_2022-23_ManUnited_AstonVilla,E0,2022-23,2023-04-30,Man United,Aston Villa,H,1,0
E0_2022-23_Newcastle_Southampton,E0,2022-23,2023-04-30,Newcastle,Southampton,H,3,1
E0_2022-23_Leicester_Everton,E0,2022-23,2023-05-01,Leicester,Everton,D,2,2
E0_2022-23_Arsenal_Chelsea,E0,2022-23,2023-05-02,Arsenal,Chelsea,H,3,1
E0_2022-23_Liverpool_Fulham,E0,2022-23,2023-05-03,Liverpool,Fulham,H,1,0
E0_2022-23_ManCity_WestHam,E0,2022-23,2023-05-03,Man City,West Ham,H,3,0
E0_2022-23_Brighton_ManUnited,E0,2022-23,2023-05-04,Brighton,Man United,H,1,0
E0_2022-23_Bournemouth_Chelsea,E0,2022-23,2023-05-06,Bournemouth,Chelsea,A,1,3
E0_2022-23_Liverpool_Brentford,E0,2022-23,2023-05-06,Liverpool,Brentford,H,1,0
E0_2022-23_ManCity_Leeds,E0,2022-23,2023-05-06,Man City,Leeds,H,2,1
E0_2022-23_Tottenham_CrystalPalace,E0,2022-23,2023-05-06,Tottenham,Crystal Palace,H,1,0
E0_2022-23_Wolves_AstonVilla,E0,2022-23,2023-05-06,Wolves,Aston Villa,H,1,0
E0_2022-23_Newcastle_Arsenal,E0,2022-23,2023-05-07,Newcastle,Arsenal,A,0,2
E0_2022-23_WestHam_ManUnited,E0,2022-23,2023-05-07,West Ham,Man United,H,1,0
E0_2022-23_Brighton_Everton,E0,2022-23,2023-05-08,Brighton,Everton,A,1,5
E0_2022-23_Fulham_Leicester,E0,2022-23,2023-05-08,Fulham,Leicester,H,5,3
E0_2022-23_Nott'mForest_Southampton,E0,2022-23,2023-05-08,Nott'm Forest,Southampton,H,4,3
E0_2022-23_AstonVilla_Tottenham,E0,2022-23,2023-05-13,Aston Villa,Tottenham,H,2,1
E0_2022-23_Chelsea_Nott'mForest,E0,2022-23,2023-05-13,Chelsea,Nott'm Forest,D,2,2
E0_2022-23_CrystalPalace_Bournemouth,E0,2022-23,2023-05-13,Crystal Palace,Bournemouth,H,2,0
E0_2022-23_Leeds_Newcastle,E0,2022-23,2023-05-13,Leeds,Newcastle,D,2,2
E0_2022-23_ManUnited_Wolves,E0,2022-23,2023-05-13,Man United,Wolves,H,2,0
E0_2022-23_Southampton_Fulham,E0,2022-23,2023-05-13,Southampton,Fulham,A,0,2
E0_2022-23_Arsenal_Brighton,E0,2022-23,2023-05-14,Arsenal,Brighton,A,0,3
E0_2022-23_Brentford_WestHam,E0,2022-23,2023-05-14,Brentford,West Ham,H,2,0
E0_2022-23_Everton_ManCity,E0,2022-23,2023-05-14,Everton,Man City,A,0,3
E0_2022-23_Leicester_Liverpool,E0,2022-23,2023-05-15,Leicester,Liverpool,A,0,3
E0_2022-23_Newcastle_Brighton,E0,2022-23,2023-05-18,Newcastle,Brighton,H,4,1
E0_2022-23_Bournemouth_ManUnited,E0,2022-23,2023-05-20,Bournemouth,Man United,A,0,1
E0_2022-23_Fulham_CrystalPalace,E0,2022-23,2023-05-20,Fulham,Crystal Palace,D,2,2
E0_2022-23_Liverpool_AstonVilla,E0,2022-23,2023-05-20,Liverpool,Aston Villa,D,1,1
E0_2022-23_Nott'mForest_Arsenal,E0,2022-23,2023-05-20,Nott'm Forest,Arsenal,H,1,0
E0_2022-23_Tottenham_Brentford,E0,2022-23,2023-05-20,Tottenham,Brentford,A,1,3
E0_2022-23_Wolves_Everton,E0,2022-23,2023-05-20,Wolves,Everton,D,1,1
E0_2022-23_Brighton_Southampton,E0,2022-23,2023-05-21,Brighton,Southampton,H,3,1
E0_2022-23_ManCity_Chelsea,E0,2022-23,2023-05-21,Man City,Chelsea,H,1,0
E0_2022-23_WestHam_Leeds,E0,2022-23,2023-05-21,West Ham,Leeds,H,3,1
E0_2022-23_Newcastle_Leicester,E0,2022-23,2023-05-22,Newcastle,Leicester,D,0,0
E0_2022-23_Brighton_ManCity,E0,2022-23,2023-05-24,Brighton,Man City,D,1,1
E0_2022-23_ManUnited_Chelsea,E0,2022-23,2023-05-25,Man United,Chelsea,H,4,1
E0_2022-23_Arsenal_Wolves,E0,2022-23,2023-05-28,Arsenal,Wolves,H,5,0
E0_2022-23_AstonVilla_Brighton,E0,2022-23,2023-05-28,Aston Villa,Brighton,H,2,1
E0_2022-23_Brentford_ManCity,E0,2022-23,2023-05-28,Brentford,Man City,H,1,0
E0_2022-23_Chelsea_Newcastle,E0,2022-23,2023-05-28,Chelsea,Newcastle,D,1,1
E0_2022-23_CrystalPalace_Nott'mForest,E0,2022-23,2023-05-28,Crystal Palace,Nott'm Forest,D,1,1
E0_2022-23_Everton_Bournemouth,E0,2022-23,2023-05-28,Everton,Bournemouth,H,1,0
E0_2022-23_Leeds_Tottenham,E0,2022-23,2023-05-28,Leeds,Tottenham,A,1,4
E0_2022-23_Leicester_WestHam,E0,2022-23,2023-05-28,Leicester,West Ham,H,2,1
E0_2022-23_ManUnited_Fulham,E0,2022-23,2023-05-28,Man United,Fulham,H,2,1
E0_2022-23_Southampton_Liverpool,E0,2022-23,2023-05-28,Southampton,Liverpool,D,4,4
E0_2023-24_Burnley_ManCity,E0,2023-24,2023-08-11,Burnley,Man City,A,0,3
E0_2023-24_Arsenal_Nott'mForest,E0,2023-24,2023-08-12,Arsenal,Nott'm Forest,H,2,1
E0_2023-24_Bournemouth_WestHam,E0,2023-24,2023-08-12,Bournemouth,West Ham,D,1,1
E0_2023-24_Brighton_Luton,E0,2023-24,2023-08-12,Brighton,Luton,H,4,1
E0_2023-24_Everton_Fulham,E0,2023-24,2023-08-12,Everton,Fulham,A,0,1
E0_2023-24_Newcastle_AstonVilla,E0,2023-24,2023-08-12,Newcastle,Aston Villa,H,5,1
E0_2023-24_SheffieldUnited_CrystalPalace,E0,2023-24,2023-08-12,Sheffield United,Crystal Palace,A,0,1
E0_2023-24_Brentford_Tottenham,E0,2023-24,2023-08-13,Brentford,Tottenham,D,2,2
E0_2023-24_Chelsea_Liverpool,E0,2023-24,2023-08-13,Chelsea,Liverpool,D,1,1
E0_2023-24_ManUnited_Wolves,E0,2023-24,2023-08-14,Man United,Wolves,H,1,0
E0_2023-24_Nott'mForest_SheffieldUnited,E0,2023-24,2023-08-18,Nott'm Forest,Sheffield United,H,2,1
E0_2023-24_Fulham_Brentford,E0,2023-24,2023-08-19,Fulham,Brentford,A,0,3
E0_2023-24_Liverpool_Bournemouth,E0,2023-24,2023-08-19,Liverpool,Bournemouth,H,3,1
E0_2023-24_ManCity_Newcastle,E0,2023-24,2023-08-19,Man City,Newcastle,H,1,0
E0_2023-24_Tottenham_ManUnited,E0,2023-24,2023-08-19,Tottenham,Man United,H,2,0
E0_2023-24_Wolves_Brighton,E0,2023-24,2023-08-19,Wolves,Brighton,A,1,4
E0_2023-24_AstonVilla_Everton,E0,2023-24,2023-08-20,Aston Villa,Everton,H,4,0
E0_2023-24_WestHam_Chelsea,E0,2023-24,2023-08-20,West Ham,Chelsea,H,3,1
E0_2023-24_CrystalPalace_Arsenal,E0,2023-24,2023-08-21,Crystal Palace,Arsenal,A,0,1
E0_2023-24_Chelsea_Luton,E0,2023-24,2023-08-25,Chelsea,Luton,H,3,0
E0_2023-24_Arsenal_Fulham,E0,2023-24,2023-08-26,Arsenal,Fulham,D,2,2
E0_2023-24_Bournemouth_Tottenham,E0,2023-24,2023-08-26,Bournemouth,Tottenham,A,0,2
E0_2023-24_Brentford_CrystalPalace,E0,2023-24,2023-08-26,Brentford,Crystal Palace,D,1,1
E0_2023-24_Brighton_WestHam,E0,2023-24,2023-08-26,Brighton,West Ham,A,1,3
E0_2023-24_Everton_Wolves,E0,2023-24,2023-08-26,Everton,Wolves,A,0,1
E0_2023-24_ManUnited_Nott'mForest,E0,2023-24,2023-08-26,Man United,Nott'm Forest,H,3,2
E0_2023-24_Burnley_AstonVilla,E0,2023-24,2023-08-27,Burnley,Aston Villa,A,1,3
E0_2023-24_Newcastle_Liverpool,E0,2023-24,2023-08-27,Newcastle,Liverpool,A,1,2
E0_2023-24_SheffieldUnited_ManCity,E0,2023-24,2023-08-27,Sheffield United,Man City,A,1,2
E0_2023-24_Luton_WestHam,E0,2023-24,2023-09-01,Luton,West Ham,A,1,2
E0_2023-24_Brentford_Bournemouth,E0,2023-24,2023-09-02,Brentford,Bournemouth,D,2,2
E0_2023-24_Brighton_Newcastle,E0,2023-24,2023-09-02,Brighton,Newcastle,H,3,1
E0_2023-24_Burnley_Tottenham,E0,2023-24,2023-09-02,Burnley,Tottenham,A,2,5
E0_2023-24_Chelsea_Nott'mForest,E0,2023-24,2023-09-02,Chelsea,Nott'm Forest,A,0,1
E0_2023-24_ManCity_Fulham,E0,2023-24,2023-09-02,Man City,Fulham,H,5,1
E0_2023-24_SheffieldUnited_Everton,E0,2023-24,2023-09-02,Sheffield United,Everton,D,2,2
E0_2023-24_Arsenal_ManUnited,E0,2023-24,2023-09-03,Arsenal,Man United,H,3,1
E0_2023-24_CrystalPalace_Wolves,E0,2023-24,2023-09-03,Crystal Palace,Wolves,H,3,2
E0_2023-24_Liverpool_AstonVilla,E0,2023-24,2023-09-03,Liverpool,Aston Villa,H,3,0
E0_2023-24_AstonVilla_CrystalPalace,E0,2023-24,2023-09-16,Aston Villa,Crystal Palace,H,3,1
E0_2023-24_Fulham_Luton,E0,2023-24,2023-09-16,Fulham,Luton,H,1,0
E0_2023-24_ManUnited_Brighton,E0,2023-24,2023-09-16,Man United,Brighton,A,1,3
E0_2023-24_Newcastle_Brentford,E0,2023-24,2023-09-16,Newcastle,Brentford,H,1,0
E0_2023-24_Tottenham_SheffieldUnited,E0,2023-24,2023-09-16,Tottenham,Sheffield United,H,2,1
E0_2023-24_WestHam_ManCity,E0,2023-24,2023-09-16,West Ham,Man City,A,1,3
E0_2023-24_Wolves_Liverpool,E0,2023-24,2023-09-16,Wolves,Liverpool,A,1,3
E0_2023-24_Bournemouth_Chelsea,E0,2023-24,2023-09-17,Bournemouth,Chelsea,D,0,0
E0_2023-24_Everton_Arsenal,E0,2023-24,2023-09-17,Everton,Arsenal,A,0,1
E0_2023-24_Nott'mForest_Burnley,E0,2023-24,2023-09-18,Nott'm Forest,Burnley,D,1,1
E0_2023-24_Brentford_Everton,E0,2023-24,2023-09-23,Brentford,Everton,A,1,3
E0_2023-24_Burnley_ManUnited,E0,2023-24,2023-09-23,Burnley,Man United,A,0,1
E0_2023-24_CrystalPalace_Fulham,E0,2023-24,2023-09-23,Crystal Palace,Fulham,D,0,0
E0_2023-24_Luton_Wolves,E0,2023-24,2023-09-23,Luton,Wolves,D,1,1
E0_2023-24_ManCity_Nott'mForest,E0,2023-24,2023-09-23,Man City,Nott'm Forest,H,2,0
E0_2023-24_Arsenal_Tottenham,E0,2023-24,2023-09-24,Arsenal,Tottenham,D,2,2
E0_2023-24_Brighton_Bournemouth,E0,2023-24,2023-09-24,Brighton,Bournemouth,H,3,1
E0_2023-24_Chelsea_AstonVilla,E0,2023-24,2023-09-24,Chelsea,Aston Villa,A,0,1
E0_2023-24_Liverpool_WestHam,E0,2023-24,2023-09-24,Liverpool,West Ham,H,3,1
E0_2023-24_SheffieldUnited_Newcastle,E0,2023-24,2023-09-24,Sheffield United,Newcastle,A,0,8
E0_2023-24_AstonVilla_Brighton,E0,2023-24,2023-09-30,Aston Villa,Brighton,H,6,1
E0_2023-24_Bournemouth_Arsenal,E0,2023-24,2023-09-30,Bournemouth,Arsenal,A,0,4
E0_2023-24_Everton_Luton,E0,2023-24,2023-09-30,Everton,Luton,A,1,2
E0_2023-24_ManUnited_CrystalPalace,E0,2023-24,2023-09-30,Man United,Crystal Palace,A,0,1
E0_2023-24_Newcastle_Burnley,E0,2023-24,2023-09-30,Newcastle,Burnley,H,2,0
E0_2023-24_Tottenham_Liverpool,E0,2023-24,2023-09-30,Tottenham,Liverpool,H,2,1
E0_2023-24_WestHam_SheffieldUnited,E0,2023-24,2023-09-30,West Ham,Sheffield United,H,2,0
E0_2023-24_Wolves_ManCity,E0,2023-24,2023-09-30,Wolves,Man City,H,2,1
E0_2023-24_Nott'mForest_Brentford,E0,2023-24,2023-10-01,Nott'm Forest,Brentford,D,1,1
E0_2023-24_Fulham_Chelsea,E0,2023-24,2023-10-02,Fulham,Chelsea,A,0,2
E0_2023-24_Luton_Burnley,E0,2023-24,2023-10-03,Luton,Burnley,A,1,2
E0_2023-24_Burnley_Chelsea,E0,2023-24,2023-10-07,Burnley,Chelsea,A,1,4
E0_2023-24_CrystalPalace_Nott'mForest,E0,2023-24,2023-10-07,Crystal Palace,Nott'm Forest,D,0,0
E0_2023-24_Everton_Bournemouth,E0,2023-24,2023-10-07,Everton,Bournemouth,H,3,0
E0_2023-24_Fulham_SheffieldUnited,E0,2023-24,2023-10-07,Fulham,Sheffield United,H,3,1
E0_2023-24_Luton_Tottenham,E0,2023-24,2023-10-07,Luton,Tottenham,A,0,1
E0_2023-24_ManUnited_Brentford,E0,2023-24,2023-10-07,Man United,Brentford,H,2,1
E0_2023-24_Arsenal_ManCity,E0,2023-24,2023-10-08,Arsenal,Man City,H,1,0
E0_2023-24_Brighton_Liverpool,E0,2023-24,2023-10-08,Brighton,Liverpool,D,2,2
E0_2023-24_WestHam_Newcastle,E0,2023-24,2023-10-08,West Ham,Newcastle,D,2,2
E0_2023-24_Wolves_AstonVilla,E0,2023-24,2023-10-08,Wolves,Aston Villa,D,1,1
E0_2023-24_Bournemouth_Wolves,E0,2023-24,2023-10-21,Bournemouth,Wolves,A,1,2
E0_2023-24_Brentford_Burnley,E0,2023-24,2023-10-21,Brentford,Burnley,H,3,0
E0_2023-24_Chelsea_Arsenal,E0,2023-24,2023-10-21,Chelsea,Arsenal,D,2,2
E0_2023-24_Liverpool_Everton,E0,2023-24,2023-10-21,Liverpool,Everton,H,2,0
E0_2023-24_ManCity_Brighton,E0,2023-24,2023-10-21,Man City,Brighton,H,2,1
E0_2023-24_Newcastle_CrystalPalace,E0,2023-24,2023-10-21,Newcastle,Crystal Palace,H,4,0
E0_2023-24_Nott'mForest_Luton,E0,2023-24,2023-10-21,Nott'm Forest,Luton,D,2,2
E0_2023-24_SheffieldUnited_ManUnited,E0,2023-24,2023-10-21,Sheffield United,Man United,A,1,2
E0_2023-24_AstonVilla_WestHam,E0,2023-24,2023-10-22,Aston Villa,West Ham,H,4,1
E0_2023-24_Tottenham_Fulham,E0,2023-24,2023-10-23,Tottenham,Fulham,H,2,0
E0_2023-24_CrystalPalace_Tottenham,E0,2023-24,2023-10-27,Crystal Palace,Tottenham,A,1,2
E0_2023-24_Arsenal_SheffieldUnited,E0,2023-24,2023-10-28,Arsenal,Sheffield United,H,5,0
E0_2023-24_Bournemouth_Burnley,E0,2023-24,2023-10-28,Bournemouth,Burnley,H,2,1
E0_2023-24_Chelsea_Brentford,E0,2023-24,2023-10-28,Chelsea,Brentford,A,0,2
E0_2023-24_Wolves_Newcastle,E0,2023-24,2023-10-28,Wolves,Newcastle,D,2,2
E0_2023-24_AstonVilla_Luton,E0,2023-24,2023-10-29,Aston Villa,Luton,H,3,1
E0_2023-24_Brighton_Fulham,E0,2023-24,2023-10-29,Brighton,Fulham,D,1,1
E0_2023-24_Liverpool_Nott'mForest,E0,2023-24,2023-10-29,Liverpool,Nott'm Forest,H,3,0
E0_2023-24_ManUnited_ManCity,E0,2023-24,2023-10-29,Man United,Man City,A,0,3
E0_2023-24_WestHam_Everton,E0,2023-24,2023-10-29,West Ham,Everton,A,0,1
E0_2023-24_Brentford_WestHam,E0,2023-24,2023-11-04,Brentford,West Ham,H,3,2
E0_2023-24_Burnley_CrystalPalace,E0,2023-24,2023-11-04,Burnley,Crystal Palace,A,0,2
E0_2023-24_Everton_Brighton,E0,2023-24,2023-11-04,Everton,Brighton,D,1,1
E0_2023-24_Fulham_ManUnited,E0,2023-24,2023-11-04,Fulham,Man United,A,0,1
E0_2023-24_ManCity_Bournemouth,E0,2023-24,2023-11-04,Man City,Bournemouth,H,6,1
E0_2023-24_Newcastle_Arsenal,E0,2023-24,2023-11-04,Newcastle,Arsenal,H,1,0
E0_2023-24_SheffieldUnited_Wolves,E0,2023-24,2023-11-04,Sheffield United,Wolves,H,2,1
E0_2023-24_Luton_Liverpool,E0,2023-24,2023-11-05,Luton,Liverpool,D,1,1
E0_2023-24_Nott'mForest_AstonVilla,E0,2023-24,2023-11-05,Nott'm Forest,Aston Villa,H,2,0
E0_2023-24_Tottenham_Chelsea,E0,2023-24,2023-11-06,Tottenham,Chelsea,A,1,4
E0_2023-24_Arsenal_Burnley,E0,2023-24,2023-11-11,Arsenal,Burnley,H,3,1
E0_2023-24_Bournemouth_Newcastle,E0,2023-24,2023-11-11,Bournemouth,Newcastle,H,2,0
E0_2023-24_CrystalPalace_Everton,E0,2023-24,2023-11-11,Crystal Palace,Everton,A,2,3
E0_2023-24_ManUnited_Luton,E0,2023-24,2023-11-11,Man United,Luton,H,1,0
E0_2023-24_Wolves_Tottenham,E0,2023-24,2023-11-11,Wolves,Tottenham,H,2,1
E0_2023-24_AstonVilla_Fulham,E0,2023-24,2023-11-12,Aston Villa,Fulham,H,3,1
E0_2023-24_Brighton_SheffieldUnited,E0,2023-24,2023-11-12,Brighton,Sheffield United,D,1,1
E0_2023-24_Chelsea_ManCity,E0,2023-24,2023-11-12,Chelsea,Man City,D,4,4
E0_2023-24_Liverpool_Brentford,E0,2023-24,2023-11-12,Liverpool,Brentford,H,3,0
E0_2023-24_WestHam_Nott'mForest,E0,2023-24,2023-11-12,West Ham,Nott'm Forest,H,3,2
E0_2023-24_Brentford_Arsenal,E0,2023-24,2023-11-25,Brentford,Arsenal,A,0,1
E0_2023-24_Burnley_WestHam,E0,2023-24,2023-11-25,Burnley,West Ham,A,1,2
E0_2023-24_Luton_CrystalPalace,E0,2023-24,2023-11-25,Luton,Crystal Palace,H,2,1
E0_2023-24_ManCity_Liverpool,E0,2023-24,2023-11-25,Man City,Liverpool,D,1,1
E0_2023-24_Newcastle_Chelsea,E0,2023-24,2023-11-25,Newcastle,Chelsea,H,4,1
E0_2023-24_Nott'mForest_Brighton,E0,2023-24,2023-11-25,Nott'm Forest,Brighton,A,2,3
E0_2023-24_SheffieldUnited_Bournemouth,E0,2023-24,2023-11-25,Sheffield United,Bournemouth,A,1,3
E0_2023-24_Everton_ManUnited,E0,2023-24,2023-11-26,Everton,Man United,A,0,3
E0_2023-24_Tottenham_AstonVilla,E0,2023-24,2023-11-26,Tottenham,Aston Villa,A,1,2
E0_2023-24_Fulham_Wolves,E0,2023-24,2023-11-27,Fulham,Wolves,H,3,2
E0_2023-24_Arsenal_Wolves,E0,2023-24,2023-12-02,Arsenal,Wolves,H,2,1
E0_2023-24_Brentford_Luton,E0,2023-24,2023-12-02,Brentford,Luton,H,3,1
E0_2023-24_Burnley_SheffieldUnited,E0,2023-24,2023-12-02,Burnley,Sheffield United,H,5,0
E0_2023-24_Newcastle_ManUnited,E0,2023-24,2023-12-02,Newcastle,Man United,H,1,0
E0_2023-24_Nott'mForest_Everton,E0,2023-24,2023-12-02,Nott'm Forest,Everton,A,0,1
E0_2023-24_Bournemouth_AstonVilla,E0,2023-24,2023-12-03,Bournemouth,Aston Villa,D,2,2
E0_2023-24_Chelsea_Brighton,E0,2023-24,2023-12-03,Chelsea,Brighton,H,3,2
E0_2023-24_Liverpool_Fulham,E0,2023-24,2023-12-03,Liverpool,Fulham,H,4,3
E0_2023-24_ManCity_Tottenham,E0,2023-24,2023-12-03,Man City,Tottenham,D,3,3
E0_2023-24_WestHam_CrystalPalace,E0,2023-24,2023-12-03,West Ham,Crystal Palace,D,1,1
E0_2023-24_Luton_Arsenal,E0,2023-24,2023-12-05,Luton,Arsenal,A,3,4
E0_2023-24_Wolves_Burnley,E0,2023-24,2023-12-05,Wolves,Burnley,H,1,0
E0_2023-24_AstonVilla_ManCity,E0,2023-24,2023-12-06,Aston Villa,Man City,H,1,0
E0_2023-24_Brighton_Brentford,E0,2023-24,2023-12-06,Brighton,Brentford,H,2,1
E0_2023-24_CrystalPalace_Bournemouth,E0,2023-24,2023-12-06,Crystal Palace,Bournemouth,A,0,2
E0_2023-24_Fulham_Nott'mForest,E0,2023-24,2023-12-06,Fulham,Nott'm Forest,H,5,0
E0_2023-24_ManUnited_Chelsea,E0,2023-24,2023-12-06,Man United,Chelsea,H,2,1
E0_2023-24_SheffieldUnited_Liverpool,E0,2023-24,2023-12-06,Sheffield United,Liverpool,A,0,2
E0_2023-24_Everton_Newcastle,E0,2023-24,2023-12-07,Everton,Newcastle,H,3,0
E0_2023-24_Tottenham_WestHam,E0,2023-24,2023-12-07,Tottenham,West Ham,A,1,2
E0_2023-24_AstonVilla_Arsenal,E0,2023-24,2023-12-09,Aston Villa,Arsenal,H,1,0
E0_2023-24_Brighton_Burnley,E0,2023-24,2023-12-09,Brighton,Burnley,D,1,1
E0_2023-24_CrystalPalace_Liverpool,E0,2023-24,2023-12-09,Crystal Palace,Liverpool,A,1,2
E0_2023-24_ManUnited_Bournemouth,E0,2023-24,2023-12-09,Man United,Bournemouth,A,0,3
E0_2023-24_SheffieldUnited_Brentford,E0,2023-24,2023-12-09,Sheffield United,Brentford,H,1,0
E0_2023-24_Wolves_Nott'mForest,E0,2023-24,2023-12-09,Wolves,Nott'm Forest,D,1,1
E0_2023-24_Everton_Chelsea,E0,2023-24,2023-12-10,Everton,Chelsea,H,2,0
E0_2023-24_Fulham_WestHam,E0,2023-24,2023-12-10,Fulham,West Ham,H,5,0
E0_2023-24_Luton_ManCity,E0,2023-24,2023-12-10,Luton,Man City,A,1,2
E0_2023-24_Tottenham_Newcastle,E0,2023-24,2023-12-10,Tottenham,Newcastle,H,4,1
E0_2023-24_Nott'mForest_Tottenham,E0,2023-24,2023-12-15,Nott'm Forest,Tottenham,A,0,2
E0_2023-24_Burnley_Everton,E0,2023-24,2023-12-16,Burnley,Everton,A,0,2
E0_2023-24_Chelsea_SheffieldUnited,E0,2023-24,2023-12-16,Chelsea,Sheffield United,H,2,0
E0_2023-24_ManCity_CrystalPalace,E0,2023-24,2023-12-16,Man City,Crystal Palace,D,2,2
E0_2023-24_Newcastle_Fulham,E0,2023-24,2023-12-16,Newcastle,Fulham,H,3,0
E0_2023-24_Arsenal_Brighton,E0,2023-24,2023-12-17,Arsenal,Brighton,H,2,0
E0_2023-24_Brentford_AstonVilla,E0,2023-24,2023-12-17,Brentford,Aston Villa,A,1,2
E0_2023-24_Liverpool_ManUnited,E0,2023-24,2023-12-17,Liverpool,Man United,D,0,0
E0_2023-24_WestHam_Wolves,E0,2023-24,2023-12-17,West Ham,Wolves,H,3,0
E0_2023-24_CrystalPalace_Brighton,E0,2023-24,2023-12-21,Crystal Palace,Brighton,D,1,1
E0_2023-24_AstonVilla_SheffieldUnited,E0,2023-24,2023-12-22,Aston Villa,Sheffield United,D,1,1
E0_2023-24_Fulham_Burnley,E0,2023-24,2023-12-23,Fulham,Burnley,A,0,2
E0_2023-24_Liverpool_Arsenal,E0,2023-24,2023-12-23,Liverpool,Arsenal,D,1,1
E0_2023-24_Luton_Newcastle,E0,2023-24,2023-12-23,Luton,Newcastle,H,1,0
E0_2023-24_Nott'mForest_Bournemouth,E0,2023-24,2023-12-23,Nott'm Forest,Bournemouth,A,2,3
E0_2023-24_Tottenham_Everton,E0,2023-24,2023-12-23,Tottenham,Everton,H,2,1
E0_2023-24_WestHam_ManUnited,E0,2023-24,2023-12-23,West Ham,Man United,H,2,0
E0_2023-24_Wolves_Chelsea,E0,2023-24,2023-12-24,Wolves,Chelsea,H,2,1
E0_2023-24_Bournemouth_Fulham,E0,2023-24,2023-12-26,Bournemouth,Fulham,H,3,0
E0_2023-24_Burnley_Liverpool,E0,2023-24,2023-12-26,Burnley,Liverpool,A,0,2
E0_2023-24_ManUnited_AstonVilla,E0,2023-24,2023-12-26,Man United,Aston Villa,H,3,2
E0_2023-24_Newcastle_Nott'mForest,E0,2023-24,2023-12-26,Newcastle,Nott'm Forest,A,1,3
E0_2023-24_SheffieldUnited_Luton,E0,2023-24,2023-12-26,Sheffield United,Luton,A,2,3
E0_2023-24_Brentford_Wolves,E0,2023-24,2023-12-27,Brentford,Wolves,A,1,4
E0_2023-24_Chelsea_CrystalPalace,E0,2023-24,2023-12-27,Chelsea,Crystal Palace,H,2,1
E0_2023-24_Everton_ManCity,E0,2023-24,2023-12-27,Everton,Man City,A,1,3
E0_2023-24_Arsenal_WestHam,E0,2023-24,2023-12-28,Arsenal,West Ham,A,0,2
E0_2023-24_Brighton_Tottenham,E0,2023-24,2023-12-28,Brighton,Tottenham,H,4,2
E0_2023-24_AstonVilla_Burnley,E0,2023-24,2023-12-30,Aston Villa,Burnley,H,3,2
E0_2023-24_CrystalPalace_Brentford,E0,2023-24,2023-12-30,Crystal Palace,Brentford,H,3,1
E0_2023-24_Luton_Chelsea,E0,2023-24,2023-12-30,Luton,Chelsea,A,2,3
E0_2023-24_ManCity_SheffieldUnited,E0,2023-24,2023-12-30,Man City,Sheffield United,H,2,0
E0_2023-24_Nott'mForest_ManUnited,E0,2023-24,2023-12-30,Nott'm Forest,Man United,H,2,1
E0_2023-24_Wolves_Everton,E0,2023-24,2023-12-30,Wolves,Everton,H,3,0
E0_2023-24_Fulham_Arsenal,E0,2023-24,2023-12-31,Fulham,Arsenal,H,2,1
E0_2023-24_Tottenham_Bournemouth,E0,2023-24,2023-12-31,Tottenham,Bournemouth,H,3,1
E0_2023-24_Liverpool_Newcastle,E0,2023-24,2024-01-01,Liverpool,Newcastle,H,4,2
E0_2023-24_WestHam_Brighton,E0,2023-24,2024-01-02,West Ham,Brighton,D,0,0
E0_2023-24_Burnley_Luton,E0,2023-24,2024-01-12,Burnley,Luton,D,1,1
E0_2023-24_Chelsea_Fulham,E0,2023-24,2024-01-13,Chelsea,Fulham,H,1,0
E0_2023-24_Newcastle_ManCity,E0,2023-24,2024-01-13,Newcastle,Man City,A,2,3
E0_2023-24_Everton_AstonVilla,E0,2023-24,2024-01-14,Everton,Aston Villa,D,0,0
E0_2023-24_ManUnited_Tottenham,E0,2023-24,2024-01-14,Man United,Tottenham,D,2,2
E0_2023-24_Arsenal_CrystalPalace,E0,2023-24,2024-01-20,Arsenal,Crystal Palace,H,5,0
E0_2023-24_Brentford_Nott'mForest,E0,2023-24,2024-01-20,Brentford,Nott'm Forest,H,3,2
E0_2023-24_Bournemouth_Liverpool,E0,2023-24,2024-01-21,Bournemouth,Liverpool,A,0,4
E0_2023-24_SheffieldUnited_WestHam,E0,2023-24,2024-01-21,Sheffield United,West Ham,D,2,2
E0_2023-24_Brighton_Wolves,E0,2023-24,2024-01-22,Brighton,Wolves,D,0,0
E0_2023-24_AstonVilla_Newcastle,E0,2023-24,2024-01-30,Aston Villa,Newcastle,A,1,3
E0_2023-24_CrystalPalace_SheffieldUnited,E0,2023-24,2024-01-30,Crystal Palace,Sheffield United,H,3,2
E0_2023-24_Fulham_Everton,E0,2023-24,2024-01-30,Fulham,Everton,D,0,0
E0_2023-24_Luton_Brighton,E0,2023-24,2024-01-30,Luton,Brighton,H,4,0
E0_2023-24_Nott'mForest_Arsenal,E0,2023-24,2024-01-30,Nott'm Forest,Arsenal,A,1,2
E0_2023-24_Liverpool_Chelsea,E0,2023-24,2024-01-31,Liverpool,Chelsea,H,4,1
E0_2023-24_ManCity_Burnley,E0,2023-24,2024-01-31,Man City,Burnley,H,3,1
E0_2023-24_Tottenham_Brentford,E0,2023-24,2024-01-31,Tottenham,Brentford,H,3,2
E0_2023-24_WestHam_Bournemouth,E0,2023-24,2024-02-01,West Ham,Bournemouth,D,1,1
E0_2023-24_Wolves_ManUnited,E0,2023-24,2024-02-01,Wolves,Man United,A,3,4
E0_2023-24_Brighton_CrystalPalace,E0,2023-24,2024-02-03,Brighton,Crystal Palace,H,4,1
E0_2023-24_Burnley_Fulham,E0,2023-24,2024-02-03,Burnley,Fulham,D,2,2
E0_2023-24_Everton_Tottenham,E0,2023-24,2024-02-03,Everton,Tottenham,D,2,2
E0_2023-24_Newcastle_Luton,E0,2023-24,2024-02-03,Newcastle,Luton,D,4,4
E0_2023-24_SheffieldUnited_AstonVilla,E0,2023-24,2024-02-03,Sheffield United,Aston Villa,A,0,5
E0_2023-24_Arsenal_Liverpool,E0,2023-24,2024-02-04,Arsenal,Liverpool,H,3,1
E0_2023-24_Bournemouth_Nott'mForest,E0,2023-24,2024-02-04,Bournemouth,Nott'm Forest,D,1,1
E0_2023-24_Chelsea_Wolves,E0,2023-24,2024-02-04,Chelsea,Wolves,A,2,4
E0_2023-24_ManUnited_WestHam,E0,2023-24,2024-02-04,Man United,West Ham,H,3,0
E0_2023-24_Brentford_ManCity,E0,2023-24,2024-02-05,Brentford,Man City,A,1,3
E0_2023-24_Fulham_Bournemouth,E0,2023-24,2024-02-10,Fulham,Bournemouth,H,3,1
E0_2023-24_Liverpool_Burnley,E0,2023-24,2024-02-10,Liverpool,Burnley,H,3,1
E0_2023-24_Luton_SheffieldUnited,E0,2023-24,2024-02-10,Luton,Sheffield United,A,1,3
E0_2023-24_ManCity_Everton,E0,2023-24,2024-02-10,Man City,Everton,H,2,0
E0_2023-24_Nott'mForest_Newcastle,E0,2023-24,2024-02-10,Nott'm Forest,Newcastle,A,2,3
E0_2023-24_Tottenham_Brighton,E0,2023-24,2024-02-10,Tottenham,Brighton,H,2,1
E0_2023-24_Wolves_Brentford,E0,2023-24,2024-02-10,Wolves,Brentford,A,0,2
E0_2023-24_AstonVilla_ManUnited,E0,2023-24,2024-02-11,Aston Villa,Man United,A,1,2
E0_2023-24_WestHam_Arsenal,E0,2023-24,2024-02-11,West Ham,Arsenal,A,0,6
E0_2023-24_CrystalPalace_Chelsea,E0,2023-24,2024-02-12,Crystal Palace,Chelsea,A,1,3
E0_2023-24_Brentford_Liverpool,E0,2023-24,2024-02-17,Brentford,Liverpool,A,1,4
E0_2023-24_Burnley_Arsenal,E0,2023-24,2024-02-17,Burnley,Arsenal,A,0,5
E0_2023-24_Fulham_AstonVilla,E0,2023-24,2024-02-17,Fulham,Aston Villa,A,1,2
E0_2023-24_ManCity_Chelsea,E0,2023-24,2024-02-17,Man City,Chelsea,D,1,1
E0_2023-24_Newcastle_Bournemouth,E0,2023-24,2024-02-17,Newcastle,Bournemouth,D,2,2
E0_2023-24_Nott'mForest_WestHam,E0,2023-24,2024-02-17,Nott'm Forest,West Ham,H,2,0
E0_2023-24_Tottenham_Wolves,E0,2023-24,2024-02-17,Tottenham,Wolves,A,1,2
E0_2023-24_Luton_ManUnited,E0,2023-24,2024-02-18,Luton,Man United,A,1,2
E0_2023-24_SheffieldUnited_Brighton,E0,2023-24,2024-02-18,Sheffield United,Brighton,A,0,5
E0_2023-24_Everton_CrystalPalace,E0,2023-24,2024-02-19,Everton,Crystal Palace,D,1,1
E0_2023-24_ManCity_Brentford,E0,2023-24,2024-02-20,Man City,Brentford,H,1,0
E0_2023-24_Liverpool_Luton,E0,2023-24,2024-02-21,Liverpool,Luton,H,4,1
E0_2023-24_Arsenal_Newcastle,E0,2023-24,2024-02-24,Arsenal,Newcastle,H,4,1
E0_2023-24_AstonVilla_Nott'mForest,E0,2023-24,2024-02-24,Aston Villa,Nott'm Forest,H,4,2
E0_2023-24_Bournemouth_ManCity,E0,2023-24,2024-02-24,Bournemouth,Man City,A,0,1
E0_2023-24_Brighton_Everton,E0,2023-24,2024-02-24,Brighton,Everton,D,1,1
E0_2023-24_CrystalPalace_Burnley,E0,2023-24,2024-02-24,Crystal Palace,Burnley,H,3,0
E0_2023-24_ManUnited_Fulham,E0,2023-24,2024-02-24,Man United,Fulham,A,1,2
E0_2023-24_Wolves_SheffieldUnited,E0,2023-24,2024-02-25,Wolves,Sheffield United,H,1,0
E0_2023-24_WestHam_Brentford,E0,2023-24,2024-02-26,West Ham,Brentford,H,4,2
E0_2023-24_Brentford_Chelsea,E0,2023-24,2024-03-02,Brentford,Chelsea,D,2,2
E0_2023-24_Everton_WestHam,E0,2023-24,2024-03-02,Everton,West Ham,A,1,3
E0_2023-24_Fulham_Brighton,E0,2023-24,2024-03-02,Fulham,Brighton,H,3,0
E0_2023-24_Luton_AstonVilla,E0,2023-24,2024-03-02,Luton,Aston Villa,A,2,3
E0_2023-24_Newcastle_Wolves,E0,2023-24,2024-03-02,Newcastle,Wolves,H,3,0
E0_2023-24_Nott'mForest_Liverpool,E0,2023-24,2024-03-02,Nott'm Forest,Liverpool,A,0,1
E0_2023-24_Tottenham_CrystalPalace,E0,2023-24,2024-03-02,Tottenham,Crystal Palace,H,3,1
E0_2023-24_Burnley_Bournemouth,E0,2023-24,2024-03-03,Burnley,Bournemouth,A,0,2
E0_2023-24_ManCity_ManUnited,E0,2023-24,2024-03-03,Man City,Man United,H,3,1
E0_2023-24_SheffieldUnited_Arsenal,E0,2023-24,2024-03-04,Sheffield United,Arsenal,A,0,6
E0_2023-24_Arsenal_Brentford,E0,2023-24,2024-03-09,Arsenal,Brentford,H,2,1
E0_2023-24_Bournemouth_SheffieldUnited,E0,2023-24,2024-03-09,Bournemouth,Sheffield United,D,2,2
E0_2023-24_CrystalPalace_Luton,E0,2023-24,2024-03-09,Crystal Palace,Luton,D,1,1
E0_2023-24_ManUnited_Everton,E0,2023-24,2024-03-09,Man United,Everton,H,2,0
E0_2023-24_Wolves_Fulham,E0,2023-24,2024-03-09,Wolves,Fulham,H,2,1
E0_2023-24_AstonVilla_Tottenham,E0,2023-24,2024-03-10,Aston Villa,Tottenham,A,0,4
E0_2023-24_Brighton_Nott'mForest,E0,2023-24,2024-03-10,Brighton,Nott'm Forest,H,1,0
E0_2023-24_Liverpool_ManCity,E0,2023-24,2024-03-10,Liverpool,Man City,D,1,1
E0_2023-24_WestHam_Burnley,E0,2023-24,2024-03-10,West Ham,Burnley,D,2,2
E0_2023-24_Chelsea_Newcastle,E0,2023-24,2024-03-11,Chelsea,Newcastle,H,3,2
E0_2023-24_Bournemouth_Luton,E0,2023-24,2024-03-13,Bournemouth,Luton,H,4,3
E0_2023-24_Burnley_Brentford,E0,2023-24,2024-03-16,Burnley,Brentford,H,2,1
E0_2023-24_Fulham_Tottenham,E0,2023-24,2024-03-16,Fulham,Tottenham,H,3,0
E0_2023-24_Luton_Nott'mForest,E0,2023-24,2024-03-16,Luton,Nott'm Forest,D,1,1
E0_2023-24_WestHam_AstonVilla,E0,2023-24,2024-03-17,West Ham,Aston Villa,D,1,1
E0_2023-24_AstonVilla_Wolves,E0,2023-24,2024-03-30,Aston Villa,Wolves,H,2,0
E0_2023-24_Bournemouth_Everton,E0,2023-24,2024-03-30,Bournemouth,Everton,H,2,1
E0_2023-24_Brentford_ManUnited,E0,2023-24,2024-03-30,Brentford,Man United,D,1,1
E0_2023-24_Chelsea_Burnley,E0,2023-24,2024-03-30,Chelsea,Burnley,D,2,2
E0_2023-24_Newcastle_WestHam,E0,2023-24,2024-03-30,Newcastle,West Ham,H,4,3
E0_2023-24_Nott'mForest_CrystalPalace,E0,2023-24,2024-03-30,Nott'm Forest,Crystal Palace,D,1,1
E0_2023-24_SheffieldUnited_Fulham,E0,2023-24,2024-03-30,Sheffield United,Fulham,D,3,3
E0_2023-24_Tottenham_Luton,E0,2023-24,2024-03-30,Tottenham,Luton,H,2,1
E0_2023-24_Liverpool_Brighton,E0,2023-24,2024-03-31,Liverpool,Brighton,H,2,1
E0_2023-24_ManCity_Arsenal,E0,2023-24,2024-03-31,Man City,Arsenal,D,0,0
E0_2023-24_Bournemouth_CrystalPalace,E0,2023-24,2024-04-02,Bournemouth,Crystal Palace,H,1,0
E0_2023-24_Burnley_Wolves,E0,2023-24,2024-04-02,Burnley,Wolves,D,1,1
E0_2023-24_Newcastle_Everton,E0,2023-24,2024-04-02,Newcastle,Everton,D,1,1
E0_2023-24_Nott'mForest_Fulham,E0,2023-24,2024-04-02,Nott'm Forest,Fulham,H,3,1
E0_2023-24_WestHam_Tottenham,E0,2023-24,2024-04-02,West Ham,Tottenham,D,1,1
E0_2023-24_Arsenal_Luton,E0,2023-24,2024-04-03,Arsenal,Luton,H,2,0
E0_2023-24_Brentford_Brighton,E0,2023-24,2024-04-03,Brentford,Brighton,D,0,0
E0_2023-24_ManCity_AstonVilla,E0,2023-24,2024-04-03,Man City,Aston Villa,H,4,1
E0_2023-24_Chelsea_ManUnited,E0,2023-24,2024-04-04,Chelsea,Man United,H,4,3
E0_2023-24_Liverpool_SheffieldUnited,E0,2023-24,2024-04-04,Liverpool,Sheffield United,H,3,1
E0_2023-24_AstonVilla_Brentford,E0,2023-24,2024-04-06,Aston Villa,Brentford,D,3,3
E0_2023-24_Brighton_Arsenal,E0,2023-24,2024-04-06,Brighton,Arsenal,A,0,3
E0_2023-24_CrystalPalace_ManCity,E0,2023-24,2024-04-06,Crystal Palace,Man City,A,2,4
E0_2023-24_Everton_Burnley,E0,2023-24,2024-04-06,Everton,Burnley,H,1,0
E0_2023-24_Fulham_Newcastle,E0,2023-24,2024-04-06,Fulham,Newcastle,A,0,1
E0_2023-24_Luton_Bournemouth,E0,2023-24,2024-04-06,Luton,Bournemouth,H,2,1
E0_2023-24_Wolves_WestHam,E0,2023-24,2024-04-06,Wolves,West Ham,A,1,2
E0_2023-24_ManUnited_Liverpool,E0,2023-24,2024-04-07,Man United,Liverpool,D,2,2
E0_2023-24_SheffieldUnited_Chelsea,E0,2023-24,2024-04-07,Sheffield United,Chelsea,D,2,2
E0_2023-24_Tottenham_Nott'mForest,E0,2023-24,2024-04-07,Tottenham,Nott'm Forest,H,3,1
E0_2023-24_Bournemouth_ManUnited,E0,2023-24,2024-04-13,Bournemouth,Man United,D,2,2
E0_2023-24_Brentford_SheffieldUnited,E0,2023-24,2024-04-13,Brentford,Sheffield United,H,2,0
E0_2023-24_Burnley_Brighton,E0,2023-24,2024-04-13,Burnley,Brighton,D,1,1
E0_2023-24_ManCity_Luton,E0,2023-24,2024-04-13,Man City,Luton,H,5,1
E0_2023-24_Newcastle_Tottenham,E0,2023-24,2024-04-13,Newcastle,Tottenham,H,4,0
E0_2023-24_Nott'mForest_Wolves,E0,2023-24,2024-04-13,Nott'm Forest,Wolves,D,2,2
E0_2023-24_Arsenal_AstonVilla,E0,2023-24,2024-04-14,Arsenal,Aston Villa,A,0,2
E0_2023-24_Liverpool_CrystalPalace,E0,2023-24,2024-04-14,Liverpool,Crystal Palace,A,0,1
E0_2023-24_WestHam_Fulham,E0,2023-24,2024-04-14,West Ham,Fulham,A,0,2
E0_2023-24_Chelsea_Everton,E0,2023-24,2024-04-15,Chelsea,Everton,H,6,0
E0_2023-24_Luton_Brentford,E0,2023-24,2024-04-20,Luton,Brentford,A,1,5
E0_2023-24_SheffieldUnited_Burnley,E0,2023-24,2024-04-20,Sheffield United,Burnley,A,1,4
E0_2023-24_Wolves_Arsenal,E0,2023-24,2024-04-20,Wolves,Arsenal,A,0,2
E0_2023-24_AstonVilla_Bournemouth,E0,2023-24,2024-04-21,Aston Villa,Bournemouth,H,3,1
E0_2023-24_CrystalPalace_WestHam,E0,2023-24,2024-04-21,Crystal Palace,West Ham,H,5,2
E0_2023-24_Everton_Nott'mForest,E0,2023-24,2024-04-21,Everton,Nott'm Forest,H,2,0
E0_2023-24_Fulham_Liverpool,E0,2023-24,2024-04-21,Fulham,Liverpool,A,1,3
E0_2023-24_Arsenal_Chelsea,E0,2023-24,2024-04-23,Arsenal,Chelsea,H,5,0
E0_2023-24_CrystalPalace_Newcastle,E0,2023-24,2024-04-24,Crystal Palace,Newcastle,H,2,0
E0_2023-24_Everton_Liverpool,E0,2023-24,2024-04-24,Everton,Liverpool,H,2,0
E0_2023-24_ManUnited_SheffieldUnited,E0,2023-24,2024-04-24,Man United,Sheffield United,H,4,2
E0_2023-24_Wolves_Bournemouth,E0,2023-24,2024-04-24,Wolves,Bournemouth,A,0,1
E0_2023-24_Brighton_ManCity,E0,2023-24,2024-04-25,Brighton,Man City,A,0,4
E0_2023-24_AstonVilla_Chelsea,E0,2023-24,2024-04-27,Aston Villa,Chelsea,D,2,2
E0_2023-24_Everton_Brentford,E0,2023-24,2024-04-27,Everton,Brentford,H,1,0
E0_2023-24_Fulham_CrystalPalace,E0,2023-24,2024-04-27,Fulham,Crystal Palace,D,1,1
E0_2023-24_ManUnited_Burnley,E0,2023-24,2024-04-27,Man United,Burnley,D,1,1
E0_2023-24_Newcastle_SheffieldUnited,E0,2023-24,2024-04-27,Newcastle,Sheffield United,H,5,1
E0_2023-24_WestHam_Liverpool,E0,2023-24,2024-04-27,West Ham,Liverpool,D,2,2
E0_2023-24_Wolves_Luton,E0,2023-24,2024-04-27,Wolves,Luton,H,2,1
E0_2023-24_Bournemouth_Brighton,E0,2023-24,2024-04-28,Bournemouth,Brighton,H,3,0
E0_2023-24_Nott'mForest_ManCity,E0,2023-24,2024-04-28,Nott'm Forest,Man City,A,0,2
E0_2023-24_Tottenham_Arsenal,E0,2023-24,2024-04-28,Tottenham,Arsenal,A,2,3
E0_2023-24_Chelsea_Tottenham,E0,2023-24,2024-05-02,Chelsea,Tottenham,H,2,0
E0_2023-24_Luton_Everton,E0,2023-24,2024-05-03,Luton,Everton,D,1,1
E0_2023-24_Arsenal_Bournemouth,E0,2023-24,2024-05-04,Arsenal,Bournemouth,H,3,0
E0_2023-24_Brentford_Fulham,E0,2023-24,2024-05-04,Brentford,Fulham,D,0,0
E0_2023-24_Burnley_Newcastle,E0,2023-24,2024-05-04,Burnley,Newcastle,A,1,4
E0_2023-24_ManCity_Wolves,E0,2023-24,2024-05-04,Man City,Wolves,H,5,1
E0_2023-24_SheffieldUnited_Nott'mForest,E0,2023-24,2024-05-04,Sheffield United,Nott'm Forest,A,1,3
E0_2023-24_Brighton_AstonVilla,E0,2023-24,2024-05-05,Brighton,Aston Villa,H,1,0
E0_2023-24_Chelsea_WestHam,E0,2023-24,2024-05-05,Chelsea,West Ham,H,5,0
E0_2023-24_Liverpool_Tottenham,E0,2023-24,2024-05-05,Liverpool,Tottenham,H,4,2
E0_2023-24_CrystalPalace_ManUnited,E0,2023-24,2024-05-06,Crystal Palace,Man United,H,4,0
E0_2023-24_Bournemouth_Brentford,E0,2023-24,2024-05-11,Bournemouth,Brentford,A,1,2
E0_2023-24_Everton_SheffieldUnited,E0,2023-24,2024-05-11,Everton,Sheffield United,H,1,0
E0_2023-24_Fulham_ManCity,E0,2023-24,2024-05-11,Fulham,Man City,A,0,4
E0_2023-24_Newcastle_Brighton,E0,2023-24,2024-05-11,Newcastle,Brighton,D,1,1
E0_2023-24_Nott'mForest_Chelsea,E0,2023-24,2024-05-11,Nott'm Forest,Chelsea,A,2,3
E0_2023-24_Tottenham_Burnley,E0,2023-24,2024-05-11,Tottenham,Burnley,H,2,1
E0_2023-24_WestHam_Luton,E0,2023-24,2024-05-11,West Ham,Luton,H,3,1
E0_2023-24_Wolves_CrystalPalace,E0,2023-24,2024-05-11,Wolves,Crystal Palace,A,1,3
E0_2023-24_ManUnited_Arsenal,E0,2023-24,2024-05-12,Man United,Arsenal,A,0,1
E0_2023-24_AstonVilla_Liverpool,E0,2023-24,2024-05-13,Aston Villa,Liverpool,D,3,3
E0_2023-24_Tottenham_ManCity,E0,2023-24,2024-05-14,Tottenham,Man City,A,0,2
E0_2023-24_Brighton_Chelsea,E0,2023-24,2024-05-15,Brighton,Chelsea,A,1,2
E0_2023-24_ManUnited_Newcastle,E0,2023-24,2024-05-15,Man United,Newcastle,H,3,2
E0_2023-24_Arsenal_Everton,E0,2023-24,2024-05-19,Arsenal,Everton,H,2,1
E0_2023-24_Brentford_Newcastle,E0,2023-24,2024-05-19,Brentford,Newcastle,A,2,4
E0_2023-24_Brighton_ManUnited,E0,2023-24,2024-05-19,Brighton,Man United,A,0,2
E0_2023-24_Burnley_Nott'mForest,E0,2023-24,2024-05-19,Burnley,Nott'm Forest,A,1,2
E0_2023-24_Chelsea_Bournemouth,E0,2023-24,2024-05-19,Chelsea,Bournemouth,H,2,1
E0_2023-24_CrystalPalace_AstonVilla,E0,2023-24,2024-05-19,Crystal Palace,Aston Villa,H,5,0
E0_2023-24_Liverpool_Wolves,E0,2023-24,2024-05-19,Liverpool,Wolves,H,2,0
E0_2023-24_Luton_Fulham,E0,2023-24,2024-05-19,Luton,Fulham,A,2,4
E0_2023-24_ManCity_WestHam,E0,2023-24,2024-05-19,Man City,West Ham,H,3,1
E0_2023-24_SheffieldUnited_Tottenham,E0,2023-24,2024-05-19,Sheffield United,Tottenham,A,0,3
E0_2024-25_ManUnited_Fulham,E0,2024-25,2024-08-16,Man United,Fulham,H,1,0
E0_2024-25_Arsenal_Wolves,E0,2024-25,2024-08-17,Arsenal,Wolves,H,2,0
E0_2024-25_Everton_Brighton,E0,2024-25,2024-08-17,Everton,Brighton,A,0,3
E0_2024-25_Ipswich_Liverpool,E0,2024-25,2024-08-17,Ipswich,Liverpool,A,0,2
E0_2024-25_Newcastle_Southampton,E0,2024-25,2024-08-17,Newcastle,Southampton,H,1,0
E0_2024-25_Nott'mForest_Bournemouth,E0,2024-25,2024-08-17,Nott'm Forest,Bournemouth,D,1,1
E0_2024-25_WestHam_AstonVilla,E0,2024-25,2024-08-17,West Ham,Aston Villa,A,1,2
E0_2024-25_Brentford_CrystalPalace,E0,2024-25,2024-08-18,Brentford,Crystal Palace,H,2,1
E0_2024-25_Chelsea_ManCity,E0,2024-25,2024-08-18,Chelsea,Man City,A,0,2
E0_2024-25_Leicester_Tottenham,E0,2024-25,2024-08-19,Leicester,Tottenham,D,1,1
E0_2024-25_AstonVilla_Arsenal,E0,2024-25,2024-08-24,Aston Villa,Arsenal,A,0,2
E0_2024-25_Brighton_ManUnited,E0,2024-25,2024-08-24,Brighton,Man United,H,2,1
E0_2024-25_CrystalPalace_WestHam,E0,2024-25,2024-08-24,Crystal Palace,West Ham,A,0,2
E0_2024-25_Fulham_Leicester,E0,2024-25,2024-08-24,Fulham,Leicester,H,2,1
E0_2024-25_ManCity_Ipswich,E0,2024-25,2024-08-24,Man City,Ipswich,H,4,1
E0_2024-25_Southampton_Nott'mForest,E0,2024-25,2024-08-24,Southampton,Nott'm Forest,A,0,1
E0_2024-25_Tottenham_Everton,E0,2024-25,2024-08-24,Tottenham,Everton,H,4,0
E0_2024-25_Bournemouth_Newcastle,E0,2024-25,2024-08-25,Bournemouth,Newcastle,D,1,1
E0_2024-25_Liverpool_Brentford,E0,2024-25,2024-08-25,Liverpool,Brentford,H,2,0
E0_2024-25_Wolves_Chelsea,E0,2024-25,2024-08-25,Wolves,Chelsea,A,2,6
E0_2024-25_Arsenal_Brighton,E0,2024-25,2024-08-31,Arsenal,Brighton,D,1,1
E0_2024-25_Brentford_Southampton,E0,2024-25,2024-08-31,Brentford,Southampton,H,3,1
E0_2024-25_Everton_Bournemouth,E0,2024-25,2024-08-31,Everton,Bournemouth,A,2,3
E0_2024-25_Ipswich_Fulham,E0,2024-25,2024-08-31,Ipswich,Fulham,D,1,1
E0_2024-25_Leicester_AstonVilla,E0,2024-25,2024-08-31,Leicester,Aston Villa,A,1,2
E0_2024-25_Nott'mForest_Wolves,E0,2024-25,2024-08-31,Nott'm Forest,Wolves,D,1,1
E0_2024-25_WestHam_ManCity,E0,2024-25,2024-08-31,West Ham,Man City,A,1,3
E0_2024-25_Chelsea_CrystalPalace,E0,2024-25,2024-09-01,Chelsea,Crystal Palace,D,1,1
E0_2024-25_ManUnited_Liverpool,E0,2024-25,2024-09-01,Man United,Liverpool,A,0,3
E0_2024-25_Newcastle_Tottenham,E0,2024-25,2024-09-01,Newcastle,Tottenham,H,2,1
E0_2024-25_AstonVilla_Everton,E0,2024-25,2024-09-14,Aston Villa,Everton,H,3,2
E0_2024-25_Bournemouth_Chelsea,E0,2024-25,2024-09-14,Bournemouth,Chelsea,A,0,1
E0_2024-25_Brighton_Ipswich,E0,2024-25,2024-09-14,Brighton,Ipswich,D,0,0
E0_2024-25_CrystalPalace_Leicester,E0,2024-25,2024-09-14,Crystal Palace,Leicester,D,2,2
E0_2024-25_Fulham_WestHam,E0,2024-25,2024-09-14,Fulham,West Ham,D,1,1
E0_2024-25_Liverpool_Nott'mForest,E0,2024-25,2024-09-14,Liverpool,Nott'm Forest,A,0,1
E0_2024-25_ManCity_Brentford,E0,2024-25,2024-09-14,Man City,Brentford,H,2,1
E0_2024-25_Southampton_ManUnited,E0,2024-25,2024-09-14,Southampton,Man United,A,0,3
E0_2024-25_Tottenham_Arsenal,E0,2024-25,2024-09-15,Tottenham,Arsenal,A,0,1
E0_2024-25_Wolves_Newcastle,E0,2024-25,2024-09-15,Wolves,Newcastle,A,1,2
E0_2024-25_AstonVilla_Wolves,E0,2024-25,2024-09-21,Aston Villa,Wolves,H,3,1
E0_2024-25_CrystalPalace_ManUnited,E0,2024-25,2024-09-21,Crystal Palace,Man United,D,0,0
E0_2024-25_Fulham_Newcastle,E0,2024-25,2024-09-21,Fulham,Newcastle,H,3,1
E0_2024-25_Leicester_Everton,E0,2024-25,2024-09-21,Leicester,Everton,D,1,1
E0_2024-25_Liverpool_Bournemouth,E0,2024-25,2024-09-21,Liverpool,Bournemouth,H,3,0
E0_2024-25_Southampton_Ipswich,E0,2024-25,2024-09-21,Southampton,Ipswich,D,1,1
E0_2024-25_Tottenham_Brentford,E0,2024-25,2024-09-21,Tottenham,Brentford,H,3,1
E0_2024-25_WestHam_Chelsea,E0,2024-25,2024-09-21,West Ham,Chelsea,A,0,3
E0_2024-25_Brighton_Nott'mForest,E0,2024-25,2024-09-22,Brighton,Nott'm Forest,D,2,2
E0_2024-25_ManCity_Arsenal,E0,2024-25,2024-09-22,Man City,Arsenal,D,2,2
E0_2024-25_Arsenal_Leicester,E0,2024-25,2024-09-28,Arsenal,Leicester,H,4,2
E0_2024-25_Brentford_WestHam,E0,2024-25,2024-09-28,Brentford,West Ham,D,1,1
E0_2024-25_Chelsea_Brighton,E0,2024-25,2024-09-28,Chelsea,Brighton,H,4,2
E0_2024-25_Everton_CrystalPalace,E0,2024-25,2024-09-28,Everton,Crystal Palace,H,2,1
E0_2024-25_Newcastle_ManCity,E0,2024-25,2024-09-28,Newcastle,Man City,D,1,1
E0_2024-25_Nott'mForest_Fulham,E0,2024-25,2024-09-28,Nott'm Forest,Fulham,A,0,1
E0_2024-25_Wolves_Liverpool,E0,2024-25,2024-09-28,Wolves,Liverpool,A,1,2
E0_2024-25_Ipswich_AstonVilla,E0,2024-25,2024-09-29,Ipswich,Aston Villa,D,2,2
E0_2024-25_ManUnited_Tottenham,E0,2024-25,2024-09-29,Man United,Tottenham,A,0,3
E0_2024-25_Bournemouth_Southampton,E0,2024-25,2024-09-30,Bournemouth,Southampton,H,3,1
E0_2024-25_Arsenal_Southampton,E0,2024-25,2024-10-05,Arsenal,Southampton,H,3,1
E0_2024-25_Brentford_Wolves,E0,2024-25,2024-10-05,Brentford,Wolves,H,5,3
E0_2024-25_CrystalPalace_Liverpool,E0,2024-25,2024-10-05,Crystal Palace,Liverpool,A,0,1
E0_2024-25_Everton_Newcastle,E0,2024-25,2024-10-05,Everton,Newcastle,D,0,0
E0_2024-25_Leicester_Bournemouth,E0,2024-25,2024-10-05,Leicester,Bournemouth,H,1,0
E0_2024-25_ManCity_Fulham,E0,2024-25,2024-10-05,Man City,Fulham,H,3,2
E0_2024-25_WestHam_Ipswich,E0,2024-25,2024-10-05,West Ham,Ipswich,H,4,1
E0_2024-25_AstonVilla_ManUnited,E0,2024-25,2024-10-06,Aston Villa,Man United,D,0,0
E0_2024-25_Brighton_Tottenham,E0,2024-25,2024-10-06,Brighton,Tottenham,H,3,2
E0_2024-25_Chelsea_Nott'mForest,E0,2024-25,2024-10-06,Chelsea,Nott'm Forest,D,1,1
E0_2024-25_Bournemouth_Arsenal,E0,2024-25,2024-10-19,Bournemouth,Arsenal,H,2,0
E0_2024-25_Fulham_AstonVilla,E0,2024-25,2024-10-19,Fulham,Aston Villa,A,1,3
E0_2024-25_Ipswich_Everton,E0,2024-25,2024-10-19,Ipswich,Everton,A,0,2
E0_2024-25_ManUnited_Brentford,E0,2024-25,2024-10-19,Man United,Brentford,H,2,1
E0_2024-25_Newcastle_Brighton,E0,2024-25,2024-10-19,Newcastle,Brighton,A,0,1
E0_2024-25_Southampton_Leicester,E0,2024-25,2024-10-19,Southampton,Leicester,A,2,3
E0_2024-25_Tottenham_WestHam,E0,2024-25,2024-10-19,Tottenham,West Ham,H,4,1
E0_2024-25_Liverpool_Chelsea,E0,2024-25,2024-10-20,Liverpool,Chelsea,H,2,1
E0_2024-25_Wolves_ManCity,E0,2024-25,2024-10-20,Wolves,Man City,A,1,2
E0_2024-25_Nott'mForest_CrystalPalace,E0,2024-25,2024-10-21,Nott'm Forest,Crystal Palace,H,1,0
E0_2024-25_Leicester_Nott'mForest,E0,2024-25,2024-10-25,Leicester,Nott'm Forest,A,1,3
E0_2024-25_AstonVilla_Bournemouth,E0,2024-25,2024-10-26,Aston Villa,Bournemouth,D,1,1
E0_2024-25_Brentford_Ipswich,E0,2024-25,2024-10-26,Brentford,Ipswich,H,4,3
E0_2024-25_Brighton_Wolves,E0,2024-25,2024-10-26,Brighton,Wolves,D,2,2
E0_2024-25_Everton_Fulham,E0,2024-25,2024-10-26,Everton,Fulham,D,1,1
E0_2024-25_ManCity_Southampton,E0,2024-25,2024-10-26,Man City,Southampton,H,1,0
E0_2024-25_Arsenal_Liverpool,E0,2024-25,2024-10-27,Arsenal,Liverpool,D,2,2
E0_2024-25_Chelsea_Newcastle,E0,2024-25,2024-10-27,Chelsea,Newcastle,H,2,1
E0_2024-25_CrystalPalace_Tottenham,E0,2024-25,2024-10-27,Crystal Palace,Tottenham,H,1,0
E0_2024-25_WestHam_ManUnited,E0,2024-25,2024-10-27,West Ham,Man United,H,2,1
E0_2024-25_Bournemouth_ManCity,E0,2024-25,2024-11-02,Bournemouth,Man City,H,2,1
E0_2024-25_Ipswich_Leicester,E0,2024-25,2024-11-02,Ipswich,Leicester,D,1,1
E0_2024-25_Liverpool_Brighton,E0,2024-25,2024-11-02,Liverpool,Brighton,H,2,1
E0_2024-25_Newcastle_Arsenal,E0,2024-25,2024-11-02,Newcastle,Arsenal,H,1,0
E0_2024-25_Nott'mForest_WestHam,E0,2024-25,2024-11-02,Nott'm Forest,West Ham,H,3,0
E0_2024-25_Southampton_Everton,E0,2024-25,2024-11-02,Southampton,Everton,H,1,0
E0_2024-25_Wolves_CrystalPalace,E0,2024-25,2024-11-02,Wolves,Crystal Palace,D,2,2
E0_2024-25_ManUnited_Chelsea,E0,2024-25,2024-11-03,Man United,Chelsea,D,1,1
E0_2024-25_Tottenham_AstonVilla,E0,2024-25,2024-11-03,Tottenham,Aston Villa,H,4,1
E0_2024-25_Fulham_Brentford,E0,2024-25,2024-11-04,Fulham,Brentford,H,2,1
E0_2024-25_Brentford_Bournemouth,E0,2024-25,2024-11-09,Brentford,Bournemouth,H,3,2
E0_2024-25_Brighton_ManCity,E0,2024-25,2024-11-09,Brighton,Man City,H,2,1
E0_2024-25_CrystalPalace_Fulham,E0,2024-25,2024-11-09,Crystal Palace,Fulham,A,0,2
E0_2024-25_Liverpool_AstonVilla,E0,2024-25,2024-11-09,Liverpool,Aston Villa,H,2,0
E0_2024-25_WestHam_Everton,E0,2024-25,2024-11-09,West Ham,Everton,D,0,0
E0_2024-25_Wolves_Southampton,E0,2024-25,2024-11-09,Wolves,Southampton,H,2,0
E0_2024-25_Chelsea_Arsenal,E0,2024-25,2024-11-10,Chelsea,Arsenal,D,1,1
E0_2024-25_ManUnited_Leicester,E0,2024-25,2024-11-10,Man United,Leicester,H,3,0
E0_2024-25_Nott'mForest_Newcastle,E0,2024-25,2024-11-10,Nott'm Forest,Newcastle,A,1,3
E0_2024-25_Tottenham_Ipswich,E0,2024-25,2024-11-10,Tottenham,Ipswich,A,1,2
E0_2024-25_Arsenal_Nott'mForest,E0,2024-25,2024-11-23,Arsenal,Nott'm Forest,H,3,0
E0_2024-25_AstonVilla_CrystalPalace,E0,2024-25,2024-11-23,Aston Villa,Crystal Palace,D,2,2
E0_2024-25_Bournemouth_Brighton,E0,2024-25,2024-11-23,Bournemouth,Brighton,A,1,2
E0_2024-25_Everton_Brentford,E0,2024-25,2024-11-23,Everton,Brentford,D,0,0
E0_2024-25_Fulham_Wolves,E0,2024-25,2024-11-23,Fulham,Wolves,A,1,4
E0_2024-25_Leicester_Chelsea,E0,2024-25,2024-11-23,Leicester,Chelsea,A,1,2
E0_2024-25_ManCity_Tottenham,E0,2024-25,2024-11-23,Man City,Tottenham,A,0,4
E0_2024-25_Ipswich_ManUnited,E0,2024-25,2024-11-24,Ipswich,Man United,D,1,1
E0_2024-25_Southampton_Liverpool,E0,2024-25,2024-11-24,Southampton,Liverpool,A,2,3
E0_2024-25_Newcastle_WestHam,E0,2024-25,2024-11-25,Newcastle,West Ham,A,0,2
E0_2024-25_Brighton_Southampton,E0,2024-25,2024-11-29,Brighton,Southampton,D,1,1
E0_2024-25_Brentford_Leicester,E0,2024-25,2024-11-30,Brentford,Leicester,H,4,1
E0_2024-25_CrystalPalace_Newcastle,E0,2024-25,2024-11-30,Crystal Palace,Newcastle,D,1,1
E0_2024-25_Nott'mForest_Ipswich,E0,2024-25,2024-11-30,Nott'm Forest,Ipswich,H,1,0
E0_2024-25_WestHam_Arsenal,E0,2024-25,2024-11-30,West Ham,Arsenal,A,2,5
E0_2024-25_Wolves_Bournemouth,E0,2024-25,2024-11-30,Wolves,Bournemouth,A,2,4
E0_2024-25_Chelsea_AstonVilla,E0,2024-25,2024-12-01,Chelsea,Aston Villa,H,3,0
E0_2024-25_Liverpool_ManCity,E0,2024-25,2024-12-01,Liverpool,Man City,H,2,0
E0_2024-25_ManUnited_Everton,E0,2024-25,2024-12-01,Man United,Everton,H,4,0
E0_2024-25_Tottenham_Fulham,E0,2024-25,2024-12-01,Tottenham,Fulham,D,1,1
E0_2024-25_Ipswich_CrystalPalace,E0,2024-25,2024-12-03,Ipswich,Crystal Palace,A,0,1
E0_2024-25_Leicester_WestHam,E0,2024-25,2024-12-03,Leicester,West Ham,H,3,1
E0_2024-25_Arsenal_ManUnited,E0,2024-25,2024-12-04,Arsenal,Man United,H,2,0
E0_2024-25_AstonVilla_Brentford,E0,2024-25,2024-12-04,Aston Villa,Brentford,H,3,1
E0_2024-25_Everton_Wolves,E0,2024-25,2024-12-04,Everton,Wolves,H,4,0
E0_2024-25_ManCity_Nott'mForest,E0,2024-25,2024-12-04,Man City,Nott'm Forest,H,3,0
E0_2024-25_Newcastle_Liverpool,E0,2024-25,2024-12-04,Newcastle,Liverpool,D,3,3
E0_2024-25_Southampton_Chelsea,E0,2024-25,2024-12-04,Southampton,Chelsea,A,1,5
E0_2024-25_Bournemouth_Tottenham,E0,2024-25,2024-12-05,Bournemouth,Tottenham,H,1,0
E0_2024-25_Fulham_Brighton,E0,2024-25,2024-12-05,Fulham,Brighton,H,3,1
E0_2024-25_AstonVilla_Southampton,E0,2024-25,2024-12-07,Aston Villa,Southampton,H,1,0
E0_2024-25_Brentford_Newcastle,E0,2024-25,2024-12-07,Brentford,Newcastle,H,4,2
E0_2024-25_CrystalPalace_ManCity,E0,2024-25,2024-12-07,Crystal Palace,Man City,D,2,2
E0_2024-25_ManUnited_Nott'mForest,E0,2024-25,2024-12-07,Man United,Nott'm Forest,A,2,3
E0_2024-25_Fulham_Arsenal,E0,2024-25,2024-12-08,Fulham,Arsenal,D,1,1
E0_2024-25_Ipswich_Bournemouth,E0,2024-25,2024-12-08,Ipswich,Bournemouth,A,1,2
E0_2024-25_Leicester_Brighton,E0,2024-25,2024-12-08,Leicester,Brighton,D,2,2
E0_2024-25_Tottenham_Chelsea,E0,2024-25,2024-12-08,Tottenham,Chelsea,A,3,4
E0_2024-25_WestHam_Wolves,E0,2024-25,2024-12-09,West Ham,Wolves,H,2,1
E0_2024-25_Arsenal_Everton,E0,2024-25,2024-12-14,Arsenal,Everton,D,0,0
E0_2024-25_Liverpool_Fulham,E0,2024-25,2024-12-14,Liverpool,Fulham,D,2,2
E0_2024-25_Newcastle_Leicester,E0,2024-25,2024-12-14,Newcastle,Leicester,H,4,0
E0_2024-25_Nott'mForest_AstonVilla,E0,2024-25,2024-12-14,Nott'm Forest,Aston Villa,H,2,1
E0_2024-25_Wolves_Ipswich,E0,2024-25,2024-12-14,Wolves,Ipswich,A,1,2
E0_2024-25_Brighton_CrystalPalace,E0,2024-25,2024-12-15,Brighton,Crystal Palace,A,1,3
E0_2024-25_Chelsea_Brentford,E0,2024-25,2024-12-15,Chelsea,Brentford,H,2,1
E0_2024-25_ManCity_ManUnited,E0,2024-25,2024-12-15,Man City,Man United,A,1,2
E0_2024-25_Southampton_Tottenham,E0,2024-25,2024-12-15,Southampton,Tottenham,A,0,5
E0_2024-25_Bournemouth_WestHam,E0,2024-25,2024-12-16,Bournemouth,West Ham,D,1,1
E0_2024-25_AstonVilla_ManCity,E0,2024-25,2024-12-21,Aston Villa,Man City,H,2,1
E0_2024-25_Brentford_Nott'mForest,E0,2024-25,2024-12-21,Brentford,Nott'm Forest,A,0,2
E0_2024-25_CrystalPalace_Arsenal,E0,2024-25,2024-12-21,Crystal Palace,Arsenal,A,1,5
E0_2024-25_Ipswich_Newcastle,E0,2024-25,2024-12-21,Ipswich,Newcastle,A,0,4
E0_2024-25_WestHam_Brighton,E0,2024-25,2024-12-21,West Ham,Brighton,D,1,1
E0_2024-25_Everton_Chelsea,E0,2024-25,2024-12-22,Everton,Chelsea,D,0,0
E0_2024-25_Fulham_Southampton,E0,2024-25,2024-12-22,Fulham,Southampton,D,0,0
E0_2024-25_Leicester_Wolves,E0,2024-25,2024-12-22,Leicester,Wolves,A,0,3
E0_2024-25_ManUnited_Bournemouth,E0,2024-25,2024-12-22,Man United,Bournemouth,A,0,3
E0_2024-25_Tottenham_Liverpool,E0,2024-25,2024-12-22,Tottenham,Liverpool,A,3,6
E0_2024-25_Bournemouth_CrystalPalace,E0,2024-25,2024-12-26,Bournemouth,Crystal Palace,D,0,0
E0_2024-25_Chelsea_Fulham,E0,2024-25,2024-12-26,Chelsea,Fulham,A,1,2
E0_2024-25_Liverpool_Leicester,E0,2024-25,2024-12-26,Liverpool,Leicester,H,3,1
E0_2024-25_ManCity_Everton,E0,2024-25,2024-12-26,Man City,Everton,D,1,1
E0_2024-25_Newcastle_AstonVilla,E0,2024-25,2024-12-26,Newcastle,Aston Villa,H,3,0
E0_2024-25_Nott'mForest_Tottenham,E0,2024-25,2024-12-26,Nott'm Forest,Tottenham,H,1,0
E0_2024-25_Southampton_WestHam,E0,2024-25,2024-12-26,Southampton,West Ham,A,0,1
E0_2024-25_Wolves_ManUnited,E0,2024-25,2024-12-26,Wolves,Man United,H,2,0
E0_2024-25_Arsenal_Ipswich,E0,2024-25,2024-12-27,Arsenal,Ipswich,H,1,0
E0_2024-25_Brighton_Brentford,E0,2024-25,2024-12-27,Brighton,Brentford,D,0,0
E0_2024-25_CrystalPalace_Southampton,E0,2024-25,2024-12-29,Crystal Palace,Southampton,H,2,1
E0_2024-25_Everton_Nott'mForest,E0,2024-25,2024-12-29,Everton,Nott'm Forest,A,0,2
E0_2024-25_Fulham_Bournemouth,E0,2024-25,2024-12-29,Fulham,Bournemouth,D,2,2
E0_2024-25_Leicester_ManCity,E0,2024-25,2024-12-29,Leicester,Man City,A,0,2
E0_2024-25_Tottenham_Wolves,E0,2024-25,2024-12-29,Tottenham,Wolves,D,2,2
E0_2024-25_WestHam_Liverpool,E0,2024-25,2024-12-29,West Ham,Liverpool,A,0,5
E0_2024-25_AstonVilla_Brighton,E0,2024-25,2024-12-30,Aston Villa,Brighton,D,2,2
E0_2024-25_Ipswich_Chelsea,E0,2024-25,2024-12-30,Ipswich,Chelsea,H,2,0
E0_2024-25_ManUnited_Newcastle,E0,2024-25,2024-12-30,Man United,Newcastle,A,0,2
E0_2024-25_Brentford_Arsenal,E0,2024-25,2025-01-01,Brentford,Arsenal,A,1,3
E0_2024-25_AstonVilla_Leicester,E0,2024-25,2025-01-04,Aston Villa,Leicester,H,2,1
E0_2024-25_Bournemouth_Everton,E0,2024-25,2025-01-04,Bournemouth,Everton,H,1,0
E0_2024-25_Brighton_Arsenal,E0,2024-25,2025-01-04,Brighton,Arsenal,D,1,1
E0_2024-25_CrystalPalace_Chelsea,E0,2024-25,2025-01-04,Crystal Palace,Chelsea,D,1,1
E0_2024-25_ManCity_WestHam,E0,2024-25,2025-01-04,Man City,West Ham,H,4,1
E0_2024-25_Southampton_Brentford,E0,2024-25,2025-01-04,Southampton,Brentford,A,0,5
E0_2024-25_Tottenham_Newcastle,E0,2024-25,2025-01-04,Tottenham,Newcastle,A,1,2
E0_2024-25_Fulham_Ipswich,E0,2024-25,2025-01-05,Fulham,Ipswich,D,2,2
E0_2024-25_Liverpool_ManUnited,E0,2024-25,2025-01-05,Liverpool,Man United,D,2,2
E0_2024-25_Wolves_Nott'mForest,E0,2024-25,2025-01-06,Wolves,Nott'm Forest,A,0,3
E0_2024-25_Brentford_ManCity,E0,2024-25,2025-01-14,Brentford,Man City,D,2,2
E0_2024-25_Chelsea_Bournemouth,E0,2024-25,2025-01-14,Chelsea,Bournemouth,D,2,2
E0_2024-25_Nott'mForest_Liverpool,E0,2024-25,2025-01-14,Nott'm Forest,Liverpool,D,1,1
E0_2024-25_WestHam_Fulham,E0,2024-25,2025-01-14,West Ham,Fulham,H,3,2
E0_2024-25_Arsenal_Tottenham,E0,2024-25,2025-01-15,Arsenal,Tottenham,H,2,1
E0_2024-25_Everton_AstonVilla,E0,2024-25,2025-01-15,Everton,Aston Villa,A,0,1
E0_2024-25_Leicester_CrystalPalace,E0,2024-25,2025-01-15,Leicester,Crystal Palace,A,0,2
E0_2024-25_Newcastle_Wolves,E0,2024-25,2025-01-15,Newcastle,Wolves,H,3,0
E0_2024-25_Ipswich_Brighton,E0,2024-25,2025-01-16,Ipswich,Brighton,A,0,2
E0_2024-25_ManUnited_Southampton,E0,2024-25,2025-01-16,Man United,Southampton,H,3,1
E0_2024-25_Arsenal_AstonVilla,E0,2024-25,2025-01-18,Arsenal,Aston Villa,D,2,2
E0_2024-25_Brentford_Liverpool,E0,2024-25,2025-01-18,Brentford,Liverpool,A,0,2
E0_2024-25_Leicester_Fulham,E0,2024-25,2025-01-18,Leicester,Fulham,A,0,2
E0_2024-25_Newcastle_Bournemouth,E0,2024-25,2025-01-18,Newcastle,Bournemouth,A,1,4
E0_2024-25_WestHam_CrystalPalace,E0,2024-25,2025-01-18,West Ham,Crystal Palace,A,0,2
E0_2024-25_Everton_Tottenham,E0,2024-25,2025-01-19,Everton,Tottenham,H,3,2
E0_2024-25_Ipswich_ManCity,E0,2024-25,2025-01-19,Ipswich,Man City,A,0,6
E0_2024-25_ManUnited_Brighton,E0,2024-25,2025-01-19,Man United,Brighton,A,1,3
E0_2024-25_Nott'mForest_Southampton,E0,2024-25,2025-01-19,Nott'm Forest,Southampton,H,3,2
E0_2024-25_Chelsea_Wolves,E0,2024-25,2025-01-20,Chelsea,Wolves,H,3,1
E0_2024-25_Bournemouth_Nott'mForest,E0,2024-25,2025-01-25,Bournemouth,Nott'm Forest,H,5,0
E0_2024-25_Brighton_Everton,E0,2024-25,2025-01-25,Brighton,Everton,A,0,1
E0_2024-25_Liverpool_Ipswich,E0,2024-25,2025-01-25,Liverpool,Ipswich,H,4,1
E0_2024-25_ManCity_Chelsea,E0,2024-25,2025-01-25,Man City,Chelsea,H,3,1
E0_2024-25_Southampton_Newcastle,E0,2024-25,2025-01-25,Southampton,Newcastle,A,1,3
E0_2024-25_Wolves_Arsenal,E0,2024-25,2025-01-25,Wolves,Arsenal,A,0,1
E0_2024-25_AstonVilla_WestHam,E0,2024-25,2025-01-26,Aston Villa,West Ham,D,1,1
E0_2024-25_CrystalPalace_Brentford,E0,2024-25,2025-01-26,Crystal Palace,Brentford,A,1,2
E0_2024-25_Fulham_ManUnited,E0,2024-25,2025-01-26,Fulham,Man United,A,0,1
E0_2024-25_Tottenham_Leicester,E0,2024-25,2025-01-26,Tottenham,Leicester,A,1,2
E0_2024-25_Bournemouth_Liverpool,E0,2024-25,2025-02-01,Bournemouth,Liverpool,A,0,2
E0_2024-25_Everton_Leicester,E0,2024-25,2025-02-01,Everton,Leicester,H,4,0
E0_2024-25_Ipswich_Southampton,E0,2024-25,2025-02-01,Ipswich,Southampton,A,1,2
E0_2024-25_Newcastle_Fulham,E0,2024-25,2025-02-01,Newcastle,Fulham,A,1,2
E0_2024-25_Nott'mForest_Brighton,E0,2024-25,2025-02-01,Nott'm Forest,Brighton,H,7,0
E0_2024-25_Wolves_AstonVilla,E0,2024-25,2025-02-01,Wolves,Aston Villa,H,2,0
E0_2024-25_Arsenal_ManCity,E0,2024-25,2025-02-02,Arsenal,Man City,H,5,1
E0_2024-25_Brentford_Tottenham,E0,2024-25,2025-02-02,Brentford,Tottenham,A,0,2
E0_2024-25_ManUnited_CrystalPalace,E0,2024-25,2025-02-02,Man United,Crystal Palace,A,0,2
E0_2024-25_Chelsea_WestHam,E0,2024-25,2025-02-03,Chelsea,West Ham,H,2,1
E0_2024-25_Everton_Liverpool,E0,2024-25,2025-02-12,Everton,Liverpool,D,2,2
E0_2024-25_Brighton_Chelsea,E0,2024-25,2025-02-14,Brighton,Chelsea,H,3,0
E0_2024-25_AstonVilla_Ipswich,E0,2024-25,2025-02-15,Aston Villa,Ipswich,D,1,1
E0_2024-25_CrystalPalace_Everton,E0,2024-25,2025-02-15,Crystal Palace,Everton,A,1,2
E0_2024-25_Fulham_Nott'mForest,E0,2024-25,2025-02-15,Fulham,Nott'm Forest,H,2,1
E0_2024-25_Leicester_Arsenal,E0,2024-25,2025-02-15,Leicester,Arsenal,A,0,2
E0_2024-25_ManCity_Newcastle,E0,2024-25,2025-02-15,Man City,Newcastle,H,4,0
E0_2024-25_Southampton_Bournemouth,E0,2024-25,2025-02-15,Southampton,Bournemouth,A,1,3
E0_2024-25_WestHam_Brentford,E0,2024-25,2025-02-15,West Ham,Brentford,A,0,1
E0_2024-25_Liverpool_Wolves,E0,2024-25,2025-02-16,Liverpool,Wolves,H,2,1
E0_2024-25_Tottenham_ManUnited,E0,2024-25,2025-02-16,Tottenham,Man United,H,1,0
E0_2024-25_AstonVilla_Liverpool,E0,2024-25,2025-02-19,Aston Villa,Liverpool,D,2,2
E0_2024-25_Leicester_Brentford,E0,2024-25,2025-02-21,Leicester,Brentford,A,0,4
E0_2024-25_Arsenal_WestHam,E0,2024-25,2025-02-22,Arsenal,West Ham,A,0,1
E0_2024-25_AstonVilla_Chelsea,E0,2024-25,2025-02-22,Aston Villa,Chelsea,H,2,1
E0_2024-25_Bournemouth_Wolves,E0,2024-25,2025-02-22,Bournemouth,Wolves,A,0,1
E0_2024-25_Everton_ManUnited,E0,2024-25,2025-02-22,Everton,Man United,D,2,2
E0_2024-25_Fulham_CrystalPalace,E0,2024-25,2025-02-22,Fulham,Crystal Palace,A,0,2
E0_2024-25_Ipswich_Tottenham,E0,2024-25,2025-02-22,Ipswich,Tottenham,A,1,4
E0_2024-25_Southampton_Brighton,E0,2024-25,2025-02-22,Southampton,Brighton,A,0,4
E0_2024-25_ManCity_Liverpool,E0,2024-25,2025-02-23,Man City,Liverpool,A,0,2
E0_2024-25_Newcastle_Nott'mForest,E0,2024-25,2025-02-23,Newcastle,Nott'm Forest,H,4,3
E0_2024-25_Brighton_Bournemouth,E0,2024-25,2025-02-25,Brighton,Bournemouth,H,2,1
E0_2024-25_Chelsea_Southampton,E0,2024-25,2025-02-25,Chelsea,Southampton,H,4,0
E0_2024-25_CrystalPalace_AstonVilla,E0,2024-25,2025-02-25,Crystal Palace,Aston Villa,H,4,1
E0_2024-25_Wolves_Fulham,E0,2024-25,2025-02-25,Wolves,Fulham,A,1,2
E0_2024-25_Brentford_Everton,E0,2024-25,2025-02-26,Brentford,Everton,D,1,1
E0_2024-25_Liverpool_Newcastle,E0,2024-25,2025-02-26,Liverpool,Newcastle,H,2,0
E0_2024-25_ManUnited_Ipswich,E0,2024-25,2025-02-26,Man United,Ipswich,H,3,2
E0_2024-25_Nott'mForest_Arsenal,E0,2024-25,2025-02-26,Nott'm Forest,Arsenal,D,0,0
E0_2024-25_Tottenham_ManCity,E0,2024-25,2025-02-26,Tottenham,Man City,A,0,1
E0_2024-25_WestHam_Leicester,E0,2024-25,2025-02-27,West Ham,Leicester,H,2,0
E0_2024-25_Brentford_AstonVilla,E0,2024-25,2025-03-08,Brentford,Aston Villa,A,0,1
E0_2024-25_Brighton_Fulham,E0,2024-25,2025-03-08,Brighton,Fulham,H,2,1
E0_2024-25_CrystalPalace_Ipswich,E0,2024-25,2025-03-08,Crystal Palace,Ipswich,H,1,0
E0_2024-25_Liverpool_Southampton,E0,2024-25,2025-03-08,Liverpool,Southampton,H,3,1
E0_2024-25_Nott'mForest_ManCity,E0,2024-25,2025-03-08,Nott'm Forest,Man City,H,1,0
E0_2024-25_Wolves_Everton,E0,2024-25,2025-03-08,Wolves,Everton,D,1,1
E0_2024-25_Chelsea_Leicester,E0,2024-25,2025-03-09,Chelsea,Leicester,H,1,0
E0_2024-25_ManUnited_Arsenal,E0,2024-25,2025-03-09,Man United,Arsenal,D,1,1
E0_2024-25_Tottenham_Bournemouth,E0,2024-25,2025-03-09,Tottenham,Bournemouth,D,2,2
E0_2024-25_WestHam_Newcastle,E0,2024-25,2025-03-10,West Ham,Newcastle,A,0,1
E0_2024-25_Bournemouth_Brentford,E0,2024-25,2025-03-15,Bournemouth,Brentford,A,1,2
E0_2024-25_Everton_WestHam,E0,2024-25,2025-03-15,Everton,West Ham,D,1,1
E0_2024-25_Ipswich_Nott'mForest,E0,2024-25,2025-03-15,Ipswich,Nott'm Forest,A,2,4
E0_2024-25_ManCity_Brighton,E0,2024-25,2025-03-15,Man City,Brighton,D,2,2
E0_2024-25_Southampton_Wolves,E0,2024-25,2025-03-15,Southampton,Wolves,A,1,2
E0_2024-25_Arsenal_Chelsea,E0,2024-25,2025-03-16,Arsenal,Chelsea,H,1,0
E0_2024-25_Fulham_Tottenham,E0,2024-25,2025-03-16,Fulham,Tottenham,H,2,0
E0_2024-25_Leicester_ManUnited,E0,2024-25,2025-03-16,Leicester,Man United,A,0,3
E0_2024-25_Arsenal_Fulham,E0,2024-25,2025-04-01,Arsenal,Fulham,H,2,1
E0_2024-25_Nott'mForest_ManUnited,E0,2024-25,2025-04-01,Nott'm Forest,Man United,H,1,0
E0_2024-25_Wolves_WestHam,E0,2024-25,2025-04-01,Wolves,West Ham,H,1,0
E0_2024-25_Bournemouth_Ipswich,E0,2024-25,2025-04-02,Bournemouth,Ipswich,A,1,2
E0_2024-25_Brighton_AstonVilla,E0,2024-25,2025-04-02,Brighton,Aston Villa,A,0,3
E0_2024-25_Liverpool_Everton,E0,2024-25,2025-04-02,Liverpool,Everton,H,1,0
E0_2024-25_ManCity_Leicester,E0,2024-25,2025-04-02,Man City,Leicester,H,2,0
E0_2024-25_Newcastle_Brentford,E0,2024-25,2025-04-02,Newcastle,Brentford,H,2,1
E0_2024-25_Southampton_CrystalPalace,E0,2024-25,2025-04-02,Southampton,Crystal Palace,D,1,1
E0_2024-25_Chelsea_Tottenham,E0,2024-25,2025-04-03,Chelsea,Tottenham,H,1,0
E0_2024-25_AstonVilla_Nott'mForest,E0,2024-25,2025-04-05,Aston Villa,Nott'm Forest,H,2,1
E0_2024-25_CrystalPalace_Brighton,E0,2024-25,2025-04-05,Crystal Palace,Brighton,H,2,1
E0_2024-25_Everton_Arsenal,E0,2024-25,2025-04-05,Everton,Arsenal,D,1,1
E0_2024-25_Ipswich_Wolves,E0,2024-25,2025-04-05,Ipswich,Wolves,A,1,2
E0_2024-25_WestHam_Bournemouth,E0,2024-25,2025-04-05,West Ham,Bournemouth,D,2,2
E0_2024-25_Brentford_Chelsea,E0,2024-25,2025-04-06,Brentford,Chelsea,D,0,0
E0_2024-25_Fulham_Liverpool,E0,2024-25,2025-04-06,Fulham,Liverpool,H,3,2
E0_2024-25_ManUnited_ManCity,E0,2024-25,2025-04-06,Man United,Man City,D,0,0
E0_2024-25_Tottenham_Southampton,E0,2024-25,2025-04-06,Tottenham,Southampton,H,3,1
E0_2024-25_Leicester_Newcastle,E0,2024-25,2025-04-07,Leicester,Newcastle,A,0,3
E0_2024-25_Arsenal_Brentford,E0,2024-25,2025-04-12,Arsenal,Brentford,D,1,1
E0_2024-25_Brighton_Leicester,E0,2024-25,2025-04-12,Brighton,Leicester,D,2,2
E0_2024-25_ManCity_CrystalPalace,E0,2024-25,2025-04-12,Man City,Crystal Palace,H,5,2
E0_2024-25_Nott'mForest_Everton,E0,2024-25,2025-04-12,Nott'm Forest,Everton,A,0,1
E0_2024-25_Southampton_AstonVilla,E0,2024-25,2025-04-12,Southampton,Aston Villa,A,0,3
E0_2024-25_Chelsea_Ipswich,E0,2024-25,2025-04-13,Chelsea,Ipswich,D,2,2
E0_2024-25_Liverpool_WestHam,E0,2024-25,2025-04-13,Liverpool,West Ham,H,2,1
E0_2024-25_Newcastle_ManUnited,E0,2024-25,2025-04-13,Newcastle,Man United,H,4,1
E0_2024-25_Wolves_Tottenham,E0,2024-25,2025-04-13,Wolves,Tottenham,H,4,2
E0_2024-25_Bournemouth_Fulham,E0,2024-25,2025-04-14,Bournemouth,Fulham,H,1,0
E0_2024-25_Newcastle_CrystalPalace,E0,2024-25,2025-04-16,Newcastle,Crystal Palace,H,5,0
E0_2024-25_AstonVilla_Newcastle,E0,2024-25,2025-04-19,Aston Villa,Newcastle,H,4,1
E0_2024-25_Brentford_Brighton,E0,2024-25,2025-04-19,Brentford,Brighton,H,4,2
E0_2024-25_CrystalPalace_Bournemouth,E0,2024-25,2025-04-19,Crystal Palace,Bournemouth,D,0,0
E0_2024-25_Everton_ManCity,E0,2024-25,2025-04-19,Everton,Man City,A,0,2
E0_2024-25_WestHam_Southampton,E0,2024-25,2025-04-19,West Ham,Southampton,D,1,1
E0_2024-25_Fulham_Chelsea,E0,2024-25,2025-04-20,Fulham,Chelsea,A,1,2
E0_2024-25_Ipswich_Arsenal,E0,2024-25,2025-04-20,Ipswich,Arsenal,A,0,4
E0_2024-25_Leicester_Liverpool,E0,2024-25,2025-04-20,Leicester,Liverpool,A,0,1
E0_2024-25_ManUnited_Wolves,E0,2024-25,2025-04-20,Man United,Wolves,A,0,1
E0_2024-25_Tottenham_Nott'mForest,E0,2024-25,2025-04-21,Tottenham,Nott'm Forest,A,1,2
E0_2024-25_ManCity_AstonVilla,E0,2024-25,2025-04-22,Man City,Aston Villa,H,2,1
E0_2024-25_Arsenal_CrystalPalace,E0,2024-25,2025-04-23,Arsenal,Crystal Palace,D,2,2
E0_2024-25_Brighton_WestHam,E0,2024-25,2025-04-26,Brighton,West Ham,H,3,2
E0_2024-25_Chelsea_Everton,E0,2024-25,2025-04-26,Chelsea,Everton,H,1,0
E0_2024-25_Newcastle_Ipswich,E0,2024-25,2025-04-26,Newcastle,Ipswich,H,3,0
E0_2024-25_Southampton_Fulham,E0,2024-25,2025-04-26,Southampton,Fulham,A,1,2
E0_2024-25_Wolves_Leicester,E0,2024-25,2025-04-26,Wolves,Leicester,H,3,0
E0_2024-25_Bournemouth_ManUnited,E0,2024-25,2025-04-27,Bournemouth,Man United,D,1,1
E0_2024-25_Liverpool_Tottenham,E0,2024-25,2025-04-27,Liverpool,Tottenham,H,5,1
E0_2024-25_Nott'mForest_Brentford,E0,2024-25,2025-05-01,Nott'm Forest,Brentford,A,0,2
E0_2024-25_ManCity_Wolves,E0,2024-25,2025-05-02,Man City,Wolves,H,1,0
E0_2024-25_Arsenal_Bournemouth,E0,2024-25,2025-05-03,Arsenal,Bournemouth,A,1,2
E0_2024-25_AstonVilla_Fulham,E0,2024-25,2025-05-03,Aston Villa,Fulham,H,1,0
E0_2024-25_Everton_Ipswich,E0,2024-25,2025-05-03,Everton,Ipswich,D,2,2
E0_2024-25_Leicester_Southampton,E0,2024-25,2025-05-03,Leicester,Southampton,H,2,0
E0_2024-25_Brentford_ManUnited,E0,2024-25,2025-05-04,Brentford,Man United,H,4,3
E0_2024-25_Brighton_Newcastle,E0,2024-25,2025-05-04,Brighton,Newcastle,D,1,1
E0_2024-25_Chelsea_Liverpool,E0,2024-25,2025-05-04,Chelsea,Liverpool,H,3,1
E0_2024-25_WestHam_Tottenham,E0,2024-25,2025-05-04,West Ham,Tottenham,D,1,1
E0_2024-25_CrystalPalace_Nott'mForest,E0,2024-25,2025-05-05,Crystal Palace,Nott'm Forest,D,1,1
E0_2024-25_Bournemouth_AstonVilla,E0,2024-25,2025-05-10,Bournemouth,Aston Villa,A,0,1
E0_2024-25_Fulham_Everton,E0,2024-25,2025-05-10,Fulham,Everton,A,1,3
E0_2024-25_Ipswich_Brentford,E0,2024-25,2025-05-10,Ipswich,Brentford,A,0,1
E0_2024-25_Southampton_ManCity,E0,2024-25,2025-05-10,Southampton,Man City,D,0,0
E0_2024-25_Wolves_Brighton,E0,2024-25,2025-05-10,Wolves,Brighton,A,0,2
E0_2024-25_Liverpool_Arsenal,E0,2024-25,2025-05-11,Liverpool,Arsenal,D,2,2
E0_2024-25_ManUnited_WestHam,E0,2024-25,2025-05-11,Man United,West Ham,A,0,2
E0_2024-25_Newcastle_Chelsea,E0,2024-25,2025-05-11,Newcastle,Chelsea,H,2,0
E0_2024-25_Nott'mForest_Leicester,E0,2024-25,2025-05-11,Nott'm Forest,Leicester,D,2,2
E0_2024-25_Tottenham_CrystalPalace,E0,2024-25,2025-05-11,Tottenham,Crystal Palace,A,0,2
E0_2024-25_AstonVilla_Tottenham,E0,2024-25,2025-05-16,Aston Villa,Tottenham,H,2,0
E0_2024-25_Chelsea_ManUnited,E0,2024-25,2025-05-16,Chelsea,Man United,H,1,0
E0_2024-25_Arsenal_Newcastle,E0,2024-25,2025-05-18,Arsenal,Newcastle,H,1,0
E0_2024-25_Brentford_Fulham,E0,2024-25,2025-05-18,Brentford,Fulham,A,2,3
E0_2024-25_Everton_Southampton,E0,2024-25,2025-05-18,Everton,Southampton,H,2,0
E0_2024-25_Leicester_Ipswich,E0,2024-25,2025-05-18,Leicester,Ipswich,H,2,0
E0_2024-25_WestHam_Nott'mForest,E0,2024-25,2025-05-18,West Ham,Nott'm Forest,A,1,2
E0_2024-25_Brighton_Liverpool,E0,2024-25,2025-05-19,Brighton,Liverpool,H,3,2
E0_2024-25_CrystalPalace_Wolves,E0,2024-25,2025-05-20,Crystal Palace,Wolves,H,4,2
E0_2024-25_ManCity_Bournemouth,E0,2024-25,2025-05-20,Man City,Bournemouth,H,3,1
E0_2024-25_Bournemouth_Leicester,E0,2024-25,2025-05-25,Bournemouth,Leicester,H,2,0
E0_2024-25_Fulham_ManCity,E0,2024-25,2025-05-25,Fulham,Man City,A,0,2
E0_2024-25_Ipswich_WestHam,E0,2024-25,2025-05-25,Ipswich,West Ham,A,1,3
E0_2024-25_Liverpool_CrystalPalace,E0,2024-25,2025-05-25,Liverpool,Crystal Palace,D,1,1
E0_2024-25_ManUnited_AstonVilla,E0,2024-25,2025-05-25,Man United,Aston Villa,H,2,0
E0_2024-25_Newcastle_Everton,E0,2024-25,2025-05-25,Newcastle,Everton,A,0,1
E0_2024-25_Nott'mForest_Chelsea,E0,2024-25,2025-05-25,Nott'm Forest,Chelsea,A,0,1
E0_2024-25_Southampton_Arsenal,E0,2024-25,2025-05-25,Southampton,Arsenal,A,1,2
E0_2024-25_Tottenham_Brighton,E0,2024-25,2025-05-25,Tottenham,Brighton,A,1,4
E0_2024-25_Wolves_Brentford,E0,2024-25,2025-05-25,Wolves,Brentford,D,1,1
SP1_2022-23_Osasuna_Sevilla,SP1,2022-23,2022-08-12,Osasuna,Sevilla,H,2,1
SP1_2022-23_Barcelona_Vallecano,SP1,2022-23,2022-08-13,Barcelona,Vallecano,D,0,0
SP1_2022-23_Celta_Espanol,SP1,2022-23,2022-08-13,Celta,Espanol,D,2,2
SP1_2022-23_Valladolid_Villarreal,SP1,2022-23,2022-08-13,Valladolid,Villarreal,A,0,3
SP1_2022-23_Almeria_RealMadrid,SP1,2022-23,2022-08-14,Almeria,Real Madrid,A,1,2
SP1_2022-23_Cadiz_Sociedad,SP1,2022-23,2022-08-14,Cadiz,Sociedad,A,0,1
SP1_2022-23_Valencia_Girona,SP1,2022-23,2022-08-14,Valencia,Girona,H,1,0
SP1_2022-23_AthBilbao_Mallorca,SP1,2022-23,2022-08-15,Ath Bilbao,Mallorca,D,0,0
SP1_2022-23_Betis_Elche,SP1,2022-23,2022-08-15,Betis,Elche,H,3,0
SP1_2022-23_Getafe_AthMadrid,SP1,2022-23,2022-08-15,Getafe,Ath Madrid,A,0,3
SP1_2022-23_Espanol_Vallecano,SP1,2022-23,2022-08-19,Espanol,Vallecano,A,0,2
SP1_2022-23_Sevilla_Valladolid,SP1,2022-23,2022-08-19,Sevilla,Valladolid,D,1,1
SP1_2022-23_Celta_RealMadrid,SP1,2022-23,2022-08-20,Celta,Real Madrid,A,1,4
SP1_2022-23_Mallorca_Betis,SP1,2022-23,2022-08-20,Mallorca,Betis,A,1,2
SP1_2022-23_Osasuna_Cadiz,SP1,2022-23,2022-08-20,Osasuna,Cadiz,H,2,0
SP1_2022-23_AthBilbao_Valencia,SP1,2022-23,2022-08-21,Ath Bilbao,Valencia,H,1,0
SP1_2022-23_AthMadrid_Villarreal,SP1,2022-23,2022-08-21,Ath Madrid,Villarreal,A,0,2
SP1_2022-23_Sociedad_Barcelona,SP1,2022-23,2022-08-21,Sociedad,Barcelona,A,1,4
SP1_2022-23_Elche_Almeria,SP1,2022-23,2022-08-22,Elche,Almeria,D,1,1
SP1_2022-23_Girona_Getafe,SP1,2022-23,2022-08-22,Girona,Getafe,H,3,1
SP1_2022-23_Betis_Osasuna,SP1,2022-23,2022-08-26,Betis,Osasuna,H,1,0
SP1_2022-23_Girona_Celta,SP1,2022-23,2022-08-26,Girona,Celta,A,0,1
SP1_2022-23_Almeria_Sevilla,SP1,2022-23,2022-08-27,Almeria,Sevilla,H,2,1
SP1_2022-23_Elche_Sociedad,SP1,2022-23,2022-08-27,Elche,Sociedad,A,0,1
SP1_2022-23_Vallecano_Mallorca,SP1,2022-23,2022-08-27,Vallecano,Mallorca,A,0,2
SP1_2022-23_Barcelona_Valladolid,SP1,2022-23,2022-08-28,Barcelona,Valladolid,H,4,0
SP1_2022-23_Espanol_RealMadrid,SP1,2022-23,2022-08-28,Espanol,Real Madrid,A,1,3
SP1_2022-23_Getafe_Villarreal,SP1,2022-23,2022-08-28,Getafe,Villarreal,D,0,0
SP1_2022-23_Cadiz_AthBilbao,SP1,2022-23,2022-08-29,Cadiz,Ath Bilbao,A,0,4
SP1_2022-23_Valencia_AthMadrid,SP1,2022-23,2022-08-29,Valencia,Ath Madrid,A,0,1
SP1_2022-23_Celta_Cadiz,SP1,2022-23,2022-09-02,Celta,Cadiz,H,3,0
SP1_2022-23_Mallorca_Girona,SP1,2022-23,2022-09-03,Mallorca,Girona,D,1,1
SP1_2022-23_RealMadrid_Betis,SP1,2022-23,2022-09-03,Real Madrid,Betis,H,2,1
SP1_2022-23_Sevilla_Barcelona,SP1,2022-23,2022-09-03,Sevilla,Barcelona,A,0,3
SP1_2022-23_Sociedad_AthMadrid,SP1,2022-23,2022-09-03,Sociedad,Ath Madrid,D,1,1
SP1_2022-23_AthBilbao_Espanol,SP1,2022-23,2022-09-04,Ath Bilbao,Espanol,A,0,1
SP1_2022-23_Osasuna_Vallecano,SP1,2022-23,2022-09-04,Osasuna,Vallecano,H,2,1
SP1_2022-23_Valencia_Getafe,SP1,2022-23,2022-09-04,Valencia,Getafe,H,5,1
SP1_2022-23_Villarreal_Elche,SP1,2022-23,2022-09-04,Villarreal,Elche,H,4,0
SP1_2022-23_Valladolid_Almeria,SP1,2022-23,2022-09-05,Valladolid,Almeria,H,1,0
SP1_2022-23_Girona_Valladolid,SP1,2022-23,2022-09-09,Girona,Valladolid,H,2,1
SP1_2022-23_AthMadrid_Celta,SP1,2022-23,2022-09-10,Ath Madrid,Celta,H,4,1
SP1_2022-23_Cadiz_Barcelona,SP1,2022-23,2022-09-10,Cadiz,Barcelona,A,0,4
SP1_2022-23_Espanol_Sevilla,SP1,2022-23,2022-09-10,Espanol,Sevilla,A,2,3
SP1_2022-23_Vallecano_Valencia,SP1,2022-23,2022-09-10,Vallecano,Valencia,H,2,1
SP1_2022-23_Betis_Villarreal,SP1,2022-23,2022-09-11,Betis,Villarreal,H,1,0
SP1_2022-23_Elche_AthBilbao,SP1,2022-23,2022-09-11,Elche,Ath Bilbao,A,1,4
SP1_2022-23_Getafe_Sociedad,SP1,2022-23,2022-09-11,Getafe,Sociedad,H,2,1
SP1_2022-23_RealMadrid_Mallorca,SP1,2022-23,2022-09-11,Real Madrid,Mallorca,H,4,1
SP1_2022-23_Almeria_Osasuna,SP1,2022-23,2022-09-12,Almeria,Osasuna,A,0,1
SP1_2022-23_Valladolid_Cadiz,SP1,2022-23,2022-09-16,Valladolid,Cadiz,A,0,1
SP1_2022-23_AthBilbao_Vallecano,SP1,2022-23,2022-09-17,Ath Bilbao,Vallecano,H,3,2
SP1_2022-23_Barcelona_Elche,SP1,2022-23,2022-09-17,Barcelona,Elche,H,3,0
SP1_2022-23_Mallorca_Almeria,SP1,2022-23,2022-09-17,Mallorca,Almeria,H,1,0
SP1_2022-23_Valencia_Celta,SP1,2022-23,2022-09-17,Valencia,Celta,H,3,0
SP1_2022-23_AthMadrid_RealMadrid,SP1,2022-23,2022-09-18,Ath Madrid,Real Madrid,A,1,2
SP1_2022-23_Betis_Girona,SP1,2022-23,2022-09-18,Betis,Girona,H,2,1
SP1_2022-23_Osasuna_Getafe,SP1,2022-23,2022-09-18,Osasuna,Getafe,A,0,2
SP1_2022-23_Sociedad_Espanol,SP1,2022-23,2022-09-18,Sociedad,Espanol,H,2,1
SP1_2022-23_Villarreal_Sevilla,SP1,2022-23,2022-09-18,Villarreal,Sevilla,D,1,1
SP1_2022-23_AthBilbao_Almeria,SP1,2022-23,2022-09-30,Ath Bilbao,Almeria,H,4,0
SP1_2022-23_Cadiz_Villarreal,SP1,2022-23,2022-10-01,Cadiz,Villarreal,D,0,0
SP1_2022-23_Getafe_Valladolid,SP1,2022-23,2022-10-01,Getafe,Valladolid,A,2,3
SP1_2022-23_Mallorca_Barcelona,SP1,2022-23,2022-10-01,Mallorca,Barcelona,A,0,1
SP1_2022-23_Sevilla_AthMadrid,SP1,2022-23,2022-10-01,Sevilla,Ath Madrid,A,0,2
SP1_2022-23_Celta_Betis,SP1,2022-23,2022-10-02,Celta,Betis,H,1,0
SP1_2022-23_Espanol_Valencia,SP1,2022-23,2022-10-02,Espanol,Valencia,D,2,2
SP1_2022-23_Girona_Sociedad,SP1,2022-23,2022-10-02,Girona,Sociedad,A,3,5
SP1_2022-23_RealMadrid_Osasuna,SP1,2022-23,2022-10-02,Real Madrid,Osasuna,D,1,1
SP1_2022-23_Vallecano_Elche,SP1,2022-23,2022-10-03,Vallecano,Elche,H,2,1
SP1_2022-23_Osasuna_Valencia,SP1,2022-23,2022-10-07,Osasuna,Valencia,A,1,2
SP1_2022-23_Almeria_Vallecano,SP1,2022-23,2022-10-08,Almeria,Vallecano,H,3,1
SP1_2022-23_AthMadrid_Girona,SP1,2022-23,2022-10-08,Ath Madrid,Girona,H,2,1
SP1_2022-23_Getafe_RealMadrid,SP1,2022-23,2022-10-08,Getafe,Real Madrid,A,0,1
SP1_2022-23_Sevilla_AthBilbao,SP1,2022-23,2022-10-08,Sevilla,Ath Bilbao,D,1,1
SP1_2022-23_Barcelona_Celta,SP1,2022-23,2022-10-09,Barcelona,Celta,H,1,0
SP1_2022-23_Cadiz_Espanol,SP1,2022-23,2022-10-09,Cadiz,Espanol,D,2,2
SP1_2022-23_Sociedad_Villarreal,SP1,2022-23,2022-10-09,Sociedad,Villarreal,H,1,0
SP1_2022-23_Valladolid_Betis,SP1,2022-23,2022-10-09,Valladolid,Betis,D,0,0
SP1_2022-23_Elche_Mallorca,SP1,2022-23,2022-10-10,Elche,Mallorca,D,1,1
SP1_2022-23_Vallecano_Getafe,SP1,2022-23,2022-10-14,Vallecano,Getafe,D,0,0
SP1_2022-23_AthBilbao_AthMadrid,SP1,2022-23,2022-10-15,Ath Bilbao,Ath Madrid,A,0,1
SP1_2022-23_Girona_Cadiz,SP1,2022-23,2022-10-15,Girona,Cadiz,D,1,1
SP1_2022-23_Mallorca_Sevilla,SP1,2022-23,2022-10-15,Mallorca,Sevilla,A,0,1
SP1_2022-23_Valencia_Elche,SP1,2022-23,2022-10-15,Valencia,Elche,D,2,2
SP1_2022-23_Betis_Almeria,SP1,2022-23,2022-10-16,Betis,Almeria,H,3,1
SP1_2022-23_Celta_Sociedad,SP1,2022-23,2022-10-16,Celta,Sociedad,A,1,2
SP1_2022-23_Espanol_Valladolid,SP1,2022-23,2022-10-16,Espanol,Valladolid,H,1,0
SP1_2022-23_RealMadrid_Barcelona,SP1,2022-23,2022-10-16,Real Madrid,Barcelona,H,3,1
SP1_2022-23_Villarreal_Osasuna,SP1,2022-23,2022-10-17,Villarreal,Osasuna,H,2,0
SP1_2022-23_AthMadrid_Vallecano,SP1,2022-23,2022-10-18,Ath Madrid,Vallecano,D,1,1
SP1_2022-23_Getafe_AthBilbao,SP1,2022-23,2022-10-18,Getafe,Ath Bilbao,D,2,2
SP1_2022-23_Sevilla_Valencia,SP1,2022-23,2022-10-18,Sevilla,Valencia,D,1,1
SP1_2022-23_Cadiz_Betis,SP1,2022-23,2022-10-19,Cadiz,Betis,D,0,0
SP1_2022-23_Elche_RealMadrid,SP1,2022-23,2022-10-19,Elche,Real Madrid,A,0,3
SP1_2022-23_Sociedad_Mallorca,SP1,2022-23,2022-10-19,Sociedad,Mallorca,H,1,0
SP1_2022-23_Valladolid_Celta,SP1,2022-23,2022-10-19,Valladolid,Celta,H,4,1
SP1_2022-23_Almeria_Girona,SP1,2022-23,2022-10-20,Almeria,Girona,H,3,2
SP1_2022-23_Barcelona_Villarreal,SP1,2022-23,2022-10-20,Barcelona,Villarreal,H,3,0
SP1_2022-23_Osasuna_Espanol,SP1,2022-23,2022-10-20,Osasuna,Espanol,H,1,0
SP1_2022-23_RealMadrid_Sevilla,SP1,2022-23,2022-10-22,Real Madrid,Sevilla,H,3,1
SP1_2022-23_Valencia_Mallorca,SP1,2022-23,2022-10-22,Valencia,Mallorca,A,1,2
SP1_2022-23_Valladolid_Sociedad,SP1,2022-23,2022-10-22,Valladolid,Sociedad,H,1,0
SP1_2022-23_Vallecano_Cadiz,SP1,2022-23,2022-10-22,Vallecano,Cadiz,H,5,1
SP1_2022-23_Barcelona_AthBilbao,SP1,2022-23,2022-10-23,Barcelona,Ath Bilbao,H,4,0
SP1_2022-23_Betis_AthMadrid,SP1,2022-23,2022-10-23,Betis,Ath Madrid,A,1,2
SP1_2022-23_Espanol_Elche,SP1,2022-23,2022-10-23,Espanol,Elche,D,2,2
SP1_2022-23_Girona_Osasuna,SP1,2022-23,2022-10-23,Girona,Osasuna,D,1,1
SP1_2022-23_Villarreal_Almeria,SP1,2022-23,2022-10-23,Villarreal,Almeria,H,2,1
SP1_2022-23_Celta_Getafe,SP1,2022-23,2022-10-24,Celta,Getafe,D,1,1
SP1_2022-23_Mallorca_Espanol,SP1,2022-23,2022-10-28,Mallorca,Espanol,D,1,1
SP1_2022-23_Almeria_Celta,SP1,2022-23,2022-10-29,Almeria,Celta,H,3,1
SP1_2022-23_Cadiz_AthMadrid,SP1,2022-23,2022-10-29,Cadiz,Ath Madrid,H,3,2
SP1_2022-23_Sevilla_Vallecano,SP1,2022-23,2022-10-29,Sevilla,Vallecano,A,0,1
SP1_2022-23_Valencia_Barcelona,SP1,2022-23,2022-10-29,Valencia,Barcelona,A,0,1
SP1_2022-23_AthBilbao_Villarreal,SP1,2022-23,2022-10-30,Ath Bilbao,Villarreal,H,1,0
SP1_2022-23_Osasuna_Valladolid,SP1,2022-23,2022-10-30,Osasuna,Valladolid,H,2,0
SP1_2022-23_RealMadrid_Girona,SP1,2022-23,2022-10-30,Real Madrid,Girona,D,1,1
SP1_2022-23_Sociedad_Betis,SP1,2022-23,2022-10-30,Sociedad,Betis,A,0,2
SP1_2022-23_Elche_Getafe,SP1,2022-23,2022-10-31,Elche,Getafe,A,0,1
SP1_2022-23_Girona_AthBilbao,SP1,2022-23,2022-11-04,Girona,Ath Bilbao,H,2,1
SP1_2022-23_Barcelona_Almeria,SP1,2022-23,2022-11-05,Barcelona,Almeria,H,2,0
SP1_2022-23_Celta_Osasuna,SP1,2022-23,2022-11-05,Celta,Osasuna,A,1,2
SP1_2022-23_Getafe_Cadiz,SP1,2022-23,2022-11-05,Getafe,Cadiz,D,0,0
SP1_2022-23_Valladolid_Elche,SP1,2022-23,2022-11-05,Valladolid,Elche,H,2,1
SP1_2022-23_AthMadrid_Espanol,SP1,2022-23,2022-11-06,Ath Madrid,Espanol,D,1,1
SP1_2022-23_Betis_Sevilla,SP1,2022-23,2022-11-06,Betis,Sevilla,D,1,1
SP1_2022-23_Sociedad_Valencia,SP1,2022-23,2022-11-06,Sociedad,Valencia,D,1,1
SP1_2022-23_Villarreal_Mallorca,SP1,2022-23,2022-11-06,Villarreal,Mallorca,A,0,2
SP1_2022-23_Vallecano_RealMadrid,SP1,2022-23,2022-11-07,Vallecano,Real Madrid,H,3,2
SP1_2022-23_AthBilbao_Valladolid,SP1,2022-23,2022-11-08,Ath Bilbao,Valladolid,H,3,0
SP1_2022-23_Elche_Girona,SP1,2022-23,2022-11-08,Elche,Girona,A,1,2
SP1_2022-23_Osasuna_Barcelona,SP1,2022-23,2022-11-08,Osasuna,Barcelona,A,1,2
SP1_2022-23_Almeria_Getafe,SP1,2022-23,2022-11-09,Almeria,Getafe,H,1,0
SP1_2022-23_Espanol_Villarreal,SP1,2022-23,2022-11-09,Espanol,Villarreal,A,0,1
SP1_2022-23_Mallorca_AthMadrid,SP1,2022-23,2022-11-09,Mallorca,Ath Madrid,H,1,0
SP1_2022-23_Sevilla_Sociedad,SP1,2022-23,2022-11-09,Sevilla,Sociedad,A,1,2
SP1_2022-23_RealMadrid_Cadiz,SP1,2022-23,2022-11-10,Real Madrid,Cadiz,H,2,1
SP1_2022-23_Valencia_Betis,SP1,2022-23,2022-11-10,Valencia,Betis,H,3,0
SP1_2022-23_Vallecano_Celta,SP1,2022-23,2022-11-10,Vallecano,Celta,D,0,0
SP1_2022-23_AthMadrid_Elche,SP1,2022-23,2022-12-29,Ath Madrid,Elche,H,2,0
SP1_2022-23_Betis_AthBilbao,SP1,2022-23,2022-12-29,Betis,Ath Bilbao,D,0,0
SP1_2022-23_Girona_Vallecano,SP1,2022-23,2022-12-29,Girona,Vallecano,D,2,2
SP1_2022-23_Cadiz_Almeria,SP1,2022-23,2022-12-30,Cadiz,Almeria,D,1,1
SP1_2022-23_Celta_Sevilla,SP1,2022-23,2022-12-30,Celta,Sevilla,D,1,1
SP1_2022-23_Getafe_Mallorca,SP1,2022-23,2022-12-30,Getafe,Mallorca,H,2,0
SP1_2022-23_Valladolid_RealMadrid,SP1,2022-23,2022-12-30,Valladolid,Real Madrid,A,0,2
SP1_2022-23_Barcelona_Espanol,SP1,2022-23,2022-12-31,Barcelona,Espanol,D,1,1
SP1_2022-23_Sociedad_Osasuna,SP1,2022-23,2022-12-31,Sociedad,Osasuna,H,2,0
SP1_2022-23_Villarreal_Valencia,SP1,2022-23,2022-12-31,Villarreal,Valencia,H,2,1
SP1_2022-23_Elche_Celta,SP1,2022-23,2023-01-06,Elche,Celta,A,0,1
SP1_2022-23_Valencia_Cadiz,SP1,2022-23,2023-01-06,Valencia,Cadiz,A,0,1
SP1_2022-23_Espanol_Girona,SP1,2022-23,2023-01-07,Espanol,Girona,D,2,2
SP1_2022-23_Mallorca_Valladolid,SP1,2022-23,2023-01-07,Mallorca,Valladolid,H,1,0
SP1_2022-23_Villarreal_RealMadrid,SP1,2022-23,2023-01-07,Villarreal,Real Madrid,H,2,1
SP1_2022-23_Almeria_Sociedad,SP1,2022-23,2023-01-08,Almeria,Sociedad,A,0,2
SP1_2022-23_AthMadrid_Barcelona,SP1,2022-23,2023-01-08,Ath Madrid,Barcelona,A,0,1
SP1_2022-23_Sevilla_Getafe,SP1,2022-23,2023-01-08,Sevilla,Getafe,H,2,1
SP1_2022-23_Vallecano_Betis,SP1,2022-23,2023-01-08,Vallecano,Betis,A,1,2
SP1_2022-23_AthBilbao_Osasuna,SP1,2022-23,2023-01-09,Ath Bilbao,Osasuna,D,0,0
SP1_2022-23_Celta_Villarreal,SP1,2022-23,2023-01-13,Celta,Villarreal,D,1,1
SP1_2022-23_Girona_Sevilla,SP1,2022-23,2023-01-14,Girona,Sevilla,H,2,1
SP1_2022-23_Osasuna_Mallorca,SP1,2022-23,2023-01-14,Osasuna,Mallorca,H,1,0
SP1_2022-23_Sociedad_AthBilbao,SP1,2022-23,2023-01-14,Sociedad,Ath Bilbao,H,3,1
SP1_2022-23_Valladolid_Vallecano,SP1,2022-23,2023-01-14,Valladolid,Vallecano,A,0,1
SP1_2022-23_Almeria_AthMadrid,SP1,2022-23,2023-01-15,Almeria,Ath Madrid,D,1,1
SP1_2022-23_Getafe_Espanol,SP1,2022-23,2023-01-15,Getafe,Espanol,A,1,2
SP1_2022-23_Cadiz_Elche,SP1,2022-23,2023-01-16,Cadiz,Elche,D,1,1
SP1_2022-23_Mallorca_Celta,SP1,2022-23,2023-01-20,Mallorca,Celta,H,1,0
SP1_2022-23_AthMadrid_Valladolid,SP1,2022-23,2023-01-21,Ath Madrid,Valladolid,H,3,0
SP1_2022-23_Espanol_Betis,SP1,2022-23,2023-01-21,Espanol,Betis,H,1,0
SP1_2022-23_Sevilla_Cadiz,SP1,2022-23,2023-01-21,Sevilla,Cadiz,H,1,0
SP1_2022-23_Vallecano_Sociedad,SP1,2022-23,2023-01-21,Vallecano,Sociedad,A,0,2
SP1_2022-23_AthBilbao_RealMadrid,SP1,2022-23,2023-01-22,Ath Bilbao,Real Madrid,A,0,2
SP1_2022-23_Barcelona_Getafe,SP1,2022-23,2023-01-22,Barcelona,Getafe,H,1,0
SP1_2022-23_Elche_Osasuna,SP1,2022-23,2023-01-22,Elche,Osasuna,D,1,1
SP1_2022-23_Villarreal_Girona,SP1,2022-23,2023-01-22,Villarreal,Girona,H,1,0
SP1_2022-23_Valencia_Almeria,SP1,2022-23,2023-01-23,Valencia,Almeria,D,2,2
SP1_2022-23_Almeria_Espanol,SP1,2022-23,2023-01-27,Almeria,Espanol,H,3,1
SP1_2022-23_Cadiz_Mallorca,SP1,2022-23,2023-01-28,Cadiz,Mallorca,H,2,0
SP1_2022-23_Getafe_Betis,SP1,2022-23,2023-01-28,Getafe,Betis,A,0,1
SP1_2022-23_Girona_Barcelona,SP1,2022-23,2023-01-28,Girona,Barcelona,A,0,1
SP1_2022-23_Sevilla_Elche,SP1,2022-23,2023-01-28,Sevilla,Elche,H,3,0
SP1_2022-23_Celta_AthBilbao,SP1,2022-23,2023-01-29,Celta,Ath Bilbao,H,1,0
SP1_2022-23_Osasuna_AthMadrid,SP1,2022-23,2023-01-29,Osasuna,Ath Madrid,A,0,1
SP1_2022-23_RealMadrid_Sociedad,SP1,2022-23,2023-01-29,Real Madrid,Sociedad,D,0,0
SP1_2022-23_Valladolid_Valencia,SP1,2022-23,2023-01-29,Valladolid,Valencia,H,1,0
SP1_2022-23_Villarreal_Vallecano,SP1,2022-23,2023-01-30,Villarreal,Vallecano,A,0,1
SP1_2022-23_Betis_Barcelona,SP1,2022-23,2023-02-01,Betis,Barcelona,A,1,2
SP1_2022-23_RealMadrid_Valencia,SP1,2022-23,2023-02-02,Real Madrid,Valencia,H,2,0
SP1_2022-23_AthBilbao_Cadiz,SP1,2022-23,2023-02-03,Ath Bilbao,Cadiz,H,4,1
SP1_2022-23_AthMadrid_Getafe,SP1,2022-23,2023-02-04,Ath Madrid,Getafe,D,1,1
SP1_2022-23_Betis_Celta,SP1,2022-23,2023-02-04,Betis,Celta,A,3,4
SP1_2022-23_Elche_Villarreal,SP1,2022-23,2023-02-04,Elche,Villarreal,H,3,1
SP1_2022-23_Espanol_Osasuna,SP1,2022-23,2023-02-04,Espanol,Osasuna,D,1,1
SP1_2022-23_Barcelona_Sevilla,SP1,2022-23,2023-02-05,Barcelona,Sevilla,H,3,0
SP1_2022-23_Girona_Valencia,SP1,2022-23,2023-02-05,Girona,Valencia,H,1,0
SP1_2022-23_Mallorca_RealMadrid,SP1,2022-23,2023-02-05,Mallorca,Real Madrid,H,1,0
SP1_2022-23_Sociedad_Valladolid,SP1,2022-23,2023-02-05,Sociedad,Valladolid,A,0,1
SP1_2022-23_Vallecano_Almeria,SP1,2022-23,2023-02-06,Vallecano,Almeria,H,2,0
SP1_2022-23_Cadiz_Girona,SP1,2022-23,2023-02-10,Cadiz,Girona,H,2,0
SP1_2022-23_Almeria_Betis,SP1,2022-23,2023-02-11,Almeria,Betis,A,2,3
SP1_2022-23_Sevilla_Mallorca,SP1,2022-23,2023-02-11,Sevilla,Mallorca,H,2,0
SP1_2022-23_Valencia_AthBilbao,SP1,2022-23,2023-02-11,Valencia,Ath Bilbao,A,1,2
SP1_2022-23_Celta_AthMadrid,SP1,2022-23,2023-02-12,Celta,Ath Madrid,A,0,1
SP1_2022-23_Getafe_Vallecano,SP1,2022-23,2023-02-12,Getafe,Vallecano,D,1,1
SP1_2022-23_Valladolid_Osasuna,SP1,2022-23,2023-02-12,Valladolid,Osasuna,D,0,0
SP1_2022-23_Villarreal_Barcelona,SP1,2022-23,2023-02-12,Villarreal,Barcelona,A,0,1
SP1_2022-23_Espanol_Sociedad,SP1,2022-23,2023-02-13,Espanol,Sociedad,A,2,3
SP1_2022-23_RealMadrid_Elche,SP1,2022-23,2023-02-15,Real Madrid,Elche,H,4,0
SP1_2022-23_Girona_Almeria,SP1,2022-23,2023-02-17,Girona,Almeria,H,6,2
SP1_2022-23_Betis_Valladolid,SP1,2022-23,2023-02-18,Betis,Valladolid,H,2,1
SP1_2022-23_Mallorca_Villarreal,SP1,2022-23,2023-02-18,Mallorca,Villarreal,H,4,2
SP1_2022-23_Osasuna_RealMadrid,SP1,2022-23,2023-02-18,Osasuna,Real Madrid,A,0,2
SP1_2022-23_Sociedad_Celta,SP1,2022-23,2023-02-18,Sociedad,Celta,D,1,1
SP1_2022-23_AthMadrid_AthBilbao,SP1,2022-23,2023-02-19,Ath Madrid,Ath Bilbao,H,1,0
SP1_2022-23_Barcelona_Cadiz,SP1,2022-23,2023-02-19,Barcelona,Cadiz,H,2,0
SP1_2022-23_Elche_Espanol,SP1,2022-23,2023-02-19,Elche,Espanol,A,0,1
SP1_2022-23_Vallecano_Sevilla,SP1,2022-23,2023-02-19,Vallecano,Sevilla,D,1,1
SP1_2022-23_Getafe_Valencia,SP1,2022-23,2023-02-20,Getafe,Valencia,H,1,0
SP1_2022-23_Elche_Betis,SP1,2022-23,2023-02-24,Elche,Betis,A,2,3
SP1_2022-23_Cadiz_Vallecano,SP1,2022-23,2023-02-25,Cadiz,Vallecano,H,1,0
SP1_2022-23_Espanol_Mallorca,SP1,2022-23,2023-02-25,Espanol,Mallorca,H,2,1
SP1_2022-23_RealMadrid_AthMadrid,SP1,2022-23,2023-02-25,Real Madrid,Ath Madrid,D,1,1
SP1_2022-23_Valencia_Sociedad,SP1,2022-23,2023-02-25,Valencia,Sociedad,H,1,0
SP1_2022-23_Almeria_Barcelona,SP1,2022-23,2023-02-26,Almeria,Barcelona,H,1,0
SP1_2022-23_AthBilbao_Girona,SP1,2022-23,2023-02-26,Ath Bilbao,Girona,A,2,3
SP1_2022-23_Celta_Valladolid,SP1,2022-23,2023-02-26,Celta,Valladolid,H,3,0
SP1_2022-23_Sevilla_Osasuna,SP1,2022-23,2023-02-26,Sevilla,Osasuna,A,2,3
SP1_2022-23_Villarreal_Getafe,SP1,2022-23,2023-02-27,Villarreal,Getafe,H,2,1
SP1_2022-23_Sociedad_Cadiz,SP1,2022-23,2023-03-03,Sociedad,Cadiz,D,0,0
SP1_2022-23_Almeria_Villarreal,SP1,2022-23,2023-03-04,Almeria,Villarreal,A,0,2
SP1_2022-23_AthMadrid_Sevilla,SP1,2022-23,2023-03-04,Ath Madrid,Sevilla,H,6,1
SP1_2022-23_Getafe_Girona,SP1,2022-23,2023-03-04,Getafe,Girona,H,3,2
SP1_2022-23_Mallorca_Elche,SP1,2022-23,2023-03-04,Mallorca,Elche,A,0,1
SP1_2022-23_Barcelona_Valencia,SP1,2022-23,2023-03-05,Barcelona,Valencia,H,1,0
SP1_2022-23_Betis_RealMadrid,SP1,2022-23,2023-03-05,Betis,Real Madrid,D,0,0
SP1_2022-23_Valladolid_Espanol,SP1,2022-23,2023-03-05,Valladolid,Espanol,H,2,1
SP1_2022-23_Vallecano_AthBilbao,SP1,2022-23,2023-03-05,Vallecano,Ath Bilbao,D,0,0
SP1_2022-23_Osasuna_Celta,SP1,2022-23,2023-03-06,Osasuna,Celta,D,0,0
SP1_2022-23_Cadiz_Getafe,SP1,2022-23,2023-03-10,Cadiz,Getafe,D,2,2
SP1_2022-23_Celta_Vallecano,SP1,2022-23,2023-03-11,Celta,Vallecano,H,3,0
SP1_2022-23_Elche_Valladolid,SP1,2022-23,2023-03-11,Elche,Valladolid,D,1,1
SP1_2022-23_RealMadrid_Espanol,SP1,2022-23,2023-03-11,Real Madrid,Espanol,H,3,1
SP1_2022-23_Valencia_Osasuna,SP1,2022-23,2023-03-11,Valencia,Osasuna,H,1,0
SP1_2022-23_AthBilbao_Barcelona,SP1,2022-23,2023-03-12,Ath Bilbao,Barcelona,A,0,1
SP1_2022-23_Mallorca_Sociedad,SP1,2022-23,2023-03-12,Mallorca,Sociedad,D,1,1
SP1_2022-23_Sevilla_Almeria,SP1,2022-23,2023-03-12,Sevilla,Almeria,H,2,1
SP1_2022-23_Villarreal_Betis,SP1,2022-23,2023-03-12,Villarreal,Betis,D,1,1
SP1_2022-23_Girona_AthMadrid,SP1,2022-23,2023-03-13,Girona,Ath Madrid,A,0,1
SP1_2022-23_Valladolid_AthBilbao,SP1,2022-23,2023-03-17,Valladolid,Ath Bilbao,A,1,3
SP1_2022-23_Almeria_Cadiz,SP1,2022-23,2023-03-18,Almeria,Cadiz,D,1,1
SP1_2022-23_AthMadrid_Valencia,SP1,2022-23,2023-03-18,Ath Madrid,Valencia,H,3,0
SP1_2022-23_Espanol_Celta,SP1,2022-23,2023-03-18,Espanol,Celta,A,1,3
SP1_2022-23_Vallecano_Girona,SP1,2022-23,2023-03-18,Vallecano,Girona,D,2,2
SP1_2022-23_Barcelona_RealMadrid,SP1,2022-23,2023-03-19,Barcelona,Real Madrid,H,2,1
SP1_2022-23_Betis_Mallorca,SP1,2022-23,2023-03-19,Betis,Mallorca,H,1,0
SP1_2022-23_Getafe_Sevilla,SP1,2022-23,2023-03-19,Getafe,Sevilla,H,2,0
SP1_2022-23_Osasuna_Villarreal,SP1,2022-23,2023-03-19,Osasuna,Villarreal,A,0,3
SP1_2022-23_Sociedad_Elche,SP1,2022-23,2023-03-19,Sociedad,Elche,H,2,0
SP1_2022-23_Mallorca_Osasuna,SP1,2022-23,2023-03-31,Mallorca,Osasuna,D,0,0
SP1_2022-23_AthBilbao_Getafe,SP1,2022-23,2023-04-01,Ath Bilbao,Getafe,D,0,0
SP1_2022-23_Cadiz_Sevilla,SP1,2022-23,2023-04-01,Cadiz,Sevilla,A,0,2
SP1_2022-23_Elche_Barcelona,SP1,2022-23,2023-04-01,Elche,Barcelona,A,0,4
SP1_2022-23_Girona_Espanol,SP1,2022-23,2023-04-01,Girona,Espanol,H,2,1
SP1_2022-23_AthMadrid_Betis,SP1,2022-23,2023-04-02,Ath Madrid,Betis,H,1,0
SP1_2022-23_Celta_Almeria,SP1,2022-23,2023-04-02,Celta,Almeria,D,2,2
SP1_2022-23_RealMadrid_Valladolid,SP1,2022-23,2023-04-02,Real Madrid,Valladolid,H,6,0
SP1_2022-23_Villarreal_Sociedad,SP1,2022-23,2023-04-02,Villarreal,Sociedad,H,2,0
SP1_2022-23_Valencia_Vallecano,SP1,2022-23,2023-04-03,Valencia,Vallecano,D,1,1
SP1_2022-23_Sevilla_Celta,SP1,2022-23,2023-04-07,Sevilla,Celta,D,2,2
SP1_2022-23_Espanol_AthBilbao,SP1,2022-23,2023-04-08,Espanol,Ath Bilbao,A,1,2
SP1_2022-23_Osasuna_Elche,SP1,2022-23,2023-04-08,Osasuna,Elche,H,2,1
SP1_2022-23_RealMadrid_Villarreal,SP1,2022-23,2023-04-08,Real Madrid,Villarreal,A,2,3
SP1_2022-23_Sociedad_Getafe,SP1,2022-23,2023-04-08,Sociedad,Getafe,H,2,0
SP1_2022-23_Almeria_Valencia,SP1,2022-23,2023-04-09,Almeria,Valencia,H,2,1
SP1_2022-23_Betis_Cadiz,SP1,2022-23,2023-04-09,Betis,Cadiz,A,0,2
SP1_2022-23_Valladolid_Mallorca,SP1,2022-23,2023-04-09,Valladolid,Mallorca,D,3,3
SP1_2022-23_Vallecano_AthMadrid,SP1,2022-23,2023-04-09,Vallecano,Ath Madrid,A,1,2
SP1_2022-23_Barcelona_Girona,SP1,2022-23,2023-04-10,Barcelona,Girona,D,0,0
SP1_2022-23_Vallecano_Osasuna,SP1,2022-23,2023-04-14,Vallecano,Osasuna,H,2,1
SP1_2022-23_AthBilbao_Sociedad,SP1,2022-23,2023-04-15,Ath Bilbao,Sociedad,H,2,0
SP1_2022-23_Betis_Espanol,SP1,2022-23,2023-04-15,Betis,Espanol,H,3,1
SP1_2022-23_Cadiz_RealMadrid,SP1,2022-23,2023-04-15,Cadiz,Real Madrid,A,0,2
SP1_2022-23_Villarreal_Valladolid,SP1,2022-23,2023-04-15,Villarreal,Valladolid,A,1,2
SP1_2022-23_AthMadrid_Almeria,SP1,2022-23,2023-04-16,Ath Madrid,Almeria,H,2,1
SP1_2022-23_Getafe_Barcelona,SP1,2022-23,2023-04-16,Getafe,Barcelona,D,0,0
SP1_2022-23_Girona_Elche,SP1,2022-23,2023-04-16,Girona,Elche,H,2,0
SP1_2022-23_Valencia_Sevilla,SP1,2022-23,2023-04-16,Valencia,Sevilla,A,0,2
SP1_2022-23_Celta_Mallorca,SP1,2022-23,2023-04-17,Celta,Mallorca,A,0,1
SP1_2022-23_Espanol_Cadiz,SP1,2022-23,2023-04-21,Espanol,Cadiz,D,0,0
SP1_2022-23_Almeria_AthBilbao,SP1,2022-23,2023-04-22,Almeria,Ath Bilbao,A,1,2
SP1_2022-23_Osasuna_Betis,SP1,2022-23,2023-04-22,Osasuna,Betis,H,3,2
SP1_2022-23_RealMadrid_Celta,SP1,2022-23,2023-04-22,Real Madrid,Celta,H,2,0
SP1_2022-23_Sociedad_Vallecano,SP1,2022-23,2023-04-22,Sociedad,Vallecano,H,2,1
SP1_2022-23_Valladolid_Girona,SP1,2022-23,2023-04-22,Valladolid,Girona,H,1,0
SP1_2022-23_Barcelona_AthMadrid,SP1,2022-23,2023-04-23,Barcelona,Ath Madrid,H,1,0
SP1_2022-23_Elche_Valencia,SP1,2022-23,2023-04-23,Elche,Valencia,A,0,2
SP1_2022-23_Mallorca_Getafe,SP1,2022-23,2023-04-23,Mallorca,Getafe,H,3,1
SP1_2022-23_Sevilla_Villarreal,SP1,2022-23,2023-04-23,Sevilla,Villarreal,H,2,1
SP1_2022-23_Betis_Sociedad,SP1,2022-23,2023-04-25,Betis,Sociedad,D,0,0
SP1_2022-23_Cadiz_Osasuna,SP1,2022-23,2023-04-25,Cadiz,Osasuna,A,0,1
SP1_2022-23_Girona_RealMadrid,SP1,2022-23,2023-04-25,Girona,Real Madrid,H,4,2
SP1_2022-23_AthMadrid_Mallorca,SP1,2022-23,2023-04-26,Ath Madrid,Mallorca,H,3,1
SP1_2022-23_Celta_Elche,SP1,2022-23,2023-04-26,Celta,Elche,H,1,0
SP1_2022-23_Getafe_Almeria,SP1,2022-23,2023-04-26,Getafe,Almeria,A,1,2
SP1_2022-23_Vallecano_Barcelona,SP1,2022-23,2023-04-26,Vallecano,Barcelona,H,2,1
SP1_2022-23_AthBilbao_Sevilla,SP1,2022-23,2023-04-27,Ath Bilbao,Sevilla,A,0,1
SP1_2022-23_Valencia_Valladolid,SP1,2022-23,2023-04-27,Valencia,Valladolid,H,2,1
SP1_2022-23_Villarreal_Espanol,SP1,2022-23,2023-04-27,Villarreal,Espanol,H,4,2
SP1_2022-23_Osasuna_Sociedad,SP1,2022-23,2023-04-28,Osasuna,Sociedad,A,0,2
SP1_2022-23_Barcelona_Betis,SP1,2022-23,2023-04-29,Barcelona,Betis,H,4,0
SP1_2022-23_Elche_Vallecano,SP1,2022-23,2023-04-29,Elche,Vallecano,H,4,0
SP1_2022-23_RealMadrid_Almeria,SP1,2022-23,2023-04-29,Real Madrid,Almeria,H,4,2
SP1_2022-23_Cadiz_Valencia,SP1,2022-23,2023-04-30,Cadiz,Valencia,H,2,1
SP1_2022-23_Espanol_Getafe,SP1,2022-23,2023-04-30,Espanol,Getafe,H,1,0
SP1_2022-23_Valladolid_AthMadrid,SP1,2022-23,2023-04-30,Valladolid,Ath Madrid,A,2,5
SP1_2022-23_Villarreal_Celta,SP1,2022-23,2023-04-30,Villarreal,Celta,H,3,1
SP1_2022-23_Mallorca_AthBilbao,SP1,2022-23,2023-05-01,Mallorca,Ath Bilbao,D,1,1
SP1_2022-23_Sevilla_Girona,SP1,2022-23,2023-05-01,Sevilla,Girona,A,0,2
SP1_2022-23_Almeria_Elche,SP1,2022-23,2023-05-02,Almeria,Elche,H,2,1
SP1_2022-23_Barcelona_Osasuna,SP1,2022-23,2023-05-02,Barcelona,Osasuna,H,1,0
SP1_2022-23_Sociedad_RealMadrid,SP1,2022-23,2023-05-02,Sociedad,Real Madrid,H,2,0
SP1_2022-23_AthMadrid_Cadiz,SP1,2022-23,2023-05-03,Ath Madrid,Cadiz,H,5,1
SP1_2022-23_Getafe_Celta,SP1,2022-23,2023-05-03,Getafe,Celta,H,1,0
SP1_2022-23_Valencia_Villarreal,SP1,2022-23,2023-05-03,Valencia,Villarreal,D,1,1
SP1_2022-23_AthBilbao_Betis,SP1,2022-23,2023-05-04,Ath Bilbao,Betis,A,0,1
SP1_2022-23_Girona_Mallorca,SP1,2022-23,2023-05-04,Girona,Mallorca,H,2,1
SP1_2022-23_Sevilla_Espanol,SP1,2022-23,2023-05-04,Sevilla,Espanol,H,3,2
SP1_2022-23_Vallecano_Valladolid,SP1,2022-23,2023-05-04,Vallecano,Valladolid,H,2,1
SP1_2022-23_Mallorca_Cadiz,SP1,2022-23,2023-05-12,Mallorca,Cadiz,H,1,0
SP1_2022-23_Osasuna_Almeria,SP1,2022-23,2023-05-13,Osasuna,Almeria,H,3,1
SP1_2022-23_RealMadrid_Getafe,SP1,2022-23,2023-05-13,Real Madrid,Getafe,H,1,0
SP1_2022-23_Sociedad_Girona,SP1,2022-23,2023-05-13,Sociedad,Girona,D,2,2
SP1_2022-23_Villarreal_AthBilbao,SP1,2022-23,2023-05-13,Villarreal,Ath Bilbao,H,5,1
SP1_2022-23_Celta_Valencia,SP1,2022-23,2023-05-14,Celta,Valencia,A,1,2
SP1_2022-23_Elche_AthMadrid,SP1,2022-23,2023-05-14,Elche,Ath Madrid,H,1,0
SP1_2022-23_Espanol_Barcelona,SP1,2022-23,2023-05-14,Espanol,Barcelona,A,2,4
SP1_2022-23_Valladolid_Sevilla,SP1,2022-23,2023-05-14,Valladolid,Sevilla,A,0,3
SP1_2022-23_Betis_Vallecano,SP1,2022-23,2023-05-15,Betis,Vallecano,H,3,1
SP1_2022-23_Cadiz_Valladolid,SP1,2022-23,2023-05-19,Cadiz,Valladolid,H,2,0
SP1_2022-23_Almeria_Mallorca,SP1,2022-23,2023-05-20,Almeria,Mallorca,H,3,0
SP1_2022-23_AthBilbao_Celta,SP1,2022-23,2023-05-20,Ath Bilbao,Celta,H,2,1
SP1_2022-23_Barcelona_Sociedad,SP1,2022-23,2023-05-20,Barcelona,Sociedad,A,1,2
SP1_2022-23_Getafe_Elche,SP1,2022-23,2023-05-20,Getafe,Elche,D,1,1
SP1_2022-23_Girona_Villarreal,SP1,2022-23,2023-05-20,Girona,Villarreal,A,1,2
SP1_2022-23_AthMadrid_Osasuna,SP1,2022-23,2023-05-21,Ath Madrid,Osasuna,H,3,0
SP1_2022-23_Sevilla_Betis,SP1,2022-23,2023-05-21,Sevilla,Betis,D,0,0
SP1_2022-23_Valencia_RealMadrid,SP1,2022-23,2023-05-21,Valencia,Real Madrid,H,1,0
SP1_2022-23_Vallecano_Espanol,SP1,2022-23,2023-05-21,Vallecano,Espanol,A,1,2
SP1_2022-23_Celta_Girona,SP1,2022-23,2023-05-23,Celta,Girona,D,1,1
SP1_2022-23_Sociedad_Almeria,SP1,2022-23,2023-05-23,Sociedad,Almeria,H,1,0
SP1_2022-23_Valladolid_Barcelona,SP1,2022-23,2023-05-23,Valladolid,Barcelona,H,3,1
SP1_2022-23_Betis_Getafe,SP1,2022-23,2023-05-24,Betis,Getafe,A,0,1
SP1_2022-23_Elche_Sevilla,SP1,2022-23,2023-05-24,Elche,Sevilla,D,1,1
SP1_2022-23_Espanol_AthMadrid,SP1,2022-23,2023-05-24,Espanol,Ath Madrid,D,3,3
SP1_2022-23_RealMadrid_Vallecano,SP1,2022-23,2023-05-24,Real Madrid,Vallecano,H,2,1
SP1_2022-23_Villarreal_Cadiz,SP1,2022-23,2023-05-24,Villarreal,Cadiz,H,2,0
SP1_2022-23_Mallorca_Valencia,SP1,2022-23,2023-05-25,Mallorca,Valencia,H,1,0
SP1_2022-23_Osasuna_AthBilbao,SP1,2022-23,2023-05-25,Osasuna,Ath Bilbao,H,2,0
SP1_2022-23_Sevilla_RealMadrid,SP1,2022-23,2023-05-27,Sevilla,Real Madrid,A,1,2
SP1_2022-23_Almeria_Valladolid,SP1,2022-23,2023-05-28,Almeria,Valladolid,D,0,0
SP1_2022-23_AthBilbao_Elche,SP1,2022-23,2023-05-28,Ath Bilbao,Elche,A,0,1
SP1_2022-23_AthMadrid_Sociedad,SP1,2022-23,2023-05-28,Ath Madrid,Sociedad,H,2,1
SP1_2022-23_Barcelona_Mallorca,SP1,2022-23,2023-05-28,Barcelona,Mallorca,H,3,0
SP1_2022-23_Cadiz_Celta,SP1,2022-23,2023-05-28,Cadiz,Celta,H,1,0
SP1_2022-23_Getafe_Osasuna,SP1,2022-23,2023-05-28,Getafe,Osasuna,H,2,1
SP1_2022-23_Girona_Betis,SP1,2022-23,2023-05-28,Girona,Betis,A,1,2
SP1_2022-23_Valencia_Espanol,SP1,2022-23,2023-05-28,Valencia,Espanol,D,2,2
SP1_2022-23_Vallecano_Villarreal,SP1,2022-23,2023-05-28,Vallecano,Villarreal,H,2,1
SP1_2022-23_Betis_Valencia,SP1,2022-23,2023-06-04,Betis,Valencia,D,1,1
SP1_2022-23_Celta_Barcelona,SP1,2022-23,2023-06-04,Celta,Barcelona,H,2,1
SP1_2022-23_Elche_Cadiz,SP1,2022-23,2023-06-04,Elche,Cadiz,D,1,1
SP1_2022-23_Espanol_Almeria,SP1,2022-23,2023-06-04,Espanol,Almeria,D,3,3
SP1_2022-23_Mallorca_Vallecano,SP1,2022-23,2023-06-04,Mallorca,Vallecano,H,3,0
SP1_2022-23_Osasuna_Girona,SP1,2022-23,2023-06-04,Osasuna,Girona,H,2,1
SP1_2022-23_RealMadrid_AthBilbao,SP1,2022-23,2023-06-04,Real Madrid,Ath Bilbao,D,1,1
SP1_2022-23_Sociedad_Sevilla,SP1,2022-23,2023-06-04,Sociedad,Sevilla,H,2,1
SP1_2022-23_Valladolid_Getafe,SP1,2022-23,2023-06-04,Valladolid,Getafe,D,0,0
SP1_2022-23_Villarreal_AthMadrid,SP1,2022-23,2023-06-04,Villarreal,Ath Madrid,D,2,2
SP1_2023-24_Almeria_Vallecano,SP1,2023-24,2023-08-11,Almeria,Vallecano,A,0,2
SP1_2023-24_Sevilla_Valencia,SP1,2023-24,2023-08-11,Sevilla,Valencia,A,1,2
SP1_2023-24_AthBilbao_RealMadrid,SP1,2023-24,2023-08-12,Ath Bilbao,Real Madrid,A,0,2
SP1_2023-24_LasPalmas_Mallorca,SP1,2023-24,2023-08-12,Las Palmas,Mallorca,D,1,1
SP1_2023-24_Sociedad_Girona,SP1,2023-24,2023-08-12,Sociedad,Girona,D,1,1
SP1_2023-24_Celta_Osasuna,SP1,2023-24,2023-08-13,Celta,Osasuna,A,0,2
SP1_2023-24_Getafe_Barcelona,SP1,2023-24,2023-08-13,Getafe,Barcelona,D,0,0
SP1_2023-24_Villarreal_Betis,SP1,2023-24,2023-08-13,Villarreal,Betis,A,1,2
SP1_2023-24_AthMadrid_Granada,SP1,2023-24,2023-08-14,Ath Madrid,Granada,H,3,1
SP1_2023-24_Cadiz_Alaves,SP1,2023-24,2023-08-14,Cadiz,Alaves,H,1,0
SP1_2023-24_Mallorca_Villarreal,SP1,2023-24,2023-08-18,Mallorca,Villarreal,A,0,1
SP1_2023-24_Valencia_LasPalmas,SP1,2023-24,2023-08-18,Valencia,Las Palmas,H,1,0
SP1_2023-24_Almeria_RealMadrid,SP1,2023-24,2023-08-19,Almeria,Real Madrid,A,1,3
SP1_2023-24_Osasuna_AthBilbao,SP1,2023-24,2023-08-19,Osasuna,Ath Bilbao,A,0,2
SP1_2023-24_Sociedad_Celta,SP1,2023-24,2023-08-19,Sociedad,Celta,D,1,1
SP1_2023-24_Barcelona_Cadiz,SP1,2023-24,2023-08-20,Barcelona,Cadiz,H,2,0
SP1_2023-24_Betis_AthMadrid,SP1,2023-24,2023-08-20,Betis,Ath Madrid,D,0,0
SP1_2023-24_Girona_Getafe,SP1,2023-24,2023-08-20,Girona,Getafe,H,3,0
SP1_2023-24_Alaves_Sevilla,SP1,2023-24,2023-08-21,Alaves,Sevilla,H,4,3
SP1_2023-24_Granada_Vallecano,SP1,2023-24,2023-08-21,Granada,Vallecano,A,0,2
SP1_2023-24_Celta_RealMadrid,SP1,2023-24,2023-08-25,Celta,Real Madrid,A,0,1
SP1_2023-24_LasPalmas_Sociedad,SP1,2023-24,2023-08-25,Las Palmas,Sociedad,D,0,0
SP1_2023-24_Cadiz_Almeria,SP1,2023-24,2023-08-26,Cadiz,Almeria,D,1,1
SP1_2023-24_Granada_Mallorca,SP1,2023-24,2023-08-26,Granada,Mallorca,H,3,2
SP1_2023-24_Sevilla_Girona,SP1,2023-24,2023-08-26,Sevilla,Girona,A,1,2
SP1_2023-24_AthBilbao_Betis,SP1,2023-24,2023-08-27,Ath Bilbao,Betis,H,4,2
SP1_2023-24_Valencia_Osasuna,SP1,2023-24,2023-08-27,Valencia,Osasuna,A,1,2
SP1_2023-24_Villarreal_Barcelona,SP1,2023-24,2023-08-27,Villarreal,Barcelona,A,3,4
SP1_2023-24_Getafe_Alaves,SP1,2023-24,2023-08-28,Getafe,Alaves,H,1,0
SP1_2023-24_Vallecano_AthMadrid,SP1,2023-24,2023-08-28,Vallecano,Ath Madrid,A,0,7
SP1_2023-24_Almeria_Celta,SP1,2023-24,2023-09-01,Almeria,Celta,A,2,3
SP1_2023-24_Cadiz_Villarreal,SP1,2023-24,2023-09-01,Cadiz,Villarreal,H,3,1
SP1_2023-24_Alaves_Valencia,SP1,2023-24,2023-09-02,Alaves,Valencia,H,1,0
SP1_2023-24_Betis_Vallecano,SP1,2023-24,2023-09-02,Betis,Vallecano,H,1,0
SP1_2023-24_RealMadrid_Getafe,SP1,2023-24,2023-09-02,Real Madrid,Getafe,H,2,1
SP1_2023-24_Sociedad_Granada,SP1,2023-24,2023-09-02,Sociedad,Granada,H,5,3
SP1_2023-24_Girona_LasPalmas,SP1,2023-24,2023-09-03,Girona,Las Palmas,H,1,0
SP1_2023-24_Mallorca_AthBilbao,SP1,2023-24,2023-09-03,Mallorca,Ath Bilbao,D,0,0
SP1_2023-24_Osasuna_Barcelona,SP1,2023-24,2023-09-03,Osasuna,Barcelona,A,1,2
SP1_2023-24_Vallecano_Alaves,SP1,2023-24,2023-09-15,Vallecano,Alaves,H,2,0
SP1_2023-24_AthBilbao_Cadiz,SP1,2023-24,2023-09-16,Ath Bilbao,Cadiz,H,3,0
SP1_2023-24_Barcelona_Betis,SP1,2023-24,2023-09-16,Barcelona,Betis,H,5,0
SP1_2023-24_Celta_Mallorca,SP1,2023-24,2023-09-16,Celta,Mallorca,A,0,1
SP1_2023-24_Valencia_AthMadrid,SP1,2023-24,2023-09-16,Valencia,Ath Madrid,H,3,0
SP1_2023-24_Getafe_Osasuna,SP1,2023-24,2023-09-17,Getafe,Osasuna,H,3,2
SP1_2023-24_RealMadrid_Sociedad,SP1,2023-24,2023-09-17,Real Madrid,Sociedad,H,2,1
SP1_2023-24_Sevilla_LasPalmas,SP1,2023-24,2023-09-17,Sevilla,Las Palmas,H,1,0
SP1_2023-24_Villarreal_Almeria,SP1,2023-24,2023-09-17,Villarreal,Almeria,H,2,1
SP1_2023-24_Granada_Girona,SP1,2023-24,2023-09-18,Granada,Girona,A,2,4
SP1_2023-24_Alaves_AthBilbao,SP1,2023-24,2023-09-22,Alaves,Ath Bilbao,A,0,2
SP1_2023-24_Almeria_Valencia,SP1,2023-24,2023-09-23,Almeria,Valencia,D,2,2
SP1_2023-24_Barcelona_Celta,SP1,2023-24,2023-09-23,Barcelona,Celta,H,3,2
SP1_2023-24_Girona_Mallorca,SP1,2023-24,2023-09-23,Girona,Mallorca,H,5,3
SP1_2023-24_Osasuna_Sevilla,SP1,2023-24,2023-09-23,Osasuna,Sevilla,D,0,0
SP1_2023-24_AthMadrid_RealMadrid,SP1,2023-24,2023-09-24,Ath Madrid,Real Madrid,H,3,1
SP1_2023-24_Betis_Cadiz,SP1,2023-24,2023-09-24,Betis,Cadiz,D,1,1
SP1_2023-24_LasPalmas_Granada,SP1,2023-24,2023-09-24,Las Palmas,Granada,H,1,0
SP1_2023-24_Sociedad_Getafe,SP1,2023-24,2023-09-24,Sociedad,Getafe,H,4,3
SP1_2023-24_Vallecano_Villarreal,SP1,2023-24,2023-09-24,Vallecano,Villarreal,D,1,1
SP1_2023-24_Mallorca_Barcelona,SP1,2023-24,2023-09-26,Mallorca,Barcelona,D,2,2
SP1_2023-24_Sevilla_Almeria,SP1,2023-24,2023-09-26,Sevilla,Almeria,H,5,1
SP1_2023-24_AthBilbao_Getafe,SP1,2023-24,2023-09-27,Ath Bilbao,Getafe,D,2,2
SP1_2023-24_Cadiz_Vallecano,SP1,2023-24,2023-09-27,Cadiz,Vallecano,D,0,0
SP1_2023-24_RealMadrid_LasPalmas,SP1,2023-24,2023-09-27,Real Madrid,Las Palmas,H,2,0
SP1_2023-24_Valencia_Sociedad,SP1,2023-24,2023-09-27,Valencia,Sociedad,A,0,1
SP1_2023-24_Villarreal_Girona,SP1,2023-24,2023-09-27,Villarreal,Girona,A,1,2
SP1_2023-24_Celta_Alaves,SP1,2023-24,2023-09-28,Celta,Alaves,D,1,1
SP1_2023-24_Granada_Betis,SP1,2023-24,2023-09-28,Granada,Betis,D,1,1
SP1_2023-24_Osasuna_AthMadrid,SP1,2023-24,2023-09-28,Osasuna,Ath Madrid,A,0,2
SP1_2023-24_Barcelona_Sevilla,SP1,2023-24,2023-09-29,Barcelona,Sevilla,H,1,0
SP1_2023-24_Getafe_Villarreal,SP1,2023-24,2023-09-30,Getafe,Villarreal,D,0,0
SP1_2023-24_Girona_RealMadrid,SP1,2023-24,2023-09-30,Girona,Real Madrid,A,0,3
SP1_2023-24_Sociedad_AthBilbao,SP1,2023-24,2023-09-30,Sociedad,Ath Bilbao,H,3,0
SP1_2023-24_Vallecano_Mallorca,SP1,2023-24,2023-09-30,Vallecano,Mallorca,D,2,2
SP1_2023-24_Alaves_Osasuna,SP1,2023-24,2023-10-01,Alaves,Osasuna,A,0,2
SP1_2023-24_Almeria_Granada,SP1,2023-24,2023-10-01,Almeria,Granada,D,3,3
SP1_2023-24_AthMadrid_Cadiz,SP1,2023-24,2023-10-01,Ath Madrid,Cadiz,H,3,2
SP1_2023-24_Betis_Valencia,SP1,2023-24,2023-10-01,Betis,Valencia,H,3,0
SP1_2023-24_LasPalmas_Celta,SP1,2023-24,2023-10-02,Las Palmas,Celta,H,2,1
SP1_2023-24_AthBilbao_Almeria,SP1,2023-24,2023-10-06,Ath Bilbao,Almeria,H,3,0
SP1_2023-24_Cadiz_Girona,SP1,2023-24,2023-10-07,Cadiz,Girona,A,0,1
SP1_2023-24_Mallorca_Valencia,SP1,2023-24,2023-10-07,Mallorca,Valencia,D,1,1
SP1_2023-24_RealMadrid_Osasuna,SP1,2023-24,2023-10-07,Real Madrid,Osasuna,H,4,0
SP1_2023-24_Sevilla_Vallecano,SP1,2023-24,2023-10-07,Sevilla,Vallecano,D,2,2
SP1_2023-24_Alaves_Betis,SP1,2023-24,2023-10-08,Alaves,Betis,D,1,1
SP1_2023-24_AthMadrid_Sociedad,SP1,2023-24,2023-10-08,Ath Madrid,Sociedad,H,2,1
SP1_2023-24_Celta_Getafe,SP1,2023-24,2023-10-08,Celta,Getafe,D,2,2
SP1_2023-24_Granada_Barcelona,SP1,2023-24,2023-10-08,Granada,Barcelona,D,2,2
SP1_2023-24_Villarreal_LasPalmas,SP1,2023-24,2023-10-08,Villarreal,Las Palmas,A,1,2
SP1_2023-24_Osasuna_Granada,SP1,2023-24,2023-10-20,Osasuna,Granada,H,2,0
SP1_2023-24_Celta_AthMadrid,SP1,2023-24,2023-10-21,Celta,Ath Madrid,A,0,3
SP1_2023-24_Getafe_Betis,SP1,2023-24,2023-10-21,Getafe,Betis,D,1,1
SP1_2023-24_Sevilla_RealMadrid,SP1,2023-24,2023-10-21,Sevilla,Real Madrid,D,1,1
SP1_2023-24_Sociedad_Mallorca,SP1,2023-24,2023-10-21,Sociedad,Mallorca,H,1,0
SP1_2023-24_Barcelona_AthBilbao,SP1,2023-24,2023-10-22,Barcelona,Ath Bilbao,H,1,0
SP1_2023-24_Girona_Almeria,SP1,2023-24,2023-10-22,Girona,Almeria,H,5,2
SP1_2023-24_LasPalmas_Vallecano,SP1,2023-24,2023-10-22,Las Palmas,Vallecano,A,0,1
SP1_2023-24_Villarreal_Alaves,SP1,2023-24,2023-10-22,Villarreal,Alaves,D,1,1
SP1_2023-24_Valencia_Cadiz,SP1,2023-24,2023-10-23,Valencia,Cadiz,H,2,0
SP1_2023-24_Girona_Celta,SP1,2023-24,2023-10-27,Girona,Celta,H,1,0
SP1_2023-24_Almeria_LasPalmas,SP1,2023-24,2023-10-28,Almeria,Las Palmas,A,1,2
SP1_2023-24_Barcelona_RealMadrid,SP1,2023-24,2023-10-28,Barcelona,Real Madrid,A,1,2
SP1_2023-24_Cadiz_Sevilla,SP1,2023-24,2023-10-28,Cadiz,Sevilla,D,2,2
SP1_2023-24_Mallorca_Getafe,SP1,2023-24,2023-10-28,Mallorca,Getafe,D,0,0
SP1_2023-24_AthBilbao_Valencia,SP1,2023-24,2023-10-29,Ath Bilbao,Valencia,D,2,2
SP1_2023-24_AthMadrid_Alaves,SP1,2023-24,2023-10-29,Ath Madrid,Alaves,H,2,1
SP1_2023-24_Betis_Osasuna,SP1,2023-24,2023-10-29,Betis,Osasuna,H,2,1
SP1_2023-24_Vallecano_Sociedad,SP1,2023-24,2023-10-29,Vallecano,Sociedad,D,2,2
SP1_2023-24_Granada_Villarreal,SP1,2023-24,2023-10-30,Granada,Villarreal,A,2,3
SP1_2023-24_LasPalmas_AthMadrid,SP1,2023-24,2023-11-03,Las Palmas,Ath Madrid,H,2,1
SP1_2023-24_Betis_Mallorca,SP1,2023-24,2023-11-04,Betis,Mallorca,H,2,0
SP1_2023-24_Celta_Sevilla,SP1,2023-24,2023-11-04,Celta,Sevilla,D,1,1
SP1_2023-24_Osasuna_Girona,SP1,2023-24,2023-11-04,Osasuna,Girona,A,2,4
SP1_2023-24_Sociedad_Barcelona,SP1,2023-24,2023-11-04,Sociedad,Barcelona,A,0,1
SP1_2023-24_Alaves_Almeria,SP1,2023-24,2023-11-05,Alaves,Almeria,H,1,0
SP1_2023-24_RealMadrid_Vallecano,SP1,2023-24,2023-11-05,Real Madrid,Vallecano,D,0,0
SP1_2023-24_Valencia_Granada,SP1,2023-24,2023-11-05,Valencia,Granada,H,1,0
SP1_2023-24_Villarreal_AthBilbao,SP1,2023-24,2023-11-05,Villarreal,Ath Bilbao,A,2,3
SP1_2023-24_Getafe_Cadiz,SP1,2023-24,2023-11-06,Getafe,Cadiz,H,1,0
SP1_2023-24_AthBilbao_Celta,SP1,2023-24,2023-11-10,Ath Bilbao,Celta,H,4,3
SP1_2023-24_Almeria_Sociedad,SP1,2023-24,2023-11-11,Almeria,Sociedad,A,1,3
SP1_2023-24_Granada_Getafe,SP1,2023-24,2023-11-11,Granada,Getafe,D,1,1
SP1_2023-24_Osasuna_LasPalmas,SP1,2023-24,2023-11-11,Osasuna,Las Palmas,D,1,1
SP1_2023-24_RealMadrid_Valencia,SP1,2023-24,2023-11-11,Real Madrid,Valencia,H,5,1
SP1_2023-24_Vallecano_Girona,SP1,2023-24,2023-11-11,Vallecano,Girona,A,1,2
SP1_2023-24_AthMadrid_Villarreal,SP1,2023-24,2023-11-12,Ath Madrid,Villarreal,H,3,1
SP1_2023-24_Barcelona_Alaves,SP1,2023-24,2023-11-12,Barcelona,Alaves,H,2,1
SP1_2023-24_Sevilla_Betis,SP1,2023-24,2023-11-12,Sevilla,Betis,D,1,1
SP1_2023-24_Alaves_Granada,SP1,2023-24,2023-11-24,Alaves,Granada,H,3,1
SP1_2023-24_AthMadrid_Mallorca,SP1,2023-24,2023-11-25,Ath Madrid,Mallorca,H,1,0
SP1_2023-24_Getafe_Almeria,SP1,2023-24,2023-11-25,Getafe,Almeria,H,2,1
SP1_2023-24_Valencia_Celta,SP1,2023-24,2023-11-25,Valencia,Celta,D,0,0
SP1_2023-24_Vallecano_Barcelona,SP1,2023-24,2023-11-25,Vallecano,Barcelona,D,1,1
SP1_2023-24_Betis_LasPalmas,SP1,2023-24,2023-11-26,Betis,Las Palmas,H,1,0
SP1_2023-24_Cadiz_RealMadrid,SP1,2023-24,2023-11-26,Cadiz,Real Madrid,A,0,3
SP1_2023-24_Sociedad_Sevilla,SP1,2023-24,2023-11-26,Sociedad,Sevilla,H,2,1
SP1_2023-24_Villarreal_Osasuna,SP1,2023-24,2023-11-26,Villarreal,Osasuna,H,3,1
SP1_2023-24_Girona_AthBilbao,SP1,2023-24,2023-11-27,Girona,Ath Bilbao,D,1,1
SP1_2023-24_Mallorca_Cadiz,SP1,2023-24,2023-11-29,Mallorca,Cadiz,D,1,1
SP1_2023-24_LasPalmas_Getafe,SP1,2023-24,2023-12-01,Las Palmas,Getafe,H,2,0
SP1_2023-24_AthBilbao_Vallecano,SP1,2023-24,2023-12-02,Ath Bilbao,Vallecano,H,4,0
SP1_2023-24_Girona_Valencia,SP1,2023-24,2023-12-02,Girona,Valencia,H,2,1
SP1_2023-24_Osasuna_Sociedad,SP1,2023-24,2023-12-02,Osasuna,Sociedad,D,1,1
SP1_2023-24_RealMadrid_Granada,SP1,2023-24,2023-12-02,Real Madrid,Granada,H,2,0
SP1_2023-24_Almeria_Betis,SP1,2023-24,2023-12-03,Almeria,Betis,D,0,0
SP1_2023-24_Barcelona_AthMadrid,SP1,2023-24,2023-12-03,Barcelona,Ath Madrid,H,1,0
SP1_2023-24_Mallorca_Alaves,SP1,2023-24,2023-12-03,Mallorca,Alaves,D,0,0
SP1_2023-24_Sevilla_Villarreal,SP1,2023-24,2023-12-03,Sevilla,Villarreal,D,1,1
SP1_2023-24_Celta_Cadiz,SP1,2023-24,2023-12-04,Celta,Cadiz,D,1,1
SP1_2023-24_Getafe_Valencia,SP1,2023-24,2023-12-08,Getafe,Valencia,H,1,0
SP1_2023-24_Alaves_LasPalmas,SP1,2023-24,2023-12-09,Alaves,Las Palmas,A,0,1
SP1_2023-24_Betis_RealMadrid,SP1,2023-24,2023-12-09,Betis,Real Madrid,D,1,1
SP1_2023-24_Mallorca_Sevilla,SP1,2023-24,2023-12-09,Mallorca,Sevilla,H,1,0
SP1_2023-24_Villarreal_Sociedad,SP1,2023-24,2023-12-09,Villarreal,Sociedad,A,0,3
SP1_2023-24_AthMadrid_Almeria,SP1,2023-24,2023-12-10,Ath Madrid,Almeria,H,2,1
SP1_2023-24_Barcelona_Girona,SP1,2023-24,2023-12-10,Barcelona,Girona,A,2,4
SP1_2023-24_Cadiz_Osasuna,SP1,2023-24,2023-12-10,Cadiz,Osasuna,D,1,1
SP1_2023-24_Granada_AthBilbao,SP1,2023-24,2023-12-11,Granada,Ath Bilbao,D,1,1
SP1_2023-24_Vallecano_Celta,SP1,2023-24,2023-12-11,Vallecano,Celta,D,0,0
SP1_2023-24_Osasuna_Vallecano,SP1,2023-24,2023-12-15,Osasuna,Vallecano,H,1,0
SP1_2023-24_AthBilbao_AthMadrid,SP1,2023-24,2023-12-16,Ath Bilbao,Ath Madrid,H,2,0
SP1_2023-24_Celta_Granada,SP1,2023-24,2023-12-16,Celta,Granada,H,1,0
SP1_2023-24_Sevilla_Getafe,SP1,2023-24,2023-12-16,Sevilla,Getafe,A,0,3
SP1_2023-24_Valencia_Barcelona,SP1,2023-24,2023-12-16,Valencia,Barcelona,D,1,1
SP1_2023-24_Almeria_Mallorca,SP1,2023-24,2023-12-17,Almeria,Mallorca,D,0,0
SP1_2023-24_LasPalmas_Cadiz,SP1,2023-24,2023-12-17,Las Palmas,Cadiz,D,1,1
SP1_2023-24_RealMadrid_Villarreal,SP1,2023-24,2023-12-17,Real Madrid,Villarreal,H,4,1
SP1_2023-24_Sociedad_Betis,SP1,2023-24,2023-12-17,Sociedad,Betis,D,0,0
SP1_2023-24_Girona_Alaves,SP1,2023-24,2023-12-18,Girona,Alaves,H,3,0
SP1_2023-24_AthMadrid_Getafe,SP1,2023-24,2023-12-19,Ath Madrid,Getafe,D,3,3
SP1_2023-24_Granada_Sevilla,SP1,2023-24,2023-12-19,Granada,Sevilla,A,0,3
SP1_2023-24_Vallecano_Valencia,SP1,2023-24,2023-12-19,Vallecano,Valencia,A,0,1
SP1_2023-24_AthBilbao_LasPalmas,SP1,2023-24,2023-12-20,Ath Bilbao,Las Palmas,H,1,0
SP1_2023-24_Barcelona_Almeria,SP1,2023-24,2023-12-20,Barcelona,Almeria,H,3,2
SP1_2023-24_Villarreal_Celta,SP1,2023-24,2023-12-20,Villarreal,Celta,H,3,2
SP1_2023-24_Alaves_RealMadrid,SP1,2023-24,2023-12-21,Alaves,Real Madrid,A,0,1
SP1_2023-24_Betis_Girona,SP1,2023-24,2023-12-21,Betis,Girona,D,1,1
SP1_2023-24_Cadiz_Sociedad,SP1,2023-24,2023-12-21,Cadiz,Sociedad,D,0,0
SP1_2023-24_Mallorca_Osasuna,SP1,2023-24,2023-12-21,Mallorca,Osasuna,H,3,2
SP1_2023-24_AthMadrid_Sevilla,SP1,2023-24,2023-12-23,Ath Madrid,Sevilla,H,1,0
SP1_2023-24_Getafe_Vallecano,SP1,2023-24,2024-01-02,Getafe,Vallecano,A,0,2
SP1_2023-24_Sociedad_Alaves,SP1,2023-24,2024-01-02,Sociedad,Alaves,D,1,1
SP1_2023-24_Valencia_Villarreal,SP1,2023-24,2024-01-02,Valencia,Villarreal,H,3,1
SP1_2023-24_Celta_Betis,SP1,2023-24,2024-01-03,Celta,Betis,H,2,1
SP1_2023-24_Girona_AthMadrid,SP1,2023-24,2024-01-03,Girona,Ath Madrid,H,4,3
SP1_2023-24_Granada_Cadiz,SP1,2023-24,2024-01-03,Granada,Cadiz,H,2,0
SP1_2023-24_RealMadrid_Mallorca,SP1,2023-24,2024-01-03,Real Madrid,Mallorca,H,1,0
SP1_2023-24_LasPalmas_Barcelona,SP1,2023-24,2024-01-04,Las Palmas,Barcelona,A,1,2
SP1_2023-24_Osasuna_Almeria,SP1,2023-24,2024-01-04,Osasuna,Almeria,H,1,0
SP1_2023-24_Sevilla_AthBilbao,SP1,2023-24,2024-01-04,Sevilla,Ath Bilbao,A,0,2
SP1_2023-24_Sevilla_Alaves,SP1,2023-24,2024-01-12,Sevilla,Alaves,A,2,3
SP1_2023-24_AthBilbao_Sociedad,SP1,2023-24,2024-01-13,Ath Bilbao,Sociedad,H,2,1
SP1_2023-24_Betis_Granada,SP1,2023-24,2024-01-13,Betis,Granada,H,1,0
SP1_2023-24_LasPalmas_Villarreal,SP1,2023-24,2024-01-13,Las Palmas,Villarreal,H,3,0
SP1_2023-24_Mallorca_Celta,SP1,2023-24,2024-01-13,Mallorca,Celta,D,1,1
SP1_2023-24_Almeria_Girona,SP1,2023-24,2024-01-14,Almeria,Girona,D,0,0
SP1_2023-24_Cadiz_Valencia,SP1,2023-24,2024-01-14,Cadiz,Valencia,A,1,4
SP1_2023-24_Alaves_Cadiz,SP1,2023-24,2024-01-19,Alaves,Cadiz,H,1,0
SP1_2023-24_Celta_Sociedad,SP1,2023-24,2024-01-20,Celta,Sociedad,A,0,1
SP1_2023-24_Valencia_AthBilbao,SP1,2023-24,2024-01-20,Valencia,Ath Bilbao,H,1,0
SP1_2023-24_Vallecano_LasPalmas,SP1,2023-24,2024-01-20,Vallecano,Las Palmas,A,0,2
SP1_2023-24_Villarreal_Mallorca,SP1,2023-24,2024-01-20,Villarreal,Mallorca,D,1,1
SP1_2023-24_Betis_Barcelona,SP1,2023-24,2024-01-21,Betis,Barcelona,A,2,4
SP1_2023-24_Girona_Sevilla,SP1,2023-24,2024-01-21,Girona,Sevilla,H,5,1
SP1_2023-24_Osasuna_Getafe,SP1,2023-24,2024-01-21,Osasuna,Getafe,H,3,2
SP1_2023-24_RealMadrid_Almeria,SP1,2023-24,2024-01-21,Real Madrid,Almeria,H,3,2
SP1_2023-24_Granada_AthMadrid,SP1,2023-24,2024-01-22,Granada,Ath Madrid,A,0,1
SP1_2023-24_Almeria_Alaves,SP1,2023-24,2024-01-26,Almeria,Alaves,A,0,3
SP1_2023-24_Barcelona_Villarreal,SP1,2023-24,2024-01-27,Barcelona,Villarreal,A,3,5
SP1_2023-24_LasPalmas_RealMadrid,SP1,2023-24,2024-01-27,Las Palmas,Real Madrid,A,1,2
SP1_2023-24_Mallorca_Betis,SP1,2023-24,2024-01-27,Mallorca,Betis,A,0,1
SP1_2023-24_Sociedad_Vallecano,SP1,2023-24,2024-01-27,Sociedad,Vallecano,D,0,0
SP1_2023-24_AthMadrid_Valencia,SP1,2023-24,2024-01-28,Ath Madrid,Valencia,H,2,0
SP1_2023-24_Cadiz_AthBilbao,SP1,2023-24,2024-01-28,Cadiz,Ath Bilbao,D,0,0
SP1_2023-24_Celta_Girona,SP1,2023-24,2024-01-28,Celta,Girona,A,0,1
SP1_2023-24_Sevilla_Osasuna,SP1,2023-24,2024-01-28,Sevilla,Osasuna,D,1,1
SP1_2023-24_Getafe_Granada,SP1,2023-24,2024-01-29,Getafe,Granada,H,2,0
SP1_2023-24_AthMadrid_Vallecano,SP1,2023-24,2024-01-31,Ath Madrid,Vallecano,H,2,1
SP1_2023-24_Barcelona_Osasuna,SP1,2023-24,2024-01-31,Barcelona,Osasuna,H,1,0
SP1_2023-24_Getafe_RealMadrid,SP1,2023-24,2024-02-01,Getafe,Real Madrid,A,0,2
SP1_2023-24_AthBilbao_Mallorca,SP1,2023-24,2024-02-02,Ath Bilbao,Mallorca,H,4,0
SP1_2023-24_Alaves_Barcelona,SP1,2023-24,2024-02-03,Alaves,Barcelona,A,1,3
SP1_2023-24_Girona_Sociedad,SP1,2023-24,2024-02-03,Girona,Sociedad,D,0,0
SP1_2023-24_Granada_LasPalmas,SP1,2023-24,2024-02-03,Granada,Las Palmas,D,1,1
SP1_2023-24_Valencia_Almeria,SP1,2023-24,2024-02-03,Valencia,Almeria,H,2,1
SP1_2023-24_Betis_Getafe,SP1,2023-24,2024-02-04,Betis,Getafe,D,1,1
SP1_2023-24_Osasuna_Celta,SP1,2023-24,2024-02-04,Osasuna,Celta,A,0,3
SP1_2023-24_RealMadrid_AthMadrid,SP1,2023-24,2024-02-04,Real Madrid,Ath Madrid,D,1,1
SP1_2023-24_Villarreal_Cadiz,SP1,2023-24,2024-02-04,Villarreal,Cadiz,D,0,0
SP1_2023-24_Vallecano_Sevilla,SP1,2023-24,2024-02-05,Vallecano,Sevilla,A,1,2
SP1_2023-24_Cadiz_Betis,SP1,2023-24,2024-02-09,Cadiz,Betis,A,0,2
SP1_2023-24_Alaves_Villarreal,SP1,2023-24,2024-02-10,Alaves,Villarreal,D,1,1
SP1_2023-24_LasPalmas_Valencia,SP1,2023-24,2024-02-10,Las Palmas,Valencia,H,2,0
SP1_2023-24_RealMadrid_Girona,SP1,2023-24,2024-02-10,Real Madrid,Girona,H,4,0
SP1_2023-24_Sociedad_Osasuna,SP1,2023-24,2024-02-10,Sociedad,Osasuna,A,0,1
SP1_2023-24_Barcelona_Granada,SP1,2023-24,2024-02-11,Barcelona,Granada,D,3,3
SP1_2023-24_Getafe_Celta,SP1,2023-24,2024-02-11,Getafe,Celta,H,3,2
SP1_2023-24_Mallorca_Vallecano,SP1,2023-24,2024-02-11,Mallorca,Vallecano,H,2,1
SP1_2023-24_Sevilla_AthMadrid,SP1,2023-24,2024-02-11,Sevilla,Ath Madrid,H,1,0
SP1_2023-24_Almeria_AthBilbao,SP1,2023-24,2024-02-12,Almeria,Ath Bilbao,D,0,0
SP1_2023-24_Villarreal_Getafe,SP1,2023-24,2024-02-16,Villarreal,Getafe,D,1,1
SP1_2023-24_AthMadrid_LasPalmas,SP1,2023-24,2024-02-17,Ath Madrid,Las Palmas,H,5,0
SP1_2023-24_Celta_Barcelona,SP1,2023-24,2024-02-17,Celta,Barcelona,A,1,2
SP1_2023-24_Osasuna_Cadiz,SP1,2023-24,2024-02-17,Osasuna,Cadiz,H,2,0
SP1_2023-24_Valencia_Sevilla,SP1,2023-24,2024-02-17,Valencia,Sevilla,D,0,0
SP1_2023-24_Betis_Alaves,SP1,2023-24,2024-02-18,Betis,Alaves,D,0,0
SP1_2023-24_Granada_Almeria,SP1,2023-24,2024-02-18,Granada,Almeria,D,1,1
SP1_2023-24_Mallorca_Sociedad,SP1,2023-24,2024-02-18,Mallorca,Sociedad,A,1,2
SP1_2023-24_Vallecano_RealMadrid,SP1,2023-24,2024-02-18,Vallecano,Real Madrid,D,1,1
SP1_2023-24_AthBilbao_Girona,SP1,2023-24,2024-02-19,Ath Bilbao,Girona,H,3,2
SP1_2023-24_Sociedad_Villarreal,SP1,2023-24,2024-02-23,Sociedad,Villarreal,A,1,3
SP1_2023-24_Alaves_Mallorca,SP1,2023-24,2024-02-24,Alaves,Mallorca,D,1,1
SP1_2023-24_Almeria_AthMadrid,SP1,2023-24,2024-02-24,Almeria,Ath Madrid,D,2,2
SP1_2023-24_Barcelona_Getafe,SP1,2023-24,2024-02-24,Barcelona,Getafe,H,4,0
SP1_2023-24_Betis_AthBilbao,SP1,2023-24,2024-02-25,Betis,Ath Bilbao,H,3,1
SP1_2023-24_Cadiz_Celta,SP1,2023-24,2024-02-25,Cadiz,Celta,D,2,2
SP1_2023-24_LasPalmas_Osasuna,SP1,2023-24,2024-02-25,Las Palmas,Osasuna,D,1,1
SP1_2023-24_RealMadrid_Sevilla,SP1,2023-24,2024-02-25,Real Madrid,Sevilla,H,1,0
SP1_2023-24_Girona_Vallecano,SP1,2023-24,2024-02-26,Girona,Vallecano,H,3,0
SP1_2023-24_Celta_Almeria,SP1,2023-24,2024-03-01,Celta,Almeria,H,1,0
SP1_2023-24_Getafe_LasPalmas,SP1,2023-24,2024-03-02,Getafe,Las Palmas,D,3,3
SP1_2023-24_Sevilla_Sociedad,SP1,2023-24,2024-03-02,Sevilla,Sociedad,H,3,2
SP1_2023-24_Valencia_RealMadrid,SP1,2023-24,2024-03-02,Valencia,Real Madrid,D,2,2
SP1_2023-24_Vallecano_Cadiz,SP1,2023-24,2024-03-02,Vallecano,Cadiz,D,1,1
SP1_2023-24_AthBilbao_Barcelona,SP1,2023-24,2024-03-03,Ath Bilbao,Barcelona,D,0,0
SP1_2023-24_AthMadrid_Betis,SP1,2023-24,2024-03-03,Ath Madrid,Betis,H,2,1
SP1_2023-24_Mallorca_Girona,SP1,2023-24,2024-03-03,Mallorca,Girona,H,1,0
SP1_2023-24_Villarreal_Granada,SP1,2023-24,2024-03-03,Villarreal,Granada,H,5,1
SP1_2023-24_Osasuna_Alaves,SP1,2023-24,2024-03-04,Osasuna,Alaves,H,1,0
SP1_2023-24_Barcelona_Mallorca,SP1,2023-24,2024-03-08,Barcelona,Mallorca,H,1,0
SP1_2023-24_Cadiz_AthMadrid,SP1,2023-24,2024-03-09,Cadiz,Ath Madrid,H,2,0
SP1_2023-24_Girona_Osasuna,SP1,2023-24,2024-03-09,Girona,Osasuna,H,2,0
SP1_2023-24_Granada_Sociedad,SP1,2023-24,2024-03-09,Granada,Sociedad,A,2,3
SP1_2023-24_Valencia_Getafe,SP1,2023-24,2024-03-09,Valencia,Getafe,H,1,0
SP1_2023-24_Alaves_Vallecano,SP1,2023-24,2024-03-10,Alaves,Vallecano,H,1,0
SP1_2023-24_Betis_Villarreal,SP1,2023-24,2024-03-10,Betis,Villarreal,A,2,3
SP1_2023-24_LasPalmas_AthBilbao,SP1,2023-24,2024-03-10,Las Palmas,Ath Bilbao,A,0,2
SP1_2023-24_RealMadrid_Celta,SP1,2023-24,2024-03-10,Real Madrid,Celta,H,4,0
SP1_2023-24_Almeria_Sevilla,SP1,2023-24,2024-03-11,Almeria,Sevilla,D,2,2
SP1_2023-24_Sociedad_Cadiz,SP1,2023-24,2024-03-15,Sociedad,Cadiz,H,2,0
SP1_2023-24_AthBilbao_Alaves,SP1,2023-24,2024-03-16,Ath Bilbao,Alaves,H,2,0
SP1_2023-24_Getafe_Girona,SP1,2023-24,2024-03-16,Getafe,Girona,H,1,0
SP1_2023-24_Mallorca_Granada,SP1,2023-24,2024-03-16,Mallorca,Granada,H,1,0
SP1_2023-24_Osasuna_RealMadrid,SP1,2023-24,2024-03-16,Osasuna,Real Madrid,A,2,4
SP1_2023-24_AthMadrid_Barcelona,SP1,2023-24,2024-03-17,Ath Madrid,Barcelona,A,0,3
SP1_2023-24_LasPalmas_Almeria,SP1,2023-24,2024-03-17,Las Palmas,Almeria,A,0,1
SP1_2023-24_Sevilla_Celta,SP1,2023-24,2024-03-17,Sevilla,Celta,A,1,2
SP1_2023-24_Vallecano_Betis,SP1,2023-24,2024-03-17,Vallecano,Betis,H,2,0
SP1_2023-24_Villarreal_Valencia,SP1,2023-24,2024-03-17,Villarreal,Valencia,H,1,0
SP1_2023-24_Cadiz_Granada,SP1,2023-24,2024-03-29,Cadiz,Granada,H,1,0
SP1_2023-24_Almeria_Osasuna,SP1,2023-24,2024-03-30,Almeria,Osasuna,A,0,3
SP1_2023-24_Barcelona_LasPalmas,SP1,2023-24,2024-03-30,Barcelona,Las Palmas,H,1,0
SP1_2023-24_Getafe_Sevilla,SP1,2023-24,2024-03-30,Getafe,Sevilla,A,0,1
SP1_2023-24_Valencia_Mallorca,SP1,2023-24,2024-03-30,Valencia,Mallorca,D,0,0
SP1_2023-24_Alaves_Sociedad,SP1,2023-24,2024-03-31,Alaves,Sociedad,A,0,1
SP1_2023-24_Celta_Vallecano,SP1,2023-24,2024-03-31,Celta,Vallecano,D,0,0
SP1_2023-24_Girona_Betis,SP1,2023-24,2024-03-31,Girona,Betis,H,3,2
SP1_2023-24_RealMadrid_AthBilbao,SP1,2023-24,2024-03-31,Real Madrid,Ath Bilbao,H,2,0
SP1_2023-24_Villarreal_AthMadrid,SP1,2023-24,2024-04-01,Villarreal,Ath Madrid,A,1,2
SP1_2023-24_Granada_Valencia,SP1,2023-24,2024-04-04,Granada,Valencia,A,0,1
SP1_2023-24_Betis_Celta,SP1,2023-24,2024-04-12,Betis,Celta,H,2,1
SP1_2023-24_AthMadrid_Girona,SP1,2023-24,2024-04-13,Ath Madrid,Girona,H,3,1
SP1_2023-24_Cadiz_Barcelona,SP1,2023-24,2024-04-13,Cadiz,Barcelona,A,0,1
SP1_2023-24_Mallorca_RealMadrid,SP1,2023-24,2024-04-13,Mallorca,Real Madrid,A,0,1
SP1_2023-24_Vallecano_Getafe,SP1,2023-24,2024-04-13,Vallecano,Getafe,D,0,0
SP1_2023-24_AthBilbao_Villarreal,SP1,2023-24,2024-04-14,Ath Bilbao,Villarreal,D,1,1
SP1_2023-24_Granada_Alaves,SP1,2023-24,2024-04-14,Granada,Alaves,H,2,0
SP1_2023-24_LasPalmas_Sevilla,SP1,2023-24,2024-04-14,Las Palmas,Sevilla,A,0,2
SP1_2023-24_Sociedad_Almeria,SP1,2023-24,2024-04-14,Sociedad,Almeria,D,2,2
SP1_2023-24_Osasuna_Valencia,SP1,2023-24,2024-04-15,Osasuna,Valencia,A,0,1
SP1_2023-24_AthBilbao_Granada,SP1,2023-24,2024-04-19,Ath Bilbao,Granada,D,1,1
SP1_2023-24_Celta_LasPalmas,SP1,2023-24,2024-04-20,Celta,Las Palmas,H,4,1
SP1_2023-24_Girona_Cadiz,SP1,2023-24,2024-04-20,Girona,Cadiz,H,4,1
SP1_2023-24_Valencia_Betis,SP1,2023-24,2024-04-20,Valencia,Betis,A,1,2
SP1_2023-24_Vallecano_Osasuna,SP1,2023-24,2024-04-20,Vallecano,Osasuna,H,2,1
SP1_2023-24_Alaves_AthMadrid,SP1,2023-24,2024-04-21,Alaves,Ath Madrid,H,2,0
SP1_2023-24_Almeria_Villarreal,SP1,2023-24,2024-04-21,Almeria,Villarreal,A,1,2
SP1_2023-24_Getafe_Sociedad,SP1,2023-24,2024-04-21,Getafe,Sociedad,D,1,1
SP1_2023-24_RealMadrid_Barcelona,SP1,2023-24,2024-04-21,Real Madrid,Barcelona,H,3,2
SP1_2023-24_Sevilla_Mallorca,SP1,2023-24,2024-04-22,Sevilla,Mallorca,H,2,1
SP1_2023-24_Sociedad_RealMadrid,SP1,2023-24,2024-04-26,Sociedad,Real Madrid,A,0,1
SP1_2023-24_Alaves_Celta,SP1,2023-24,2024-04-27,Alaves,Celta,H,3,0
SP1_2023-24_Almeria_Getafe,SP1,2023-24,2024-04-27,Almeria,Getafe,A,1,3
SP1_2023-24_AthMadrid_AthBilbao,SP1,2023-24,2024-04-27,Ath Madrid,Ath Bilbao,H,3,1
SP1_2023-24_LasPalmas_Girona,SP1,2023-24,2024-04-27,Las Palmas,Girona,A,0,2
SP1_2023-24_Betis_Sevilla,SP1,2023-24,2024-04-28,Betis,Sevilla,D,1,1
SP1_2023-24_Cadiz_Mallorca,SP1,2023-24,2024-04-28,Cadiz,Mallorca,D,1,1
SP1_2023-24_Granada_Osasuna,SP1,2023-24,2024-04-28,Granada,Osasuna,H,3,0
SP1_2023-24_Villarreal_Vallecano,SP1,2023-24,2024-04-28,Villarreal,Vallecano,H,3,0
SP1_2023-24_Barcelona_Valencia,SP1,2023-24,2024-04-29,Barcelona,Valencia,H,4,2
SP1_2023-24_Getafe_AthBilbao,SP1,2023-24,2024-05-03,Getafe,Ath Bilbao,A,0,2
SP1_2023-24_Girona_Barcelona,SP1,2023-24,2024-05-04,Girona,Barcelona,H,4,2
SP1_2023-24_Mallorca_AthMadrid,SP1,2023-24,2024-05-04,Mallorca,Ath Madrid,A,0,1
SP1_2023-24_RealMadrid_Cadiz,SP1,2023-24,2024-05-04,Real Madrid,Cadiz,H,3,0
SP1_2023-24_Sociedad_LasPalmas,SP1,2023-24,2024-05-04,Sociedad,Las Palmas,H,2,0
SP1_2023-24_Celta_Villarreal,SP1,2023-24,2024-05-05,Celta,Villarreal,H,3,2
SP1_2023-24_Osasuna_Betis,SP1,2023-24,2024-05-05,Osasuna,Betis,A,0,2
SP1_2023-24_Sevilla_Granada,SP1,2023-24,2024-05-05,Sevilla,Granada,H,3,0
SP1_2023-24_Valencia_Alaves,SP1,2023-24,2024-05-05,Valencia,Alaves,A,0,1
SP1_2023-24_Vallecano_Almeria,SP1,2023-24,2024-05-05,Vallecano,Almeria,A,0,1
SP1_2023-24_Alaves_Girona,SP1,2023-24,2024-05-10,Alaves,Girona,D,2,2
SP1_2023-24_AthBilbao_Osasuna,SP1,2023-24,2024-05-11,Ath Bilbao,Osasuna,D,2,2
SP1_2023-24_Granada_RealMadrid,SP1,2023-24,2024-05-11,Granada,Real Madrid,A,0,4
SP1_2023-24_Mallorca_LasPalmas,SP1,2023-24,2024-05-11,Mallorca,Las Palmas,H,1,0
SP1_2023-24_Villarreal_Sevilla,SP1,2023-24,2024-05-11,Villarreal,Sevilla,H,3,2
SP1_2023-24_AthMadrid_Celta,SP1,2023-24,2024-05-12,Ath Madrid,Celta,H,1,0
SP1_2023-24_Betis_Almeria,SP1,2023-24,2024-05-12,Betis,Almeria,H,3,2
SP1_2023-24_Cadiz_Getafe,SP1,2023-24,2024-05-12,Cadiz,Getafe,H,1,0
SP1_2023-24_Valencia_Vallecano,SP1,2023-24,2024-05-12,Valencia,Vallecano,D,0,0
SP1_2023-24_Barcelona_Sociedad,SP1,2023-24,2024-05-13,Barcelona,Sociedad,H,2,0
SP1_2023-24_Girona_Villarreal,SP1,2023-24,2024-05-14,Girona,Villarreal,A,0,1
SP1_2023-24_Osasuna_Mallorca,SP1,2023-24,2024-05-14,Osasuna,Mallorca,D,1,1
SP1_2023-24_RealMadrid_Alaves,SP1,2023-24,2024-05-14,Real Madrid,Alaves,H,5,0
SP1_2023-24_Celta_AthBilbao,SP1,2023-24,2024-05-15,Celta,Ath Bilbao,H,2,1
SP1_2023-24_Getafe_AthMadrid,SP1,2023-24,2024-05-15,Getafe,Ath Madrid,A,0,3
SP1_2023-24_Sevilla_Cadiz,SP1,2023-24,2024-05-15,Sevilla,Cadiz,A,0,1
SP1_2023-24_Vallecano_Granada,SP1,2023-24,2024-05-15,Vallecano,Granada,H,2,1
SP1_2023-24_Almeria_Barcelona,SP1,2023-24,2024-05-16,Almeria,Barcelona,A,0,2
SP1_2023-24_LasPalmas_Betis,SP1,2023-24,2024-05-16,Las Palmas,Betis,D,2,2
SP1_2023-24_Sociedad_Valencia,SP1,2023-24,2024-05-16,Sociedad,Valencia,H,1,0
SP1_2023-24_Alaves_Getafe,SP1,2023-24,2024-05-18,Alaves,Getafe,H,1,0
SP1_2023-24_AthBilbao_Sevilla,SP1,2023-24,2024-05-19,Ath Bilbao,Sevilla,H,2,0
SP1_2023-24_AthMadrid_Osasuna,SP1,2023-24,2024-05-19,Ath Madrid,Osasuna,A,1,4
SP1_2023-24_Barcelona_Vallecano,SP1,2023-24,2024-05-19,Barcelona,Vallecano,H,3,0
SP1_2023-24_Betis_Sociedad,SP1,2023-24,2024-05-19,Betis,Sociedad,A,0,2
SP1_2023-24_Cadiz_LasPalmas,SP1,2023-24,2024-05-19,Cadiz,Las Palmas,D,0,0
SP1_2023-24_Granada_Celta,SP1,2023-24,2024-05-19,Granada,Celta,A,1,2
SP1_2023-24_Mallorca_Almeria,SP1,2023-24,2024-05-19,Mallorca,Almeria,D,2,2
SP1_2023-24_Valencia_Girona,SP1,2023-24,2024-05-19,Valencia,Girona,A,1,3
SP1_2023-24_Villarreal_RealMadrid,SP1,2023-24,2024-05-19,Villarreal,Real Madrid,D,4,4
SP1_2023-24_Girona_Granada,SP1,2023-24,2024-05-24,Girona,Granada,H,7,0
SP1_2023-24_Almeria_Cadiz,SP1,2023-24,2024-05-25,Almeria,Cadiz,H,6,1
SP1_2023-24_Osasuna_Villarreal,SP1,2023-24,2024-05-25,Osasuna,Villarreal,D,1,1
SP1_2023-24_RealMadrid_Betis,SP1,2023-24,2024-05-25,Real Madrid,Betis,D,0,0
SP1_2023-24_Sociedad_AthMadrid,SP1,2023-24,2024-05-25,Sociedad,Ath Madrid,A,0,2
SP1_2023-24_Vallecano_AthBilbao,SP1,2023-24,2024-05-25,Vallecano,Ath Bilbao,A,0,1
SP1_2023-24_Celta_Valencia,SP1,2023-24,2024-05-26,Celta,Valencia,D,2,2
SP1_2023-24_Getafe_Mallorca,SP1,2023-24,2024-05-26,Getafe,Mallorca,A,1,2
SP1_2023-24_LasPalmas_Alaves,SP1,2023-24,2024-05-26,Las Palmas,Alaves,D,1,1
SP1_2023-24_Sevilla_Barcelona,SP1,2023-24,2024-05-26,Sevilla,Barcelona,A,1,2
SP1_2024-25_AthBilbao_Getafe,SP1,2024-25,2024-08-15,Ath Bilbao,Getafe,D,1,1
SP1_2024-25_Betis_Girona,SP1,2024-25,2024-08-15,Betis,Girona,D,1,1
SP1_2024-25_Celta_Alaves,SP1,2024-25,2024-08-16,Celta,Alaves,H,2,1
SP1_2024-25_LasPalmas_Sevilla,SP1,2024-25,2024-08-16,Las Palmas,Sevilla,D,2,2
SP1_2024-25_Osasuna_Leganes,SP1,2024-25,2024-08-17,Osasuna,Leganes,D,1,1
SP1_2024-25_Valencia_Barcelona,SP1,2024-25,2024-08-17,Valencia,Barcelona,A,1,2
SP1_2024-25_Mallorca_RealMadrid,SP1,2024-25,2024-08-18,Mallorca,Real Madrid,D,1,1
SP1_2024-25_Sociedad_Vallecano,SP1,2024-25,2024-08-18,Sociedad,Vallecano,A,1,2
SP1_2024-25_Valladolid_Espanol,SP1,2024-25,2024-08-19,Valladolid,Espanol,H,1,0
SP1_2024-25_Villarreal_AthMadrid,SP1,2024-25,2024-08-19,Villarreal,Ath Madrid,D,2,2
SP1_2024-25_Celta_Valencia,SP1,2024-25,2024-08-23,Celta,Valencia,H,3,1
SP1_2024-25_Sevilla_Villarreal,SP1,2024-25,2024-08-23,Sevilla,Villarreal,A,1,2
SP1_2024-25_Barcelona_AthBilbao,SP1,2024-25,2024-08-24,Barcelona,Ath Bilbao,H,2,1
SP1_2024-25_Espanol_Sociedad,SP1,2024-25,2024-08-24,Espanol,Sociedad,A,0,1
SP1_2024-25_Getafe_Vallecano,SP1,2024-25,2024-08-24,Getafe,Vallecano,D,0,0
SP1_2024-25_Osasuna_Mallorca,SP1,2024-25,2024-08-24,Osasuna,Mallorca,H,1,0
SP1_2024-25_Alaves_Betis,SP1,2024-25,2024-08-25,Alaves,Betis,D,0,0
SP1_2024-25_AthMadrid_Girona,SP1,2024-25,2024-08-25,Ath Madrid,Girona,H,3,0
SP1_2024-25_Leganes_LasPalmas,SP1,2024-25,2024-08-25,Leganes,Las Palmas,H,2,1
SP1_2024-25_RealMadrid_Valladolid,SP1,2024-25,2024-08-25,Real Madrid,Valladolid,H,3,0
SP1_2024-25_Villarreal_Celta,SP1,2024-25,2024-08-26,Villarreal,Celta,H,4,3
SP1_2024-25_Mallorca_Sevilla,SP1,2024-25,2024-08-27,Mallorca,Sevilla,D,0,0
SP1_2024-25_Vallecano_Barcelona,SP1,2024-25,2024-08-27,Vallecano,Barcelona,A,1,2
SP1_2024-25_AthBilbao_Valencia,SP1,2024-25,2024-08-28,Ath Bilbao,Valencia,H,1,0
SP1_2024-25_AthMadrid_Espanol,SP1,2024-25,2024-08-28,Ath Madrid,Espanol,D,0,0
SP1_2024-25_Sociedad_Alaves,SP1,2024-25,2024-08-28,Sociedad,Alaves,A,1,2
SP1_2024-25_Valladolid_Leganes,SP1,2024-25,2024-08-28,Valladolid,Leganes,D,0,0
SP1_2024-25_Girona_Osasuna,SP1,2024-25,2024-08-29,Girona,Osasuna,H,4,0
SP1_2024-25_LasPalmas_RealMadrid,SP1,2024-25,2024-08-29,Las Palmas,Real Madrid,D,1,1
SP1_2024-25_AthBilbao_AthMadrid,SP1,2024-25,2024-08-31,Ath Bilbao,Ath Madrid,A,0,1
SP1_2024-25_Barcelona_Valladolid,SP1,2024-25,2024-08-31,Barcelona,Valladolid,H,7,0
SP1_2024-25_Espanol_Vallecano,SP1,2024-25,2024-08-31,Espanol,Vallecano,H,2,1
SP1_2024-25_Leganes_Mallorca,SP1,2024-25,2024-08-31,Leganes,Mallorca,A,0,1
SP1_2024-25_Valencia_Villarreal,SP1,2024-25,2024-08-31,Valencia,Villarreal,D,1,1
SP1_2024-25_Alaves_LasPalmas,SP1,2024-25,2024-09-01,Alaves,Las Palmas,H,2,0
SP1_2024-25_Getafe_Sociedad,SP1,2024-25,2024-09-01,Getafe,Sociedad,D,0,0
SP1_2024-25_Osasuna_Celta,SP1,2024-25,2024-09-01,Osasuna,Celta,H,3,2
SP1_2024-25_RealMadrid_Betis,SP1,2024-25,2024-09-01,Real Madrid,Betis,H,2,0
SP1_2024-25_Sevilla_Girona,SP1,2024-25,2024-09-01,Sevilla,Girona,A,0,2
SP1_2024-25_Betis_Leganes,SP1,2024-25,2024-09-13,Betis,Leganes,H,2,0
SP1_2024-25_Espanol_Alaves,SP1,2024-25,2024-09-14,Espanol,Alaves,H,3,2
SP1_2024-25_Mallorca_Villarreal,SP1,2024-25,2024-09-14,Mallorca,Villarreal,A,1,2
SP1_2024-25_Sevilla_Getafe,SP1,2024-25,2024-09-14,Sevilla,Getafe,H,1,0
SP1_2024-25_Sociedad_RealMadrid,SP1,2024-25,2024-09-14,Sociedad,Real Madrid,A,0,2
SP1_2024-25_AthMadrid_Valencia,SP1,2024-25,2024-09-15,Ath Madrid,Valencia,H,3,0
SP1_2024-25_Celta_Valladolid,SP1,2024-25,2024-09-15,Celta,Valladolid,H,3,1
SP1_2024-25_Girona_Barcelona,SP1,2024-25,2024-09-15,Girona,Barcelona,A,1,4
SP1_2024-25_LasPalmas_AthBilbao,SP1,2024-25,2024-09-15,Las Palmas,Ath Bilbao,A,2,3
SP1_2024-25_Vallecano_Osasuna,SP1,2024-25,2024-09-16,Vallecano,Osasuna,H,3,1
SP1_2024-25_Mallorca_Sociedad,SP1,2024-25,2024-09-17,Mallorca,Sociedad,H,1,0
SP1_2024-25_Betis_Getafe,SP1,2024-25,2024-09-18,Betis,Getafe,H,2,1
SP1_2024-25_Leganes_AthBilbao,SP1,2024-25,2024-09-19,Leganes,Ath Bilbao,A,0,2
SP1_2024-25_Alaves_Sevilla,SP1,2024-25,2024-09-20,Alaves,Sevilla,H,2,1
SP1_2024-25_Osasuna_LasPalmas,SP1,2024-25,2024-09-21,Osasuna,Las Palmas,H,2,1
SP1_2024-25_RealMadrid_Espanol,SP1,2024-25,2024-09-21,Real Madrid,Espanol,H,4,1
SP1_2024-25_Valencia_Girona,SP1,2024-25,2024-09-21,Valencia,Girona,H,2,0
SP1_2024-25_Valladolid_Sociedad,SP1,2024-25,2024-09-21,Valladolid,Sociedad,D,0,0
SP1_2024-25_AthBilbao_Celta,SP1,2024-25,2024-09-22,Ath Bilbao,Celta,H,3,1
SP1_2024-25_Getafe_Leganes,SP1,2024-25,2024-09-22,Getafe,Leganes,D,1,1
SP1_2024-25_Vallecano_AthMadrid,SP1,2024-25,2024-09-22,Vallecano,Ath Madrid,D,1,1
SP1_2024-25_Villarreal_Barcelona,SP1,2024-25,2024-09-22,Villarreal,Barcelona,A,1,5
SP1_2024-25_Betis_Mallorca,SP1,2024-25,2024-09-23,Betis,Mallorca,A,1,2
SP1_2024-25_RealMadrid_Alaves,SP1,2024-25,2024-09-24,Real Madrid,Alaves,H,3,2
SP1_2024-25_Sevilla_Valladolid,SP1,2024-25,2024-09-24,Sevilla,Valladolid,H,2,1
SP1_2024-25_Valencia_Osasuna,SP1,2024-25,2024-09-24,Valencia,Osasuna,D,0,0
SP1_2024-25_Barcelona_Getafe,SP1,2024-25,2024-09-25,Barcelona,Getafe,H,1,0
SP1_2024-25_Girona_Vallecano,SP1,2024-25,2024-09-25,Girona,Vallecano,D,0,0
SP1_2024-25_Celta_AthMadrid,SP1,2024-25,2024-09-26,Celta,Ath Madrid,A,0,1
SP1_2024-25_Espanol_Villarreal,SP1,2024-25,2024-09-26,Espanol,Villarreal,A,1,2
SP1_2024-25_LasPalmas_Betis,SP1,2024-25,2024-09-26,Las Palmas,Betis,D,1,1
SP1_2024-25_Valladolid_Mallorca,SP1,2024-25,2024-09-27,Valladolid,Mallorca,A,1,2
SP1_2024-25_Getafe_Alaves,SP1,2024-25,2024-09-28,Getafe,Alaves,H,2,0
SP1_2024-25_Osasuna_Barcelona,SP1,2024-25,2024-09-28,Osasuna,Barcelona,H,4,2
SP1_2024-25_Sociedad_Valencia,SP1,2024-25,2024-09-28,Sociedad,Valencia,H,3,0
SP1_2024-25_Vallecano_Leganes,SP1,2024-25,2024-09-28,Vallecano,Leganes,D,1,1
SP1_2024-25_AthBilbao_Sevilla,SP1,2024-25,2024-09-29,Ath Bilbao,Sevilla,D,1,1
SP1_2024-25_AthMadrid_RealMadrid,SP1,2024-25,2024-09-29,Ath Madrid,Real Madrid,D,1,1
SP1_2024-25_Betis_Espanol,SP1,2024-25,2024-09-29,Betis,Espanol,H,1,0
SP1_2024-25_Celta_Girona,SP1,2024-25,2024-09-29,Celta,Girona,D,1,1
SP1_2024-25_Villarreal_LasPalmas,SP1,2024-25,2024-09-30,Villarreal,Las Palmas,H,3,1
SP1_2024-25_Leganes_Valencia,SP1,2024-25,2024-10-04,Leganes,Valencia,D,0,0
SP1_2024-25_Espanol_Mallorca,SP1,2024-25,2024-10-05,Espanol,Mallorca,H,2,1
SP1_2024-25_Getafe_Osasuna,SP1,2024-25,2024-10-05,Getafe,Osasuna,D,1,1
SP1_2024-25_LasPalmas_Celta,SP1,2024-25,2024-10-05,Las Palmas,Celta,A,0,1
SP1_2024-25_RealMadrid_Villarreal,SP1,2024-25,2024-10-05,Real Madrid,Villarreal,H,2,0
SP1_2024-25_Valladolid_Vallecano,SP1,2024-25,2024-10-05,Valladolid,Vallecano,A,1,2
SP1_2024-25_Alaves_Barcelona,SP1,2024-25,2024-10-06,Alaves,Barcelona,A,0,3
SP1_2024-25_Girona_AthBilbao,SP1,2024-25,2024-10-06,Girona,Ath Bilbao,H,2,1
SP1_2024-25_Sevilla_Betis,SP1,2024-25,2024-10-06,Sevilla,Betis,H,1,0
SP1_2024-25_Sociedad_AthMadrid,SP1,2024-25,2024-10-06,Sociedad,Ath Madrid,D,1,1
SP1_2024-25_Alaves_Valladolid,SP1,2024-25,2024-10-18,Alaves,Valladolid,A,2,3
SP1_2024-25_AthBilbao_Espanol,SP1,2024-25,2024-10-19,Ath Bilbao,Espanol,H,4,1
SP1_2024-25_Celta_RealMadrid,SP1,2024-25,2024-10-19,Celta,Real Madrid,A,1,2
SP1_2024-25_Girona_Sociedad,SP1,2024-25,2024-10-19,Girona,Sociedad,A,0,1
SP1_2024-25_Osasuna_Betis,SP1,2024-25,2024-10-19,Osasuna,Betis,A,1,2
SP1_2024-25_AthMadrid_Leganes,SP1,2024-25,2024-10-20,Ath Madrid,Leganes,H,3,1
SP1_2024-25_Barcelona_Sevilla,SP1,2024-25,2024-10-20,Barcelona,Sevilla,H,5,1
SP1_2024-25_Mallorca_Vallecano,SP1,2024-25,2024-10-20,Mallorca,Vallecano,H,1,0
SP1_2024-25_Villarreal_Getafe,SP1,2024-25,2024-10-20,Villarreal,Getafe,D,1,1
SP1_2024-25_Valencia_LasPalmas,SP1,2024-25,2024-10-21,Valencia,Las Palmas,A,2,3
SP1_2024-25_Espanol_Sevilla,SP1,2024-25,2024-10-25,Espanol,Sevilla,A,0,2
SP1_2024-25_LasPalmas_Girona,SP1,2024-25,2024-10-26,Las Palmas,Girona,H,1,0
SP1_2024-25_RealMadrid_Barcelona,SP1,2024-25,2024-10-26,Real Madrid,Barcelona,A,0,4
SP1_2024-25_Valladolid_Villarreal,SP1,2024-25,2024-10-26,Valladolid,Villarreal,A,1,2
SP1_2024-25_Vallecano_Alaves,SP1,2024-25,2024-10-26,Vallecano,Alaves,H,1,0
SP1_2024-25_Betis_AthMadrid,SP1,2024-25,2024-10-27,Betis,Ath Madrid,H,1,0
SP1_2024-25_Getafe_Valencia,SP1,2024-25,2024-10-27,Getafe,Valencia,D,1,1
SP1_2024-25_Leganes_Celta,SP1,2024-25,2024-10-27,Leganes,Celta,H,3,0
SP1_2024-25_Sociedad_Osasuna,SP1,2024-25,2024-10-27,Sociedad,Osasuna,A,0,2
SP1_2024-25_Mallorca_AthBilbao,SP1,2024-25,2024-10-28,Mallorca,Ath Bilbao,D,0,0
SP1_2024-25_Alaves_Mallorca,SP1,2024-25,2024-11-01,Alaves,Mallorca,H,1,0
SP1_2024-25_Girona_Leganes,SP1,2024-25,2024-11-02,Girona,Leganes,H,4,3
SP1_2024-25_Osasuna_Valladolid,SP1,2024-25,2024-11-02,Osasuna,Valladolid,H,1,0
SP1_2024-25_AthBilbao_Betis,SP1,2024-25,2024-11-03,Ath Bilbao,Betis,D,1,1
SP1_2024-25_AthMadrid_LasPalmas,SP1,2024-25,2024-11-03,Ath Madrid,Las Palmas,H,2,0
SP1_2024-25_Barcelona_Espanol,SP1,2024-25,2024-11-03,Barcelona,Espanol,H,3,1
SP1_2024-25_Sevilla_Sociedad,SP1,2024-25,2024-11-03,Sevilla,Sociedad,A,0,2
SP1_2024-25_Celta_Getafe,SP1,2024-25,2024-11-04,Celta,Getafe,H,1,0
SP1_2024-25_Vallecano_LasPalmas,SP1,2024-25,2024-11-08,Vallecano,Las Palmas,A,1,3
SP1_2024-25_Leganes_Sevilla,SP1,2024-25,2024-11-09,Leganes,Sevilla,H,1,0
SP1_2024-25_RealMadrid_Osasuna,SP1,2024-25,2024-11-09,Real Madrid,Osasuna,H,4,0
SP1_2024-25_Villarreal_Alaves,SP1,2024-25,2024-11-09,Villarreal,Alaves,H,3,0
SP1_2024-25_Betis_Celta,SP1,2024-25,2024-11-10,Betis,Celta,D,2,2
SP1_2024-25_Getafe_Girona,SP1,2024-25,2024-11-10,Getafe,Girona,A,0,1
SP1_2024-25_Mallorca_AthMadrid,SP1,2024-25,2024-11-10,Mallorca,Ath Madrid,A,0,1
SP1_2024-25_Sociedad_Barcelona,SP1,2024-25,2024-11-10,Sociedad,Barcelona,H,1,0
SP1_2024-25_Valladolid_AthBilbao,SP1,2024-25,2024-11-10,Valladolid,Ath Bilbao,D,1,1
SP1_2024-25_Getafe_Valladolid,SP1,2024-25,2024-11-22,Getafe,Valladolid,H,2,0
SP1_2024-25_AthMadrid_Alaves,SP1,2024-25,2024-11-23,Ath Madrid,Alaves,H,2,1
SP1_2024-25_Celta_Barcelona,SP1,2024-25,2024-11-23,Celta,Barcelona,D,2,2
SP1_2024-25_Girona_Espanol,SP1,2024-25,2024-11-23,Girona,Espanol,H,4,1
SP1_2024-25_LasPalmas_Mallorca,SP1,2024-25,2024-11-23,Las Palmas,Mallorca,A,2,3
SP1_2024-25_Valencia_Betis,SP1,2024-25,2024-11-23,Valencia,Betis,H,4,2
SP1_2024-25_AthBilbao_Sociedad,SP1,2024-25,2024-11-24,Ath Bilbao,Sociedad,H,1,0
SP1_2024-25_Leganes_RealMadrid,SP1,2024-25,2024-11-24,Leganes,Real Madrid,A,0,3
SP1_2024-25_Osasuna_Villarreal,SP1,2024-25,2024-11-24,Osasuna,Villarreal,D,2,2
SP1_2024-25_Sevilla_Vallecano,SP1,2024-25,2024-11-24,Sevilla,Vallecano,H,1,0
SP1_2024-25_Mallorca_Valencia,SP1,2024-25,2024-11-29,Mallorca,Valencia,H,2,1
SP1_2024-25_Alaves_Leganes,SP1,2024-25,2024-11-30,Alaves,Leganes,D,1,1
SP1_2024-25_Barcelona_LasPalmas,SP1,2024-25,2024-11-30,Barcelona,Las Palmas,A,1,2
SP1_2024-25_Espanol_Celta,SP1,2024-25,2024-11-30,Espanol,Celta,H,3,1
SP1_2024-25_Valladolid_AthMadrid,SP1,2024-25,2024-11-30,Valladolid,Ath Madrid,A,0,5
SP1_2024-25_RealMadrid_Getafe,SP1,2024-25,2024-12-01,Real Madrid,Getafe,H,2,0
SP1_2024-25_Sociedad_Betis,SP1,2024-25,2024-12-01,Sociedad,Betis,H,2,0
SP1_2024-25_Vallecano_AthBilbao,SP1,2024-25,2024-12-01,Vallecano,Ath Bilbao,A,1,2
SP1_2024-25_Villarreal_Girona,SP1,2024-25,2024-12-01,Villarreal,Girona,D,2,2
SP1_2024-25_Sevilla_Osasuna,SP1,2024-25,2024-12-02,Sevilla,Osasuna,D,1,1
SP1_2024-25_Mallorca_Barcelona,SP1,2024-25,2024-12-03,Mallorca,Barcelona,A,1,5
SP1_2024-25_AthBilbao_RealMadrid,SP1,2024-25,2024-12-04,Ath Bilbao,Real Madrid,H,2,1
SP1_2024-25_Celta_Mallorca,SP1,2024-25,2024-12-06,Celta,Mallorca,H,2,0
SP1_2024-25_Betis_Barcelona,SP1,2024-25,2024-12-07,Betis,Barcelona,D,2,2
SP1_2024-25_Girona_RealMadrid,SP1,2024-25,2024-12-07,Girona,Real Madrid,A,0,3
SP1_2024-25_LasPalmas_Valladolid,SP1,2024-25,2024-12-07,Las Palmas,Valladolid,H,2,1
SP1_2024-25_Valencia_Vallecano,SP1,2024-25,2024-12-07,Valencia,Vallecano,A,0,1
SP1_2024-25_AthBilbao_Villarreal,SP1,2024-25,2024-12-08,Ath Bilbao,Villarreal,H,2,0
SP1_2024-25_AthMadrid_Sevilla,SP1,2024-25,2024-12-08,Ath Madrid,Sevilla,H,4,3
SP1_2024-25_Leganes_Sociedad,SP1,2024-25,2024-12-08,Leganes,Sociedad,A,0,3
SP1_2024-25_Osasuna_Alaves,SP1,2024-25,2024-12-08,Osasuna,Alaves,D,2,2
SP1_2024-25_Getafe_Espanol,SP1,2024-25,2024-12-09,Getafe,Espanol,H,1,0
SP1_2024-25_Valladolid_Valencia,SP1,2024-25,2024-12-13,Valladolid,Valencia,H,1,0
SP1_2024-25_Espanol_Osasuna,SP1,2024-25,2024-12-14,Espanol,Osasuna,D,0,0
SP1_2024-25_Mallorca_Girona,SP1,2024-25,2024-12-14,Mallorca,Girona,H,2,1
SP1_2024-25_Sevilla_Celta,SP1,2024-25,2024-12-14,Sevilla,Celta,H,1,0
SP1_2024-25_Vallecano_RealMadrid,SP1,2024-25,2024-12-14,Vallecano,Real Madrid,D,3,3
SP1_2024-25_Alaves_AthBilbao,SP1,2024-25,2024-12-15,Alaves,Ath Bilbao,D,1,1
SP1_2024-25_AthMadrid_Getafe,SP1,2024-25,2024-12-15,Ath Madrid,Getafe,H,1,0
SP1_2024-25_Barcelona_Leganes,SP1,2024-25,2024-12-15,Barcelona,Leganes,A,0,1
SP1_2024-25_Sociedad_LasPalmas,SP1,2024-25,2024-12-15,Sociedad,Las Palmas,D,0,0
SP1_2024-25_Villarreal_Betis,SP1,2024-25,2024-12-15,Villarreal,Betis,A,1,2
SP1_2024-25_Espanol_Valencia,SP1,2024-25,2024-12-18,Espanol,Valencia,D,1,1
SP1_2024-25_Villarreal_Vallecano,SP1,2024-25,2024-12-18,Villarreal,Vallecano,D,1,1
SP1_2024-25_Girona_Valladolid,SP1,2024-25,2024-12-20,Girona,Valladolid,H,3,0
SP1_2024-25_Barcelona_AthMadrid,SP1,2024-25,2024-12-21,Barcelona,Ath Madrid,A,1,2
SP1_2024-25_Celta_Sociedad,SP1,2024-25,2024-12-21,Celta,Sociedad,H,2,0
SP1_2024-25_Getafe_Mallorca,SP1,2024-25,2024-12-21,Getafe,Mallorca,A,0,1
SP1_2024-25_Osasuna_AthBilbao,SP1,2024-25,2024-12-21,Osasuna,Ath Bilbao,A,1,2
SP1_2024-25_Betis_Vallecano,SP1,2024-25,2024-12-22,Betis,Vallecano,D,1,1
SP1_2024-25_LasPalmas_Espanol,SP1,2024-25,2024-12-22,Las Palmas,Espanol,H,1,0
SP1_2024-25_Leganes_Villarreal,SP1,2024-25,2024-12-22,Leganes,Villarreal,A,2,5
SP1_2024-25_RealMadrid_Sevilla,SP1,2024-25,2024-12-22,Real Madrid,Sevilla,H,4,2
SP1_2024-25_Valencia_Alaves,SP1,2024-25,2024-12-22,Valencia,Alaves,D,2,2
SP1_2024-25_Valencia_RealMadrid,SP1,2024-25,2025-01-03,Valencia,Real Madrid,A,1,2
SP1_2024-25_Vallecano_Celta,SP1,2024-25,2025-01-10,Vallecano,Celta,H,2,1
SP1_2024-25_Alaves_Girona,SP1,2024-25,2025-01-11,Alaves,Girona,A,0,1
SP1_2024-25_Espanol_Leganes,SP1,2024-25,2025-01-11,Espanol,Leganes,D,1,1
SP1_2024-25_Sevilla_Valencia,SP1,2024-25,2025-01-11,Sevilla,Valencia,D,1,1
SP1_2024-25_Valladolid_Betis,SP1,2024-25,2025-01-11,Valladolid,Betis,H,1,0
SP1_2024-25_AthMadrid_Osasuna,SP1,2024-25,2025-01-12,Ath Madrid,Osasuna,H,1,0
SP1_2024-25_LasPalmas_Getafe,SP1,2024-25,2025-01-12,Las Palmas,Getafe,A,1,2
SP1_2024-25_Sociedad_Villarreal,SP1,2024-25,2025-01-13,Sociedad,Villarreal,H,1,0
SP1_2024-25_Espanol_Valladolid,SP1,2024-25,2025-01-17,Espanol,Valladolid,H,2,1
SP1_2024-25_Betis_Alaves,SP1,2024-25,2025-01-18,Betis,Alaves,A,1,3
SP1_2024-25_Getafe_Barcelona,SP1,2024-25,2025-01-18,Getafe,Barcelona,D,1,1
SP1_2024-25_Girona_Sevilla,SP1,2024-25,2025-01-18,Girona,Sevilla,A,1,2
SP1_2024-25_Leganes_AthMadrid,SP1,2024-25,2025-01-18,Leganes,Ath Madrid,H,1,0
SP1_2024-25_Celta_AthBilbao,SP1,2024-25,2025-01-19,Celta,Ath Bilbao,A,1,2
SP1_2024-25_Osasuna_Vallecano,SP1,2024-25,2025-01-19,Osasuna,Vallecano,D,1,1
SP1_2024-25_RealMadrid_LasPalmas,SP1,2024-25,2025-01-19,Real Madrid,Las Palmas,H,4,1
SP1_2024-25_Valencia_Sociedad,SP1,2024-25,2025-01-19,Valencia,Sociedad,H,1,0
SP1_2024-25_Villarreal_Mallorca,SP1,2024-25,2025-01-20,Villarreal,Mallorca,H,4,0
SP1_2024-25_LasPalmas_Osasuna,SP1,2024-25,2025-01-24,Las Palmas,Osasuna,D,1,1
SP1_2024-25_AthMadrid_Villarreal,SP1,2024-25,2025-01-25,Ath Madrid,Villarreal,D,1,1
SP1_2024-25_Mallorca_Betis,SP1,2024-25,2025-01-25,Mallorca,Betis,A,0,1
SP1_2024-25_Sevilla_Espanol,SP1,2024-25,2025-01-25,Sevilla,Espanol,D,1,1
SP1_2024-25_Valladolid_RealMadrid,SP1,2024-25,2025-01-25,Valladolid,Real Madrid,A,0,3
SP1_2024-25_AthBilbao_Leganes,SP1,2024-25,2025-01-26,Ath Bilbao,Leganes,D,0,0
SP1_2024-25_Barcelona_Valencia,SP1,2024-25,2025-01-26,Barcelona,Valencia,H,7,1
SP1_2024-25_Sociedad_Getafe,SP1,2024-25,2025-01-26,Sociedad,Getafe,A,0,3
SP1_2024-25_Vallecano_Girona,SP1,2024-25,2025-01-26,Vallecano,Girona,H,2,1
SP1_2024-25_Alaves_Celta,SP1,2024-25,2025-01-27,Alaves,Celta,D,1,1
SP1_2024-25_Leganes_Vallecano,SP1,2024-25,2025-01-31,Leganes,Vallecano,A,0,1
SP1_2024-25_AthMadrid_Mallorca,SP1,2024-25,2025-02-01,Ath Madrid,Mallorca,H,2,0
SP1_2024-25_Espanol_RealMadrid,SP1,2024-25,2025-02-01,Espanol,Real Madrid,H,1,0
SP1_2024-25_Getafe_Sevilla,SP1,2024-25,2025-02-01,Getafe,Sevilla,D,0,0
SP1_2024-25_Villarreal_Valladolid,SP1,2024-25,2025-02-01,Villarreal,Valladolid,H,5,1
SP1_2024-25_Barcelona_Alaves,SP1,2024-25,2025-02-02,Barcelona,Alaves,H,1,0
SP1_2024-25_Betis_AthBilbao,SP1,2024-25,2025-02-02,Betis,Ath Bilbao,D,2,2
SP1_2024-25_Osasuna_Sociedad,SP1,2024-25,2025-02-02,Osasuna,Sociedad,H,2,1
SP1_2024-25_Valencia_Celta,SP1,2024-25,2025-02-02,Valencia,Celta,H,2,1
SP1_2024-25_Girona_LasPalmas,SP1,2024-25,2025-02-03,Girona,Las Palmas,H,2,1
SP1_2024-25_Vallecano_Valladolid,SP1,2024-25,2025-02-07,Vallecano,Valladolid,H,1,0
SP1_2024-25_AthBilbao_Girona,SP1,2024-25,2025-02-08,Ath Bilbao,Girona,H,3,0
SP1_2024-25_Celta_Betis,SP1,2024-25,2025-02-08,Celta,Betis,H,3,2
SP1_2024-25_LasPalmas_Villarreal,SP1,2024-25,2025-02-08,Las Palmas,Villarreal,A,1,2
SP1_2024-25_RealMadrid_AthMadrid,SP1,2024-25,2025-02-08,Real Madrid,Ath Madrid,D,1,1
SP1_2024-25_Alaves_Getafe,SP1,2024-25,2025-02-09,Alaves,Getafe,A,0,1
SP1_2024-25_Sevilla_Barcelona,SP1,2024-25,2025-02-09,Sevilla,Barcelona,A,1,4
SP1_2024-25_Sociedad_Espanol,SP1,2024-25,2025-02-09,Sociedad,Espanol,H,2,1
SP1_2024-25_Valencia_Leganes,SP1,2024-25,2025-02-09,Valencia,Leganes,H,2,0
SP1_2024-25_Mallorca_Osasuna,SP1,2024-25,2025-02-10,Mallorca,Osasuna,D,1,1
SP1_2024-25_Girona_Getafe,SP1,2024-25,2025-02-14,Girona,Getafe,A,1,2
SP1_2024-25_AthMadrid_Celta,SP1,2024-25,2025-02-15,Ath Madrid,Celta,D,1,1
SP1_2024-25_Leganes_Alaves,SP1,2024-25,2025-02-15,Leganes,Alaves,D,3,3
SP1_2024-25_Osasuna_RealMadrid,SP1,2024-25,2025-02-15,Osasuna,Real Madrid,D,1,1
SP1_2024-25_Villarreal_Valencia,SP1,2024-25,2025-02-15,Villarreal,Valencia,D,1,1
SP1_2024-25_Betis_Sociedad,SP1,2024-25,2025-02-16,Betis,Sociedad,H,3,0
SP1_2024-25_Espanol_AthBilbao,SP1,2024-25,2025-02-16,Espanol,Ath Bilbao,D,1,1
SP1_2024-25_Mallorca_LasPalmas,SP1,2024-25,2025-02-16,Mallorca,Las Palmas,H,3,1
SP1_2024-25_Valladolid_Sevilla,SP1,2024-25,2025-02-16,Valladolid,Sevilla,A,0,4
SP1_2024-25_Barcelona_Vallecano,SP1,2024-25,2025-02-17,Barcelona,Vallecano,H,1,0
SP1_2024-25_Celta_Osasuna,SP1,2024-25,2025-02-21,Celta,Osasuna,H,1,0
SP1_2024-25_Alaves_Espanol,SP1,2024-25,2025-02-22,Alaves,Espanol,A,0,1
SP1_2024-25_LasPalmas_Barcelona,SP1,2024-25,2025-02-22,Las Palmas,Barcelona,A,0,2
SP1_2024-25_Valencia_AthMadrid,SP1,2024-25,2025-02-22,Valencia,Ath Madrid,A,0,3
SP1_2024-25_Vallecano_Villarreal,SP1,2024-25,2025-02-22,Vallecano,Villarreal,A,0,1
SP1_2024-25_AthBilbao_Valladolid,SP1,2024-25,2025-02-23,Ath Bilbao,Valladolid,H,7,1
SP1_2024-25_Getafe_Betis,SP1,2024-25,2025-02-23,Getafe,Betis,A,1,2
SP1_2024-25_RealMadrid_Girona,SP1,2024-25,2025-02-23,Real Madrid,Girona,H,2,0
SP1_2024-25_Sociedad_Leganes,SP1,2024-25,2025-02-23,Sociedad,Leganes,H,3,0
SP1_2024-25_Sevilla_Mallorca,SP1,2024-25,2025-02-24,Sevilla,Mallorca,D,1,1
SP1_2024-25_Valladolid_LasPalmas,SP1,2024-25,2025-02-28,Valladolid,Las Palmas,D,1,1
SP1_2024-25_AthMadrid_AthBilbao,SP1,2024-25,2025-03-01,Ath Madrid,Ath Bilbao,H,1,0
SP1_2024-25_Betis_RealMadrid,SP1,2024-25,2025-03-01,Betis,Real Madrid,H,2,1
SP1_2024-25_Girona_Celta,SP1,2024-25,2025-03-01,Girona,Celta,D,2,2
SP1_2024-25_Vallecano_Sevilla,SP1,2024-25,2025-03-01,Vallecano,Sevilla,D,1,1
SP1_2024-25_Barcelona_Sociedad,SP1,2024-25,2025-03-02,Barcelona,Sociedad,H,4,0
SP1_2024-25_Leganes_Getafe,SP1,2024-25,2025-03-02,Leganes,Getafe,H,1,0
SP1_2024-25_Mallorca_Alaves,SP1,2024-25,2025-03-02,Mallorca,Alaves,D,1,1
SP1_2024-25_Osasuna_Valencia,SP1,2024-25,2025-03-02,Osasuna,Valencia,D,3,3
SP1_2024-25_Alaves_Villarreal,SP1,2024-25,2025-03-08,Alaves,Villarreal,H,1,0
SP1_2024-25_Celta_Leganes,SP1,2024-25,2025-03-08,Celta,Leganes,H,2,1
SP1_2024-25_Valencia_Valladolid,SP1,2024-25,2025-03-08,Valencia,Valladolid,H,2,1
SP1_2024-25_AthBilbao_Mallorca,SP1,2024-25,2025-03-09,Ath Bilbao,Mallorca,D,1,1
SP1_2024-25_Betis_LasPalmas,SP1,2024-25,2025-03-09,Betis,Las Palmas,H,1,0
SP1_2024-25_Getafe_AthMadrid,SP1,2024-25,2025-03-09,Getafe,Ath Madrid,H,2,1
SP1_2024-25_RealMadrid_Vallecano,SP1,2024-25,2025-03-09,Real Madrid,Vallecano,H,2,1
SP1_2024-25_Sociedad_Sevilla,SP1,2024-25,2025-03-09,Sociedad,Sevilla,A,0,1
SP1_2024-25_Espanol_Girona,SP1,2024-25,2025-03-10,Espanol,Girona,D,1,1
SP1_2024-25_LasPalmas_Alaves,SP1,2024-25,2025-03-14,Las Palmas,Alaves,D,2,2
SP1_2024-25_Girona_Valencia,SP1,2024-25,2025-03-15,Girona,Valencia,D,1,1
SP1_2024-25_Mallorca_Espanol,SP1,2024-25,2025-03-15,Mallorca,Espanol,H,2,1
SP1_2024-25_Valladolid_Celta,SP1,2024-25,2025-03-15,Valladolid,Celta,A,0,1
SP1_2024-25_Villarreal_RealMadrid,SP1,2024-25,2025-03-15,Villarreal,Real Madrid,A,1,2
SP1_2024-25_AthMadrid_Barcelona,SP1,2024-25,2025-03-16,Ath Madrid,Barcelona,A,2,4
SP1_2024-25_Leganes_Betis,SP1,2024-25,2025-03-16,Leganes,Betis,A,2,3
SP1_2024-25_Osasuna_Getafe,SP1,2024-25,2025-03-16,Osasuna,Getafe,A,1,2
SP1_2024-25_Sevilla_AthBilbao,SP1,2024-25,2025-03-16,Sevilla,Ath Bilbao,A,0,1
SP1_2024-25_Vallecano_Sociedad,SP1,2024-25,2025-03-16,Vallecano,Sociedad,D,2,2
SP1_2024-25_Barcelona_Osasuna,SP1,2024-25,2025-03-27,Barcelona,Osasuna,H,3,0
SP1_2024-25_Alaves_Vallecano,SP1,2024-25,2025-03-29,Alaves,Vallecano,A,0,2
SP1_2024-25_Espanol_AthMadrid,SP1,2024-25,2025-03-29,Espanol,Ath Madrid,D,1,1
SP1_2024-25_RealMadrid_Leganes,SP1,2024-25,2025-03-29,Real Madrid,Leganes,H,3,2
SP1_2024-25_Sociedad_Valladolid,SP1,2024-25,2025-03-29,Sociedad,Valladolid,H,2,1
SP1_2024-25_AthBilbao_Osasuna,SP1,2024-25,2025-03-30,Ath Bilbao,Osasuna,D,0,0
SP1_2024-25_Barcelona_Girona,SP1,2024-25,2025-03-30,Barcelona,Girona,H,4,1
SP1_2024-25_Betis_Sevilla,SP1,2024-25,2025-03-30,Betis,Sevilla,H,2,1
SP1_2024-25_Getafe_Villarreal,SP1,2024-25,2025-03-30,Getafe,Villarreal,A,1,2
SP1_2024-25_Valencia_Mallorca,SP1,2024-25,2025-03-30,Valencia,Mallorca,H,1,0
SP1_2024-25_Celta_LasPalmas,SP1,2024-25,2025-03-31,Celta,Las Palmas,D,1,1
SP1_2024-25_Vallecano_Espanol,SP1,2024-25,2025-04-04,Vallecano,Espanol,A,0,4
SP1_2024-25_Barcelona_Betis,SP1,2024-25,2025-04-05,Barcelona,Betis,D,1,1
SP1_2024-25_Girona_Alaves,SP1,2024-25,2025-04-05,Girona,Alaves,A,0,1
SP1_2024-25_Mallorca_Celta,SP1,2024-25,2025-04-05,Mallorca,Celta,A,1,2
SP1_2024-25_RealMadrid_Valencia,SP1,2024-25,2025-04-05,Real Madrid,Valencia,A,1,2
SP1_2024-25_LasPalmas_Sociedad,SP1,2024-25,2025-04-06,Las Palmas,Sociedad,A,1,3
SP1_2024-25_Sevilla_AthMadrid,SP1,2024-25,2025-04-06,Sevilla,Ath Madrid,A,1,2
SP1_2024-25_Valladolid_Getafe,SP1,2024-25,2025-04-06,Valladolid,Getafe,A,0,4
SP1_2024-25_Villarreal_AthBilbao,SP1,2024-25,2025-04-06,Villarreal,Ath Bilbao,D,0,0
SP1_2024-25_Leganes_Osasuna,SP1,2024-25,2025-04-07,Leganes,Osasuna,D,1,1
SP1_2024-25_Valencia_Sevilla,SP1,2024-25,2025-04-11,Valencia,Sevilla,H,1,0
SP1_2024-25_Celta_Espanol,SP1,2024-25,2025-04-12,Celta,Espanol,A,0,2
SP1_2024-25_Getafe_LasPalmas,SP1,2024-25,2025-04-12,Getafe,Las Palmas,A,1,3
SP1_2024-25_Leganes_Barcelona,SP1,2024-25,2025-04-12,Leganes,Barcelona,A,0,1
SP1_2024-25_Sociedad_Mallorca,SP1,2024-25,2025-04-12,Sociedad,Mallorca,A,0,2
SP1_2024-25_Alaves_RealMadrid,SP1,2024-25,2025-04-13,Alaves,Real Madrid,A,0,1
SP1_2024-25_AthBilbao_Vallecano,SP1,2024-25,2025-04-13,Ath Bilbao,Vallecano,H,3,1
SP1_2024-25_Betis_Villarreal,SP1,2024-25,2025-04-13,Betis,Villarreal,A,1,2
SP1_2024-25_Osasuna_Girona,SP1,2024-25,2025-04-13,Osasuna,Girona,H,2,1
SP1_2024-25_AthMadrid_Valladolid,SP1,2024-25,2025-04-14,Ath Madrid,Valladolid,H,4,2
SP1_2024-25_Espanol_Getafe,SP1,2024-25,2025-04-18,Espanol,Getafe,H,1,0
SP1_2024-25_Barcelona_Celta,SP1,2024-25,2025-04-19,Barcelona,Celta,H,4,3
SP1_2024-25_LasPalmas_AthMadrid,SP1,2024-25,2025-04-19,Las Palmas,Ath Madrid,H,1,0
SP1_2024-25_Mallorca_Leganes,SP1,2024-25,2025-04-19,Mallorca,Leganes,D,0,0
SP1_2024-25_Vallecano_Valencia,SP1,2024-25,2025-04-19,Vallecano,Valencia,D,1,1
SP1_2024-25_RealMadrid_AthBilbao,SP1,2024-25,2025-04-20,Real Madrid,Ath Bilbao,H,1,0
SP1_2024-25_Sevilla_Alaves,SP1,2024-25,2025-04-20,Sevilla,Alaves,D,1,1
SP1_2024-25_Valladolid_Osasuna,SP1,2024-25,2025-04-20,Valladolid,Osasuna,A,2,3
SP1_2024-25_Villarreal_Sociedad,SP1,2024-25,2025-04-20,Villarreal,Sociedad,D,2,2
SP1_2024-25_Girona_Betis,SP1,2024-25,2025-04-21,Girona,Betis,A,1,3
SP1_2024-25_Barcelona_Mallorca,SP1,2024-25,2025-04-22,Barcelona,Mallorca,H,1,0
SP1_2024-25_Valencia_Espanol,SP1,2024-25,2025-04-22,Valencia,Espanol,D,1,1
SP1_2024-25_Alaves_Sociedad,SP1,2024-25,2025-04-23,Alaves,Sociedad,H,1,0
SP1_2024-25_AthBilbao_LasPalmas,SP1,2024-25,2025-04-23,Ath Bilbao,Las Palmas,H,1,0
SP1_2024-25_Celta_Villarreal,SP1,2024-25,2025-04-23,Celta,Villarreal,H,3,0
SP1_2024-25_Getafe_RealMadrid,SP1,2024-25,2025-04-23,Getafe,Real Madrid,A,0,1
SP1_2024-25_AthMadrid_Vallecano,SP1,2024-25,2025-04-24,Ath Madrid,Vallecano,H,3,0
SP1_2024-25_Betis_Valladolid,SP1,2024-25,2025-04-24,Betis,Valladolid,H,5,1
SP1_2024-25_Leganes_Girona,SP1,2024-25,2025-04-24,Leganes,Girona,D,1,1
SP1_2024-25_Osasuna_Sevilla,SP1,2024-25,2025-04-24,Osasuna,Sevilla,H,1,0
SP1_2024-25_Villarreal_Espanol,SP1,2024-25,2025-04-27,Villarreal,Espanol,H,1,0
SP1_2024-25_Vallecano_Getafe,SP1,2024-25,2025-05-02,Vallecano,Getafe,H,1,0
SP1_2024-25_Alaves_AthMadrid,SP1,2024-25,2025-05-03,Alaves,Ath Madrid,D,0,0
SP1_2024-25_LasPalmas_Valencia,SP1,2024-25,2025-05-03,Las Palmas,Valencia,A,2,3
SP1_2024-25_Valladolid_Barcelona,SP1,2024-25,2025-05-03,Valladolid,Barcelona,A,1,2
SP1_2024-25_Villarreal_Osasuna,SP1,2024-25,2025-05-03,Villarreal,Osasuna,H,4,2
SP1_2024-25_Espanol_Betis,SP1,2024-25,2025-05-04,Espanol,Betis,A,1,2
SP1_2024-25_RealMadrid_Celta,SP1,2024-25,2025-05-04,Real Madrid,Celta,H,3,2
SP1_2024-25_Sevilla_Leganes,SP1,2024-25,2025-05-04,Sevilla,Leganes,D,2,2
SP1_2024-25_Sociedad_AthBilbao,SP1,2024-25,2025-05-04,Sociedad,Ath Bilbao,D,0,0
SP1_2024-25_Girona_Mallorca,SP1,2024-25,2025-05-05,Girona,Mallorca,H,1,0
SP1_2024-25_LasPalmas_Vallecano,SP1,2024-25,2025-05-09,Las Palmas,Vallecano,A,0,1
SP1_2024-25_AthMadrid_Sociedad,SP1,2024-25,2025-05-10,Ath Madrid,Sociedad,H,4,0
SP1_2024-25_Celta_Sevilla,SP1,2024-25,2025-05-10,Celta,Sevilla,H,3,2
SP1_2024-25_Girona_Villarreal,SP1,2024-25,2025-05-10,Girona,Villarreal,A,0,1
SP1_2024-25_Mallorca_Valladolid,SP1,2024-25,2025-05-10,Mallorca,Valladolid,H,2,1
SP1_2024-25_Valencia_Getafe,SP1,2024-25,2025-05-10,Valencia,Getafe,H,3,0
SP1_2024-25_AthBilbao_Alaves,SP1,2024-25,2025-05-11,Ath Bilbao,Alaves,H,1,0
SP1_2024-25_Barcelona_RealMadrid,SP1,2024-25,2025-05-11,Barcelona,Real Madrid,H,4,3
SP1_2024-25_Betis_Osasuna,SP1,2024-25,2025-05-11,Betis,Osasuna,D,1,1
SP1_2024-25_Leganes_Espanol,SP1,2024-25,2025-05-11,Leganes,Espanol,H,3,2
SP1_2024-25_Sevilla_LasPalmas,SP1,2024-25,2025-05-13,Sevilla,Las Palmas,H,1,0
SP1_2024-25_Sociedad_Celta,SP1,2024-25,2025-05-13,Sociedad,Celta,A,0,1
SP1_2024-25_Valladolid_Girona,SP1,2024-25,2025-05-13,Valladolid,Girona,A,0,1
SP1_2024-25_Alaves_Valencia,SP1,2024-25,2025-05-14,Alaves,Valencia,H,1,0
SP1_2024-25_RealMadrid_Mallorca,SP1,2024-25,2025-05-14,Real Madrid,Mallorca,H,2,1
SP1_2024-25_Villarreal_Leganes,SP1,2024-25,2025-05-14,Villarreal,Leganes,H,3,0
SP1_2024-25_Espanol_Barcelona,SP1,2024-25,2025-05-15,Espanol,Barcelona,A,0,2
SP1_2024-25_Getafe_AthBilbao,SP1,2024-25,2025-05-15,Getafe,Ath Bilbao,A,0,2
SP1_2024-25_Osasuna_AthMadrid,SP1,2024-25,2025-05-15,Osasuna,Ath Madrid,H,2,0
SP1_2024-25_Vallecano_Betis,SP1,2024-25,2025-05-15,Vallecano,Betis,D,2,2
SP1_2024-25_AthMadrid_Betis,SP1,2024-25,2025-05-18,Ath Madrid,Betis,H,4,1
SP1_2024-25_Barcelona_Villarreal,SP1,2024-25,2025-05-18,Barcelona,Villarreal,A,2,3
SP1_2024-25_Celta_Vallecano,SP1,2024-25,2025-05-18,Celta,Vallecano,A,1,2
SP1_2024-25_LasPalmas_Leganes,SP1,2024-25,2025-05-18,Las Palmas,Leganes,A,0,1
SP1_2024-25_Mallorca_Getafe,SP1,2024-25,2025-05-18,Mallorca,Getafe,A,1,2
SP1_2024-25_Osasuna_Espanol,SP1,2024-25,2025-05-18,Osasuna,Espanol,H,2,0
SP1_2024-25_Sevilla_RealMadrid,SP1,2024-25,2025-05-18,Sevilla,Real Madrid,A,0,2
SP1_2024-25_Sociedad_Girona,SP1,2024-25,2025-05-18,Sociedad,Girona,H,3,2
SP1_2024-25_Valencia_AthBilbao,SP1,2024-25,2025-05-18,Valencia,Ath Bilbao,A,0,1
SP1_2024-25_Valladolid_Alaves,SP1,2024-25,2025-05-18,Valladolid,Alaves,A,0,1
SP1_2024-25_Betis_Valencia,SP1,2024-25,2025-05-23,Betis,Valencia,D,1,1
SP1_2024-25_Alaves_Osasuna,SP1,2024-25,2025-05-24,Alaves,Osasuna,D,1,1
SP1_2024-25_Espanol_LasPalmas,SP1,2024-25,2025-05-24,Espanol,Las Palmas,H,2,0
SP1_2024-25_Getafe_Celta,SP1,2024-25,2025-05-24,Getafe,Celta,A,1,2
SP1_2024-25_Leganes_Valladolid,SP1,2024-25,2025-05-24,Leganes,Valladolid,H,3,0
SP1_2024-25_RealMadrid_Sociedad,SP1,2024-25,2025-05-24,Real Madrid,Sociedad,H,2,0
SP1_2024-25_Vallecano_Mallorca,SP1,2024-25,2025-05-24,Vallecano,Mallorca,D,0,0
SP1_2024-25_AthBilbao_Barcelona,SP1,2024-25,2025-05-25,Ath Bilbao,Barcelona,A,0,3
SP1_2024-25_Girona_AthMadrid,SP1,2024-25,2025-05-25,Girona,Ath Madrid,A,0,4
SP1_2024-25_Villarreal_Sevilla,SP1,2024-25,2025-05-25,Villarreal,Sevilla,H,4,2
